version,section,filename,function,offset,length,language
us,game,game_2D4B0,func_15000000,352321536,144,c
us,game,game_2D4B0,func_15000090,352321680,32,c
us,game,game_2D4B0,func_150000B0.NON_MATCHING,352321712,0,c
us,game,game_2D4B0,func_150000B0,352321712,1584,asm
us,game,game_2D4B0,func_150006E0,352323296,0,asm
us,game,game_2D4B0,func_150006E0.NON_MATCHING,352323296,608,c
us,game,game_2DDF0,func_15000940.NON_MATCHING,352323904,0,c
us,game,game_2DDF0,func_15000940,352323904,384,asm
us,game,game_2DF70,func_15000AC0,352324288,16,c
us,game,game_2DF70,func_15000AD0,352324304,0,asm
us,game,game_2DF70,func_15000AD0.NON_MATCHING,352324304,552,c
us,game,game_2DF70,.L15000CF8,352324856,48,c
us,game,game_2DF70,.L15000D28,352324904,36,c
us,game,game_2DF70,.L15000D4C,352324940,36,c
us,game,game_2DF70,.L15000D70,352324976,296,c
us,game,game_2DF70,.L15000E98,352325272,60,c
us,game,game_2DF70,.L15000ED4,352325332,60,c
us,game,game_2DF70,.L15000F10,352325392,60,c
us,game,game_2DF70,.L15000F4C,352325452,1300,c
us,game,game_2DF70,func_15001460,352326752,0,asm
us,game,game_2DF70,func_15001460.NON_MATCHING,352326752,1296,c
us,game,game_2DF70,func_15001970,352328048,152,c
us,game,game_2DF70,func_15001A08.NON_MATCHING,352328200,0,c
us,game,game_2DF70,func_15001A08,352328200,264,asm
us,game,game_2DF70,func_15001B10,352328464,76,c
us,game,game_2DF70,func_15001B5C,352328540,48,c
us,game,game_2DF70,func_15001B8C,352328588,60,c
us,game,game_2DF70,func_15001BC8,352328648,292,c
us,game,game_2DF70,func_15001CEC,352328940,244,c
us,game,game_2DF70,func_15001DE0,352329184,552,c
us,game,game_2DF70,func_15002008.NON_MATCHING,352329736,0,c
us,game,game_2DF70,func_15002008,352329736,576,asm
us,game,game_2DF70,func_15002248.NON_MATCHING,352330312,0,c
us,game,game_2DF70,func_15002248,352330312,792,asm
us,game,game_2DF70,func_15002560,352331104,0,asm
us,game,game_2DF70,func_15002560.NON_MATCHING,352331104,156,c
us,game,game_2DF70,func_150025FC,352331260,200,c
us,game,game_2DF70,func_150026C4,352331460,36,c
us,game,game_2DF70,func_150026E8,352331496,60,c
us,game,game_2DF70,func_15002724,352331556,48,c
us,game,game_2DF70,func_15002754.NON_MATCHING,352331604,0,c
us,game,game_2DF70,func_15002754,352331604,164,asm
us,game,game_2DF70,func_150027F8.NON_MATCHING,352331768,0,c
us,game,game_2DF70,func_150027F8,352331768,128,asm
us,game,game_2DF70,func_15002878,352331896,68,c
us,game,game_2DF70,func_150028BC.NON_MATCHING,352331964,0,c
us,game,game_2DF70,func_150028BC,352331964,1668,asm
us,game,game_2DF70,func_15002F40,352333632,96,c
us,game,game_2DF70,func_15002FA0,352333728,20,c
us,game,game_2DF70,func_15002FB4,352333748,344,c
us,game,game_2DF70,func_1500310C,352334092,20,c
us,game,game_305D0,func_15003120,352334112,0,asm
us,game,game_305D0,func_15003120.NON_MATCHING,352334112,204,c
us,game,game_305D0,func_150031EC.NON_MATCHING,352334316,0,c
us,game,game_305D0,func_150031EC,352334316,712,asm
us,game,game_305D0,func_150034B4,352335028,188,c
us,game,game_305D0,func_15003570,352335216,0,asm
us,game,game_305D0,func_15003570.NON_MATCHING,352335216,248,c
us,game,game_305D0,func_15003668.NON_MATCHING,352335464,0,c
us,game,game_305D0,func_15003668,352335464,568,asm
us,game,game_305D0,func_150038A0,352336032,108,c
us,game,game_305D0,func_1500390C,352336140,164,c
us,game,game_305D0,func_150039B0,352336304,12,c
us,game,game_305D0,func_150039BC,352336316,36,c
us,game,game_30E90,func_150039E0.NON_MATCHING,352336352,0,c
us,game,game_30E90,func_150039E0,352336352,2964,asm
us,game,game_30E90,func_15004574,352339316,72,c
us,game,game_30E90,func_150045BC,352339388,8,c
us,game,game_30E90,func_150045C4,352339396,0,asm
us,game,game_30E90,func_150045C4.NON_MATCHING,352339396,992,c
us,game,game_30E90,func_150049A4.NON_MATCHING,352340388,0,c
us,game,game_30E90,func_150049A4,352340388,168,asm
us,game,game_30E90,func_15004A4C.NON_MATCHING,352340556,0,c
us,game,game_30E90,func_15004A4C,352340556,96,asm
us,game,game_30E90,func_15004AAC.NON_MATCHING,352340652,0,c
us,game,game_30E90,func_15004AAC,352340652,324,asm
us,game,game_30E90,func_15004BF0.NON_MATCHING,352340976,0,c
us,game,game_30E90,func_15004BF0,352340976,240,asm
us,game,game_30E90,func_15004CE0.NON_MATCHING,352341216,0,c
us,game,game_30E90,func_15004CE0,352341216,112,asm
us,game,game_32200,func_15004D50,352341328,176,c
us,game,game_322B0,func_15004E00,352341504,128,c
us,game,game_322B0,func_15004E80,352341632,128,c
us,game,game_323B0,func_15004F00,352341760,16,c
us,game,game_323B0,func_15004F10,352341776,32,c
us,game,game_323E0,func_15004F30,352341808,176,c
us,game,game_32490,func_15004FE0,352341984,0,asm
us,game,game_32490,func_15004FE0.NON_MATCHING,352341984,656,c
us,game,game_32720,func_15005270,352342640,32,c
us,game,game_32740,func_15005290.NON_MATCHING,352342672,0,c
us,game,game_32740,func_15005290,352342672,564,asm
us,game,game_32740,func_150054C4.NON_MATCHING,352343236,0,c
us,game,game_32740,func_150054C4,352343236,852,asm
us,game,game_32740,func_15005818.NON_MATCHING,352344088,0,c
us,game,game_32740,func_15005818,352344088,584,asm
us,game,game_32F10,func_15005A60,352344672,80,c
us,game,game_32F60,func_15005AB0,352344752,64,c
us,game,game_32F60,func_15005AF0,352344816,16,c
us,game,game_32FB0,func_15005B00,352344832,16,c
us,game,game_32FC0,func_15005B10,352344848,64,c
us,game,game_33000,func_15005B50,352344912,16,c
us,game,game_33010,func_15005B60,352344928,16,c
us,game,game_33020,func_15005B70,352344944,96,c
us,game,game_33080,func_15005BD0,352345040,96,c
us,game,game_330E0,func_15005C30,352345136,80,c
us,game,game_33130,func_15005C80,352345216,112,c
us,game,game_33130,func_15005CF0,352345328,16,c
us,game,game_331B0,func_15005D00,352345344,96,c
us,game,game_33210,func_15005D60,352345440,64,c
us,game,game_33210,func_15005DA0,352345504,16,c
us,game,game_33260,func_15005DB0,352345520,128,c
us,game,game_332E0,func_15005E30,352345648,64,c
us,game,game_33320,func_15005E70,352345712,48,c
us,game,game_33320,func_15005EA0,352345760,64,c
us,game,game_33390,func_15005EE0,352345824,64,c
us,game,game_333D0,func_15005F20,352345888,64,c
us,game,game_33410,func_15005F60,352345952,64,c
us,game,game_33450,func_15005FA0,352346016,16,c
us,game,game_33460,func_15005FB0,352346032,96,c
us,game,game_334C0,func_15006010,352346128,304,c
us,game,game_334C0,func_15006140,352346432,48,c
us,game,game_33620,func_15006170,352346480,64,c
us,game,game_33660,func_150061B0,352346544,132,c
us,game,game_33660,func_15006234,352346676,0,asm
us,game,game_33660,func_15006234.NON_MATCHING,352346676,684,c
us,game,game_33990,func_150064E0,352347360,176,c
us,game,game_33990,func_15006590.NON_MATCHING,352347536,0,c
us,game,game_33990,func_15006590,352347536,1628,asm
us,game,game_33990,func_15006BEC,352349164,0,asm
us,game,game_33990,func_15006BEC.NON_MATCHING,352349164,1168,c
us,game,game_33990,func_1500707C.NON_MATCHING,352350332,0,c
us,game,game_33990,func_1500707C,352350332,236,asm
us,game,game_33990,func_15007168.NON_MATCHING,352350568,0,c
us,game,game_33990,func_15007168,352350568,156,asm
us,game,game_33990,.L15007204,352350724,16,c
us,game,game_33990,.L15007214,352350740,16,c
us,game,game_33990,.L15007224,352350756,16,c
us,game,game_33990,.L15007234,352350772,28,c
us,game,game_33990,.L15007250,352350800,12,c
us,game,game_33990,.L1500725C,352350812,32,c
us,game,game_33990,func_1500727C,352350844,0,asm
us,game,game_33990,func_1500727C.NON_MATCHING,352350844,228,c
us,game,game_33990,func_15007360.NON_MATCHING,352351072,0,c
us,game,game_33990,func_15007360,352351072,224,asm
us,game,game_33990,func_15007440.NON_MATCHING,352351296,0,c
us,game,game_33990,func_15007440,352351296,280,asm
us,game,game_33990,func_15007558.NON_MATCHING,352351576,0,c
us,game,game_33990,func_15007558,352351576,236,asm
us,game,game_33990,func_15007644,352351812,8,c
us,game,game_33990,func_1500764C,352351820,28,c
us,game,game_33990,func_15007668,352351848,28,c
us,game,game_33990,func_15007684,352351876,28,c
us,game,game_33990,func_150076A0,352351904,28,c
us,game,game_33990,func_150076BC,352351932,92,c
us,game,game_33990,func_15007718,352352024,56,c
us,game,game_33990,func_15007750,352352080,40,c
us,game,game_33990,func_15007778,352352120,0,asm
us,game,game_33990,func_15007778.NON_MATCHING,352352120,184,c
us,game,entrypoint,func_15007830,352352304,0,asm
us,game,entrypoint,func_15007830.NON_MATCHING,352352304,348,c
us,game,entrypoint,.L1500798C,352352652,8,c
us,game,entrypoint,.L15007994,352352660,44,c
us,game,entrypoint,.L150079C0,352352704,12,c
us,game,entrypoint,.L150079CC,352352716,84,c
us,game,game_34ED0,func_15007A20,352352800,80,c
us,game,game_34F20,func_15007A70,352352880,204,c
us,game,game_34F20,func_15007B3C.NON_MATCHING,352353084,0,c
us,game,game_34F20,func_15007B3C,352353084,96,asm
us,game,game_34F20,.L15007B9C,352353180,68,c
us,game,game_34F20,.L15007BE0,352353248,48,c
us,game,game_34F20,.L15007C10,352353296,1492,c
us,game,game_34F20,func_150081E4,352354788,76,c
us,game,game_34F20,func_15008230,352354864,24,c
us,game,game_34F20,func_15008248,352354888,132,c
us,game,game_34F20,func_150082CC,352355020,116,c
us,game,game_357F0,func_15008340,352355136,0,asm
us,game,game_357F0,func_15008340.NON_MATCHING,352355136,1280,c
us,game,game_35CF0,func_15008840,352356416,48,c
us,game,game_35D20,func_15008870.NON_MATCHING,352356464,0,c
us,game,game_35D20,func_15008870,352356464,192,asm
us,game,game_35D20,func_15008930,352356656,0,asm
us,game,game_35D20,func_15008930.NON_MATCHING,352356656,160,c
us,game,game_35E80,func_150089D0,352356816,64,c
us,game,game_35EC0,func_15008A10,352356880,80,c
us,game,game_35EC0,func_15008A60,352356960,304,c
us,game,game_36040,func_15008B90,352357264,32,c
us,game,game_36040,func_15008BB0,352357296,48,c
us,game,game_36040,func_15008BE0,352357344,16,c
us,game,game_360A0,func_15008BF0.NON_MATCHING,352357360,0,c
us,game,game_360A0,func_15008BF0,352357360,480,asm
us,game,game_36280,func_15008DD0,352357840,48,c
us,game,game_362B0,func_15008E00,352357888,16,c
us,game,game_362B0,func_15008E10,352357904,0,asm
us,game,game_362B0,func_15008E10.NON_MATCHING,352357904,832,c
us,game,game_36600,func_15009150,352358736,128,c
us,game,game_36680,func_150091D0,352358864,268,c
us,game,game_36680,func_150092DC,352359132,88,c
us,game,game_36680,func_15009334,352359220,0,asm
us,game,game_36680,func_15009334.NON_MATCHING,352359220,92,c
us,game,game_36680,.L15009390,352359312,424,c
us,game,game_36680,.L15009538,352359736,76,c
us,game,game_36680,.L15009584,352359812,68,c
us,game,game_36680,.L150095C8,352359880,16,c
us,game,game_36680,func_150095D8,352359896,40,c
us,game,game_36680,func_15009600,352359936,40,c
us,game,game_36680,func_15009628,352359976,116,c
us,game,game_36680,func_1500969C,352360092,40,c
us,game,game_36680,func_150096C4,352360132,124,c
us,game,game_36680,func_15009740,352360256,40,c
us,game,game_36680,func_15009768,352360296,60,c
us,game,game_36680,func_150097A4,352360356,40,c
us,game,game_36680,func_150097CC,352360396,76,c
us,game,game_36680,func_15009818,352360472,44,c
us,game,game_36680,func_15009844,352360516,44,c
us,game,game_36680,func_15009870,352360560,36,c
us,game,game_36680,func_15009894,352360596,60,c
us,game,game_36680,func_150098D0,352360656,40,c
us,game,game_36680,func_150098F8,352360696,76,c
us,game,game_36680,func_15009944,352360772,76,c
us,game,game_36680,func_15009990,352360848,168,c
us,game,game_36680,func_15009A38,352361016,104,c
us,game,game_36680,func_15009AA0,352361120,76,c
us,game,game_36680,func_15009AEC,352361196,76,c
us,game,game_36680,func_15009B38,352361272,76,c
us,game,game_36680,func_15009B84,352361348,76,c
us,game,game_36680,func_15009BD0,352361424,172,c
us,game,game_36680,func_15009C7C,352361596,172,c
us,game,game_36680,func_15009D28,352361768,68,c
us,game,game_36680,func_15009D6C,352361836,68,c
us,game,game_36680,func_15009DB0,352361904,76,c
us,game,game_36680,func_15009DFC,352361980,76,c
us,game,game_36680,func_15009E48,352362056,60,c
us,game,game_36680,func_15009E84,352362116,68,c
us,game,game_36680,func_15009EC8,352362184,44,c
us,game,game_36680,func_15009EF4,352362228,60,c
us,game,game_36680,func_15009F30,352362288,68,c
us,game,game_36680,func_15009F74,352362356,180,c
us,game,game_36680,func_1500A028,352362536,68,c
us,game,game_36680,func_1500A06C,352362604,68,c
us,game,game_36680,func_1500A0B0,352362672,76,c
us,game,game_36680,func_1500A0FC,352362748,76,c
us,game,game_36680,func_1500A148,352362824,76,c
us,game,game_36680,func_1500A194,352362900,76,c
us,game,game_36680,func_1500A1E0,352362976,60,c
us,game,game_36680,func_1500A21C,352363036,68,c
us,game,game_36680,func_1500A260,352363104,76,c
us,game,game_36680,func_1500A2AC,352363180,72,c
us,game,game_36680,func_1500A2F4,352363252,72,c
us,game,game_36680,func_1500A33C,352363324,68,c
us,game,game_36680,func_1500A380,352363392,68,c
us,game,game_36680,func_1500A3C4,352363460,76,c
us,game,game_36680,func_1500A410,352363536,68,c
us,game,game_36680,func_1500A454,352363604,60,c
us,game,game_36680,func_1500A490,352363664,68,c
us,game,game_36680,func_1500A4D4,352363732,68,c
us,game,game_36680,func_1500A518,352363800,68,c
us,game,game_36680,func_1500A55C,352363868,76,c
us,game,game_36680,func_1500A5A8,352363944,76,c
us,game,game_36680,func_1500A5F4,352364020,76,c
us,game,game_36680,func_1500A640,352364096,76,c
us,game,game_36680,func_1500A68C,352364172,76,c
us,game,game_36680,func_1500A6D8.NON_MATCHING,352364248,0,c
us,game,game_36680,func_1500A6D8,352364248,196,asm
us,game,game_36680,func_1500A79C,352364444,76,c
us,game,game_36680,func_1500A7E8,352364520,0,asm
us,game,game_36680,func_1500A7E8.NON_MATCHING,352364520,224,c
us,game,game_36680,func_1500A8C8,352364744,60,c
us,game,game_36680,func_1500A904,352364804,72,c
us,game,game_36680,func_1500A94C,352364876,68,c
us,game,game_36680,func_1500A990,352364944,460,c
us,game,game_36680,func_1500AB5C,352365404,68,c
us,game,game_36680,func_1500ABA0,352365472,116,c
us,game,game_36680,func_1500AC14,352365588,0,asm
us,game,game_36680,func_1500AC14.NON_MATCHING,352365588,368,c
us,game,game_36680,func_1500AD84,352365956,0,asm
us,game,game_36680,func_1500AD84.NON_MATCHING,352365956,388,c
us,game,game_36680,func_1500AF08,352366344,0,asm
us,game,game_36680,func_1500AF08.NON_MATCHING,352366344,748,c
us,game,game_36680,func_1500B1F4.NON_MATCHING,352367092,0,c
us,game,game_36680,func_1500B1F4,352367092,444,asm
us,game,game_36680,func_1500B3B0,352367536,0,asm
us,game,game_36680,func_1500B3B0.NON_MATCHING,352367536,868,c
us,game,game_36680,func_1500B714.NON_MATCHING,352368404,0,c
us,game,game_36680,func_1500B714,352368404,480,asm
us,game,game_36680,func_1500B8F4.NON_MATCHING,352368884,0,c
us,game,game_36680,func_1500B8F4,352368884,452,asm
us,game,game_36680,func_1500BAB8,352369336,0,asm
us,game,game_36680,func_1500BAB8.NON_MATCHING,352369336,452,c
us,game,game_36680,func_1500BC7C,352369788,0,asm
us,game,game_36680,func_1500BC7C.NON_MATCHING,352369788,452,c
us,game,game_36680,func_1500BE40,352370240,40,c
us,game,game_36680,func_1500BE68,352370280,88,c
us,game,game_36680,func_1500BEC0,352370368,0,asm
us,game,game_36680,func_1500BEC0.NON_MATCHING,352370368,800,c
us,game,game_39690,func_1500C1E0,352371168,192,c
us,game,game_39750,func_1500C2A0,352371360,80,c
us,game,game_39750,func_1500C2F0.NON_MATCHING,352371440,0,c
us,game,game_39750,func_1500C2F0,352371440,1504,asm
us,game,game_39750,func_1500C8D0,352372944,0,asm
us,game,game_39750,func_1500C8D0.NON_MATCHING,352372944,1404,c
us,game,game_39750,func_1500CE4C,352374348,0,asm
us,game,game_39750,func_1500CE4C.NON_MATCHING,352374348,1376,c
us,game,game_39750,func_1500D3AC.NON_MATCHING,352375724,0,c
us,game,game_39750,func_1500D3AC,352375724,1308,asm
us,game,game_39750,func_1500D8C8.NON_MATCHING,352377032,0,c
us,game,game_39750,func_1500D8C8,352377032,1472,asm
us,game,game_39750,func_1500DE88,352378504,0,asm
us,game,game_39750,func_1500DE88.NON_MATCHING,352378504,1512,c
us,game,game_3B920,func_1500E470,352380016,0,asm
us,game,game_3B920,func_1500E470.NON_MATCHING,352380016,336,c
us,game,game_3BA70,func_1500E5C0,352380352,0,asm
us,game,game_3BA70,func_1500E5C0.NON_MATCHING,352380352,332,c
us,game,game_3BA70,func_1500E70C,352380684,44,c
us,game,game_3BA70,func_1500E738.NON_MATCHING,352380728,0,c
us,game,game_3BA70,func_1500E738,352380728,184,asm
us,game,game_3BA70,.L1500E7F0,352380912,32,c
us,game,game_3BA70,.L1500E810,352380944,32,c
us,game,game_3BA70,.L1500E830,352380976,32,c
us,game,game_3BA70,.L1500E850,352381008,32,c
us,game,game_3BA70,.L1500E870,352381040,32,c
us,game,game_3BA70,func_1500E890,352381072,48,c
us,game,game_3BA70,func_1500E8C0.NON_MATCHING,352381120,0,c
us,game,game_3BA70,func_1500E8C0,352381120,480,asm
us,game,game_3BA70,func_1500EAA0,352381600,128,c
us,game,game_3BFD0,func_1500EB20,352381728,16,c
us,game,game_3BFE0,func_1500EB30,352381744,148,c
us,game,game_3BFE0,func_1500EBC4,352381892,444,c
us,game,game_3C230,func_1500ED80,352382336,152,c
us,game,game_3C230,func_1500EE18,352382488,124,c
us,game,game_3C230,func_1500EE94,352382612,140,c
us,game,game_3C3D0,func_1500EF20,352382752,752,c
us,game,game_3C6C0,func_1500F210,352383504,128,c
us,game,3C740,func_1500F290,352383632,0,asm
us,game,3C740,func_1500F290.NON_MATCHING,352383632,232,asm
us,game,3C740,func_1500F378,352383864,0,asm
us,game,3C740,func_1500F378.NON_MATCHING,352383864,148,asm
us,game,3C740,func_1500F40C,352384012,0,asm
us,game,3C740,func_1500F40C.NON_MATCHING,352384012,1476,asm
us,game,3CE80,func_1500F9D0.NON_MATCHING,352385488,0,asm
us,game,3CE80,func_1500F9D0,352385488,148,asm
us,game,3CE80,func_1500FA64.NON_MATCHING,352385636,0,asm
us,game,3CE80,func_1500FA64,352385636,972,asm
us,game,3D2E0,func_1500FE30.NON_MATCHING,352386608,0,asm
us,game,3D2E0,func_1500FE30,352386608,364,asm
us,game,3D2E0,func_1500FF9C.NON_MATCHING,352386972,0,asm
us,game,3D2E0,func_1500FF9C,352386972,48,asm
us,game,3D2E0,func_1500FFCC.NON_MATCHING,352387020,0,asm
us,game,3D2E0,func_1500FFCC,352387020,324,asm
us,game,game_3D5C0,func_15010110.NON_MATCHING,352387344,0,c
us,game,game_3D5C0,func_15010110,352387344,304,asm
us,game,game_3D6F0,func_15010240,352387648,128,c
us,game,game_3D770,func_150102C0,352387776,16,c
us,game,game_3D780,func_150102D0,352387792,272,c
us,game,game_3D780,func_150103E0,352388064,272,c
us,game,game_3D9A0,func_150104F0.NON_MATCHING,352388336,0,c
us,game,game_3D9A0,func_150104F0,352388336,72,asm
us,game,game_3D9A0,func_15010538,352388408,200,c
us,game,game_3D9A0,func_15010600,352388608,0,asm
us,game,game_3D9A0,func_15010600.NON_MATCHING,352388608,128,c
us,game,game_3DB30,func_15010680,352388736,32,c
us,game,game_3DB50,func_150106A0,352388768,16,c
us,game,game_3DB60,func_150106B0,352388784,32,c
us,game,game_3DB80,func_150106D0,352388816,176,c
us,game,game_3DC30,func_15010780,352388992,256,c
us,game,game_3DC30,func_15010880,352389248,0,asm
us,game,game_3DC30,func_15010880.NON_MATCHING,352389248,336,c
us,game,game_3DC30,func_150109D0,352389584,144,c
us,game,game_3DF10,func_15010A60.NON_MATCHING,352389728,0,c
us,game,game_3DF10,func_15010A60,352389728,1360,asm
us,game,game_3E460,func_15010FB0,352391088,320,c
us,game,game_3E5A0,func_150110F0,352391408,128,c
us,game,game_3E620,func_15011170,352391536,448,c
us,game,game_3E7E0,func_15011330,352391984,48,c
us,game,game_3E810,func_15011360,352392032,128,c
us,game,game_3E890,func_150113E0.NON_MATCHING,352392160,0,c
us,game,game_3E890,func_150113E0,352392160,892,asm
us,game,game_3E890,func_1501175C,352393052,0,asm
us,game,game_3E890,func_1501175C.NON_MATCHING,352393052,796,c
us,game,game_3E890,func_15011A78,352393848,136,c
us,game,game_3EFB0,func_15011B00,352393984,148,c
us,game,game_3EFB0,func_15011B94,352394132,172,c
us,game,game_3F0F0,func_15011C40,352394304,48,c
us,game,game_3F120,func_15011C70,352394352,48,c
us,game,game_3F120,func_15011CA0,352394400,32,c
us,game,game_3F120,func_15011CC0,352394432,128,c
us,game,game_3F1F0,func_15011D40,352394560,32,c
us,game,game_3F1F0,func_15011D60.NON_MATCHING,352394592,0,c
us,game,game_3F1F0,func_15011D60,352394592,448,asm
us,game,game_3F3D0,func_15011F20,352395040,128,c
us,game,game_3F450,func_15011FA0,352395168,128,c
us,game,game_3F4D0,func_15012020,352395296,144,c
us,game,game_3F560,func_150120B0,352395440,156,c
us,game,game_3F560,func_1501214C,352395596,116,c
us,game,game_3F670,func_150121C0.NON_MATCHING,352395712,0,c
us,game,game_3F670,func_150121C0,352395712,432,asm
us,game,game_3F820,func_15012370.NON_MATCHING,352396144,0,c
us,game,game_3F820,func_15012370,352396144,256,asm
us,game,game_3F820,func_15012470,352396400,48,c
us,game,game_3F820,func_150124A0,352396448,0,asm
us,game,game_3F820,func_150124A0.NON_MATCHING,352396448,640,c
us,game,game_3FBD0,func_15012720,352397088,80,c
us,game,game_3FC20,func_15012770,352397168,16,c
us,game,game_3FC30,func_15012780,352397184,48,c
us,game,3FC60,func_150127B0.NON_MATCHING,352397232,0,asm
us,game,3FC60,func_150127B0,352397232,1236,asm
us,game,3FC60,func_15012C84.NON_MATCHING,352398468,0,asm
us,game,3FC60,func_15012C84,352398468,596,asm
us,game,3FC60,func_15012ED8.NON_MATCHING,352399064,0,asm
us,game,3FC60,func_15012ED8,352399064,184,asm
us,game,3FC60,func_15012F90.NON_MATCHING,352399248,0,asm
us,game,3FC60,func_15012F90,352399248,80,asm
us,game,game_40490,func_15012FE0,352399328,32,c
us,game,game_40490,func_15013000.NON_MATCHING,352399360,0,c
us,game,game_40490,func_15013000,352399360,180,asm
us,game,game_40490,func_150130B4.NON_MATCHING,352399540,0,c
us,game,game_40490,func_150130B4,352399540,820,asm
us,game,game_40490,.L150133E8,352400360,128,c
us,game,game_40490,.L15013468,352400488,84,c
us,game,game_40490,.L150134BC,352400572,84,c
us,game,game_40490,.L15013510,352400656,116,c
us,game,game_40490,.L15013584,352400772,228,c
us,game,game_40490,.L15013668,352401000,164,c
us,game,game_40490,func_1501370C,352401164,64,c
us,game,game_40490,func_1501374C,352401228,44,c
us,game,game_40490,func_15013778,352401272,0,asm
us,game,game_40490,func_15013778.NON_MATCHING,352401272,500,c
us,game,game_40490,func_1501396C,352401772,64,c
us,game,game_40490,func_150139AC,352401836,0,asm
us,game,game_40490,func_150139AC.NON_MATCHING,352401836,652,c
us,game,game_40490,func_15013C38.NON_MATCHING,352402488,0,c
us,game,game_40490,func_15013C38,352402488,256,asm
us,game,game_40490,func_15013D38.NON_MATCHING,352402744,0,c
us,game,game_40490,func_15013D38,352402744,176,asm
us,game,game_40490,func_15013DE8,352402920,0,asm
us,game,game_40490,func_15013DE8.NON_MATCHING,352402920,436,c
us,game,game_40490,func_15013F9C,352403356,40,c
us,game,game_40490,func_15013FC4,352403396,64,c
us,game,game_40490,func_15014004,352403460,60,c
us,game,game_40490,func_15014040,352403520,60,c
us,game,game_40490,func_1501407C,352403580,24,c
us,game,game_40490,func_15014094.NON_MATCHING,352403604,0,c
us,game,game_40490,func_15014094,352403604,176,asm
us,game,game_40490,func_15014144,352403780,0,asm
us,game,game_40490,func_15014144.NON_MATCHING,352403780,220,c
us,game,game_40490,func_15014220,352404000,0,asm
us,game,game_40490,func_15014220.NON_MATCHING,352404000,140,c
us,game,game_40490,func_150142AC,352404140,0,asm
us,game,game_40490,func_150142AC.NON_MATCHING,352404140,64,c
us,game,game_40490,func_150142EC,352404204,0,asm
us,game,game_40490,func_150142EC.NON_MATCHING,352404204,460,c
us,game,game_40490,func_150144B8,352404664,0,asm
us,game,game_40490,func_150144B8.NON_MATCHING,352404664,660,c
us,game,game_40490,func_1501474C,352405324,0,asm
us,game,game_40490,func_1501474C.NON_MATCHING,352405324,1044,c
us,game,game_40490,func_15014B60.NON_MATCHING,352406368,0,c
us,game,game_40490,func_15014B60,352406368,1036,asm
us,game,game_40490,func_15014F6C,352407404,0,asm
us,game,game_40490,func_15014F6C.NON_MATCHING,352407404,312,c
us,game,game_40490,func_150150A4,352407716,96,c
us,game,game_40490,func_15015104.NON_MATCHING,352407812,0,c
us,game,game_40490,func_15015104,352407812,208,asm
us,game,game_40490,func_150151D4,352408020,0,asm
us,game,game_40490,func_150151D4.NON_MATCHING,352408020,300,c
us,game,game_40490,func_15015300,352408320,84,c
us,game,game_40490,func_15015354.NON_MATCHING,352408404,0,c
us,game,game_40490,func_15015354,352408404,752,asm
us,game,game_40490,func_15015644.NON_MATCHING,352409156,0,c
us,game,game_40490,func_15015644,352409156,176,asm
us,game,game_40490,func_150156F4.NON_MATCHING,352409332,0,c
us,game,game_40490,func_150156F4,352409332,540,asm
us,game,42DC0,func_15015910.NON_MATCHING,352409872,0,asm
us,game,42DC0,func_15015910,352409872,16,asm
us,game,42DC0,func_15015920,352409888,0,asm
us,game,42DC0,func_15015920.NON_MATCHING,352409888,280,asm
us,game,42DC0,func_15015A38.NON_MATCHING,352410168,0,asm
us,game,42DC0,func_15015A38,352410168,1096,asm
us,game,43330,func_15015E80,352411264,0,asm
us,game,43330,func_15015E80.NON_MATCHING,352411264,192,asm
us,game,game_433F0,func_15015F40.NON_MATCHING,352411456,0,c
us,game,game_433F0,func_15015F40,352411456,56,asm
us,game,game_433F0,.L15015F78,352411512,32,c
us,game,game_433F0,.L15015F98,352411544,36,c
us,game,game_433F0,func_15015FBC,352411580,0,asm
us,game,game_433F0,func_15015FBC.NON_MATCHING,352411580,436,c
us,game,game_43620,func_15016170,352412016,0,asm
us,game,game_43620,func_15016170.NON_MATCHING,352412016,320,c
us,game,game_43760,func_150162B0,352412336,192,c
us,game,game_43820,func_15016370,352412528,96,c
us,game,43880,func_150163D0,352412624,0,asm
us,game,43880,func_150163D0.NON_MATCHING,352412624,304,asm
us,game,game_439B0,func_15016500,352412928,136,c
us,game,game_439B0,func_15016588.NON_MATCHING,352413064,0,c
us,game,game_439B0,func_15016588,352413064,232,asm
us,game,game_43B20,func_15016670,352413296,16,c
us,game,game_43B20,func_15016680,352413312,16,c
us,game,game_43B20,func_15016690,352413328,448,c
us,game,43D00,func_15016850,352413776,0,asm
us,game,43D00,func_15016850.NON_MATCHING,352413776,336,asm
us,game,43D00,func_150169A0,352414112,0,asm
us,game,43D00,func_150169A0.NON_MATCHING,352414112,64,asm
us,game,43D00,.L150169E0,352414176,24,asm
us,game,43D00,.L150169F8,352414200,524,asm
us,game,43D00,.L15016C04,352414724,64,asm
us,game,43D00,.L15016C44,352414788,16,asm
us,game,43D00,.L15016C54,352414804,20,asm
us,game,43D00,.L15016C68,352414824,20,asm
us,game,43D00,.L15016C7C,352414844,20,asm
us,game,43D00,.L15016C90,352414864,20,asm
us,game,43D00,.L15016CA4,352414884,48,asm
us,game,43D00,.L15016CD4,352414932,48,asm
us,game,43D00,.L15016D04,352414980,20,asm
us,game,43D00,.L15016D18,352415000,20,asm
us,game,43D00,.L15016D2C,352415020,20,asm
us,game,43D00,.L15016D40,352415040,20,asm
us,game,43D00,.L15016D54,352415060,20,asm
us,game,43D00,.L15016D68,352415080,32,asm
us,game,43D00,.L15016D88,352415112,32,asm
us,game,43D00,.L15016DA8,352415144,20,asm
us,game,43D00,.L15016DBC,352415164,20,asm
us,game,43D00,.L15016DD0,352415184,104,asm
us,game,43D00,.L15016E38,352415288,136,asm
us,game,43D00,.L15016EC0,352415424,80,asm
us,game,43D00,.L15016F10,352415504,104,asm
us,game,43D00,.L15016F78,352415608,412,asm
us,game,43D00,func_15017114.NON_MATCHING,352416020,0,asm
us,game,43D00,func_15017114,352416020,492,asm
us,game,game_447B0,func_15017300,352416512,396,c
us,game,game_447B0,func_1501748C,352416908,12,c
us,game,game_447B0,func_15017498,352416920,40,c
us,game,game_447B0,func_150174C0.NON_MATCHING,352416960,0,c
us,game,game_447B0,func_150174C0,352416960,184,asm
us,game,game_447B0,func_15017578,352417144,104,c
us,game,game_44A90,func_150175E0,352417248,96,c
us,game,game_44A90,func_15017640.NON_MATCHING,352417344,0,c
us,game,game_44A90,func_15017640,352417344,336,asm
us,game,game_44C40,func_15017790,352417680,104,c
us,game,game_44C40,func_150177F8,352417784,112,c
us,game,game_44C40,func_15017868,352417896,200,c
us,game,game_44C40,func_15017930,352418096,0,asm
us,game,game_44C40,func_15017930.NON_MATCHING,352418096,496,c
us,game,game_44C40,func_15017B20.NON_MATCHING,352418592,0,c
us,game,game_44C40,func_15017B20,352418592,1156,asm
us,game,game_44C40,func_15017FA4.NON_MATCHING,352419748,0,c
us,game,game_44C40,func_15017FA4,352419748,1068,asm
us,game,45880,func_150183D0,352420816,0,asm
us,game,45880,func_150183D0.NON_MATCHING,352420816,304,asm
us,game,45880,func_15018500,352421120,0,asm
us,game,45880,func_15018500.NON_MATCHING,352421120,464,asm
us,game,game_45B80,func_150186D0,352421584,188,c
us,game,game_45B80,func_1501878C,352421772,0,asm
us,game,game_45B80,func_1501878C.NON_MATCHING,352421772,1648,c
us,game,game_45B80,func_15018DFC,352423420,140,c
us,game,game_45B80,func_15018E88,352423560,128,c
us,game,game_45B80,func_15018F08,352423688,120,c
us,game,game_45B80,func_15018F80,352423808,220,c
us,game,game_45B80,func_1501905C,352424028,212,c
us,game,game_45B80,func_15019130,352424240,0,asm
us,game,game_45B80,func_15019130.NON_MATCHING,352424240,740,c
us,game,game_45B80,func_15019414,352424980,80,c
us,game,game_45B80,func_15019464,352425060,0,asm
us,game,game_45B80,func_15019464.NON_MATCHING,352425060,316,c
us,game,game_45B80,func_150195A0.NON_MATCHING,352425376,0,c
us,game,game_45B80,func_150195A0,352425376,860,asm
us,game,game_45B80,func_150198FC,352426236,0,asm
us,game,game_45B80,func_150198FC.NON_MATCHING,352426236,700,c
us,game,game_45B80,func_15019BB8,352426936,0,asm
us,game,game_45B80,func_15019BB8.NON_MATCHING,352426936,272,c
us,game,game_45B80,func_15019CC8.NON_MATCHING,352427208,0,c
us,game,game_45B80,func_15019CC8,352427208,408,asm
us,game,game_45B80,func_15019E60,352427616,192,c
us,game,game_45B80,func_15019F20.NON_MATCHING,352427808,0,c
us,game,game_45B80,func_15019F20,352427808,768,asm
us,game,game_476D0,func_1501A220,352428576,0,asm
us,game,game_476D0,func_1501A220.NON_MATCHING,352428576,380,c
us,game,game_476D0,func_1501A39C,352428956,0,asm
us,game,game_476D0,func_1501A39C.NON_MATCHING,352428956,244,c
us,game,game_476D0,func_1501A490.NON_MATCHING,352429200,0,c
us,game,game_476D0,func_1501A490,352429200,496,asm
us,game,game_476D0,func_1501A680,352429696,76,c
us,game,game_476D0,func_1501A6CC,352429772,152,c
us,game,game_476D0,func_1501A764,352429924,0,asm
us,game,game_476D0,func_1501A764.NON_MATCHING,352429924,348,c
us,game,game_476D0,func_1501A8C0,352430272,0,asm
us,game,game_476D0,func_1501A8C0.NON_MATCHING,352430272,1492,c
us,game,game_476D0,func_1501AE94.NON_MATCHING,352431764,0,c
us,game,game_476D0,func_1501AE94,352431764,176,asm
us,game,game_476D0,func_1501AF44,352431940,0,asm
us,game,game_476D0,func_1501AF44.NON_MATCHING,352431940,348,c
us,game,game_476D0,func_1501B0A0.NON_MATCHING,352432288,0,c
us,game,game_476D0,func_1501B0A0,352432288,396,asm
us,game,game_476D0,func_1501B22C.NON_MATCHING,352432684,0,c
us,game,game_476D0,func_1501B22C,352432684,244,asm
us,game,487D0,func_1501B320,352432928,0,asm
us,game,487D0,func_1501B320.NON_MATCHING,352432928,800,asm
us,game,487D0,func_1501B640.NON_MATCHING,352433728,0,asm
us,game,487D0,func_1501B640,352433728,32,asm
us,game,487D0,func_1501B660.NON_MATCHING,352433760,0,asm
us,game,487D0,func_1501B660,352433760,1216,asm
us,game,48FD0,func_1501BB20,352434976,0,asm
us,game,48FD0,func_1501BB20.NON_MATCHING,352434976,152,asm
us,game,48FD0,func_1501BBB8.NON_MATCHING,352435128,0,asm
us,game,48FD0,func_1501BBB8,352435128,1112,asm
us,game,48FD0,func_1501C010.NON_MATCHING,352436240,0,asm
us,game,48FD0,func_1501C010,352436240,224,asm
us,game,48FD0,func_1501C0F0,352436464,0,asm
us,game,48FD0,func_1501C0F0.NON_MATCHING,352436464,140,asm
us,game,48FD0,func_1501C17C,352436604,0,asm
us,game,48FD0,func_1501C17C.NON_MATCHING,352436604,52,asm
us,game,48FD0,func_1501C1B0,352436656,0,asm
us,game,48FD0,func_1501C1B0.NON_MATCHING,352436656,908,asm
us,game,48FD0,func_1501C53C.NON_MATCHING,352437564,0,asm
us,game,48FD0,func_1501C53C,352437564,64,asm
us,game,48FD0,func_1501C57C,352437628,0,asm
us,game,48FD0,func_1501C57C.NON_MATCHING,352437628,136,asm
us,game,48FD0,.L1501C604,352437764,116,asm
us,game,48FD0,.L1501C678,352437880,20,asm
us,game,48FD0,.L1501C68C,352437900,20,asm
us,game,48FD0,.L1501C6A0,352437920,20,asm
us,game,48FD0,.L1501C6B4,352437940,16,asm
us,game,48FD0,.L1501C6C4,352437956,16,asm
us,game,48FD0,.L1501C6D4,352437972,16,asm
us,game,48FD0,.L1501C6E4,352437988,76,asm
us,game,49BE0,func_1501C730.NON_MATCHING,352438064,0,asm
us,game,49BE0,func_1501C730,352438064,84,asm
us,game,49BE0,.L1501C784,352438148,56,asm
us,game,49BE0,.L1501C7BC,352438204,36,asm
us,game,49BE0,.L1501C7E0,352438240,44,asm
us,game,49BE0,.L1501C80C,352438284,36,asm
us,game,49BE0,.L1501C830,352438320,24,asm
us,game,49BE0,.L1501C848,352438344,24,asm
us,game,game_49D10,func_1501C860,352438368,16,c
us,game,game_49D20,func_1501C870,352438384,16,c
us,game,49D30,func_1501C880,352438400,0,asm
us,game,49D30,func_1501C880.NON_MATCHING,352438400,956,asm
us,game,49D30,func_1501CC3C.NON_MATCHING,352439356,0,asm
us,game,49D30,func_1501CC3C,352439356,388,asm
us,game,49D30,func_1501CDC0,352439744,0,asm
us,game,49D30,func_1501CDC0.NON_MATCHING,352439744,148,asm
us,game,49D30,func_1501CE54,352439892,0,asm
us,game,49D30,func_1501CE54.NON_MATCHING,352439892,420,asm
us,game,49D30,func_1501CFF8.NON_MATCHING,352440312,0,asm
us,game,49D30,func_1501CFF8,352440312,76,asm
us,game,49D30,func_1501D044.NON_MATCHING,352440388,0,asm
us,game,49D30,func_1501D044,352440388,400,asm
us,game,49D30,func_1501D1D4,352440788,0,asm
us,game,49D30,func_1501D1D4.NON_MATCHING,352440788,132,asm
us,game,49D30,func_1501D258.NON_MATCHING,352440920,0,asm
us,game,49D30,func_1501D258,352440920,108,asm
us,game,49D30,func_1501D2C4,352441028,0,asm
us,game,49D30,func_1501D2C4.NON_MATCHING,352441028,132,asm
us,game,49D30,func_1501D348.NON_MATCHING,352441160,0,asm
us,game,49D30,func_1501D348,352441160,1892,asm
us,game,49D30,func_1501DAAC.NON_MATCHING,352443052,0,asm
us,game,49D30,func_1501DAAC,352443052,876,asm
us,game,49D30,func_1501DE18,352443928,0,asm
us,game,49D30,func_1501DE18.NON_MATCHING,352443928,236,asm
us,game,49D30,func_1501DF04.NON_MATCHING,352444164,0,asm
us,game,49D30,func_1501DF04,352444164,344,asm
us,game,49D30,func_1501E05C,352444508,0,asm
us,game,49D30,func_1501E05C.NON_MATCHING,352444508,344,asm
us,game,49D30,func_1501E1B4,352444852,0,asm
us,game,49D30,func_1501E1B4.NON_MATCHING,352444852,324,asm
us,game,49D30,func_1501E2F8,352445176,0,asm
us,game,49D30,func_1501E2F8.NON_MATCHING,352445176,264,asm
us,game,49D30,func_1501E400.NON_MATCHING,352445440,0,asm
us,game,49D30,func_1501E400,352445440,320,asm
us,game,49D30,func_1501E540.NON_MATCHING,352445760,0,asm
us,game,49D30,func_1501E540,352445760,508,asm
us,game,49D30,func_1501E73C.NON_MATCHING,352446268,0,asm
us,game,49D30,func_1501E73C,352446268,224,asm
us,game,49D30,func_1501E81C.NON_MATCHING,352446492,0,asm
us,game,49D30,func_1501E81C,352446492,508,asm
us,game,49D30,func_1501EA18.NON_MATCHING,352447000,0,asm
us,game,49D30,func_1501EA18,352447000,544,asm
us,game,49D30,func_1501EC38,352447544,0,asm
us,game,49D30,func_1501EC38.NON_MATCHING,352447544,2804,asm
us,game,49D30,func_1501F72C,352450348,0,asm
us,game,49D30,func_1501F72C.NON_MATCHING,352450348,1376,asm
us,game,49D30,func_1501FC8C,352451724,0,asm
us,game,49D30,func_1501FC8C.NON_MATCHING,352451724,476,asm
us,game,49D30,func_1501FE68.NON_MATCHING,352452200,0,asm
us,game,49D30,func_1501FE68,352452200,384,asm
us,game,49D30,func_1501FFE8.NON_MATCHING,352452584,0,asm
us,game,49D30,func_1501FFE8,352452584,928,asm
us,game,49D30,func_15020388.NON_MATCHING,352453512,0,asm
us,game,49D30,func_15020388,352453512,1264,asm
us,game,49D30,func_15020878.NON_MATCHING,352454776,0,asm
us,game,49D30,func_15020878,352454776,1612,asm
us,game,49D30,func_15020EC4,352456388,0,asm
us,game,49D30,func_15020EC4.NON_MATCHING,352456388,2248,asm
us,game,49D30,func_1502178C.NON_MATCHING,352458636,0,asm
us,game,49D30,func_1502178C,352458636,1580,asm
us,game,49D30,func_15021DB8.NON_MATCHING,352460216,0,asm
us,game,49D30,func_15021DB8,352460216,620,asm
us,game,49D30,func_15022024.NON_MATCHING,352460836,0,asm
us,game,49D30,func_15022024,352460836,364,asm
us,game,49D30,func_15022190.NON_MATCHING,352461200,0,asm
us,game,49D30,func_15022190,352461200,88,asm
us,game,49D30,func_150221E8,352461288,0,asm
us,game,49D30,func_150221E8.NON_MATCHING,352461288,76,asm
us,game,49D30,func_15022234.NON_MATCHING,352461364,0,asm
us,game,49D30,func_15022234,352461364,20,asm
us,game,49D30,func_15022248.NON_MATCHING,352461384,0,asm
us,game,49D30,func_15022248,352461384,20,asm
us,game,49D30,func_1502225C.NON_MATCHING,352461404,0,asm
us,game,49D30,func_1502225C,352461404,132,asm
us,game,49D30,func_150222E0.NON_MATCHING,352461536,0,asm
us,game,49D30,func_150222E0,352461536,184,asm
us,game,49D30,func_15022398.NON_MATCHING,352461720,0,asm
us,game,49D30,func_15022398,352461720,400,asm
us,game,49D30,func_15022528,352462120,0,asm
us,game,49D30,func_15022528.NON_MATCHING,352462120,280,asm
us,game,49D30,func_15022640,352462400,0,asm
us,game,49D30,func_15022640.NON_MATCHING,352462400,124,asm
us,game,49D30,func_150226BC,352462524,0,asm
us,game,49D30,func_150226BC.NON_MATCHING,352462524,152,asm
us,game,49D30,func_15022754.NON_MATCHING,352462676,0,asm
us,game,49D30,func_15022754,352462676,104,asm
us,game,49D30,func_150227BC,352462780,0,asm
us,game,49D30,func_150227BC.NON_MATCHING,352462780,140,asm
us,game,49D30,func_15022848,352462920,0,asm
us,game,49D30,func_15022848.NON_MATCHING,352462920,156,asm
us,game,49D30,func_150228E4.NON_MATCHING,352463076,0,asm
us,game,49D30,func_150228E4,352463076,180,asm
us,game,49D30,func_15022998,352463256,0,asm
us,game,49D30,func_15022998.NON_MATCHING,352463256,76,asm
us,game,49D30,func_150229E4.NON_MATCHING,352463332,0,asm
us,game,49D30,func_150229E4,352463332,292,asm
us,game,49D30,func_15022B08.NON_MATCHING,352463624,0,asm
us,game,49D30,func_15022B08,352463624,156,asm
us,game,49D30,func_15022BA4,352463780,0,asm
us,game,49D30,func_15022BA4.NON_MATCHING,352463780,1728,asm
us,game,49D30,func_15023264,352465508,0,asm
us,game,49D30,func_15023264.NON_MATCHING,352465508,344,asm
us,game,49D30,func_150233BC.NON_MATCHING,352465852,0,asm
us,game,49D30,func_150233BC,352465852,40,asm
us,game,49D30,func_150233E4.NON_MATCHING,352465892,0,asm
us,game,49D30,func_150233E4,352465892,92,asm
us,game,49D30,func_15023440.NON_MATCHING,352465984,0,asm
us,game,49D30,func_15023440,352465984,100,asm
us,game,49D30,func_150234A4.NON_MATCHING,352466084,0,asm
us,game,49D30,func_150234A4,352466084,312,asm
us,game,49D30,func_150235DC.NON_MATCHING,352466396,0,asm
us,game,49D30,func_150235DC,352466396,432,asm
us,game,49D30,func_1502378C,352466828,0,asm
us,game,49D30,func_1502378C.NON_MATCHING,352466828,228,asm
us,game,50D20,func_15023870.NON_MATCHING,352467056,0,asm
us,game,50D20,func_15023870,352467056,96,asm
us,game,50D80,func_150238D0,352467152,0,asm
us,game,50D80,func_150238D0.NON_MATCHING,352467152,8,asm
us,game,50D80,func_150238D8,352467160,0,asm
us,game,50D80,func_150238D8.NON_MATCHING,352467160,728,asm
us,game,50D80,func_15023BB0,352467888,0,asm
us,game,50D80,func_15023BB0.NON_MATCHING,352467888,560,asm
us,game,50D80,func_15023DE0.NON_MATCHING,352468448,0,asm
us,game,50D80,func_15023DE0,352468448,848,asm
us,game,50D80,func_15024130.NON_MATCHING,352469296,0,asm
us,game,50D80,func_15024130,352469296,132,asm
us,game,50D80,func_150241B4.NON_MATCHING,352469428,0,asm
us,game,50D80,func_150241B4,352469428,324,asm
us,game,50D80,func_150242F8.NON_MATCHING,352469752,0,asm
us,game,50D80,func_150242F8,352469752,788,asm
us,game,50D80,func_1502460C.NON_MATCHING,352470540,0,asm
us,game,50D80,func_1502460C,352470540,2836,asm
us,game,50D80,.L15025120,352473376,112,asm
us,game,50D80,.L15025190,352473488,136,asm
us,game,50D80,.L15025218,352473624,44,asm
us,game,50D80,.L15025244,352473668,76,asm
us,game,50D80,.L15025290,352473744,16,asm
us,game,50D80,.L150252A0,352473760,24,asm
us,game,50D80,.L150252B8,352473784,16,asm
us,game,50D80,.L150252C8,352473800,44,asm
us,game,50D80,.L150252F4,352473844,16,asm
us,game,50D80,.L15025304,352473860,140,asm
us,game,50D80,.L15025390,352474000,40,asm
us,game,50D80,.L150253B8,352474040,20,asm
us,game,50D80,.L150253CC,352474060,16,asm
us,game,50D80,.L150253DC,352474076,16,asm
us,game,50D80,.L150253EC,352474092,16,asm
us,game,50D80,.L150253FC,352474108,20,asm
us,game,50D80,.L15025410,352474128,20,asm
us,game,50D80,.L15025424,352474148,20,asm
us,game,50D80,.L15025438,352474168,16,asm
us,game,50D80,.L15025448,352474184,20,asm
us,game,50D80,.L1502545C,352474204,40,asm
us,game,50D80,.L15025484,352474244,44,asm
us,game,50D80,.L150254B0,352474288,32,asm
us,game,50D80,.L150254D0,352474320,4348,asm
us,game,50D80,func_150265CC,352478668,0,asm
us,game,50D80,func_150265CC.NON_MATCHING,352478668,2668,asm
us,game,50D80,.L15027038,352481336,32,asm
us,game,50D80,.L15027058,352481368,16,asm
us,game,50D80,.L15027068,352481384,468,asm
us,game,50D80,.L1502723C,352481852,40,asm
us,game,50D80,.L15027264,352481892,800,asm
us,game,50D80,.L15027584,352482692,60,asm
us,game,50D80,.L150275C0,352482752,60,asm
us,game,50D80,.L150275FC,352482812,60,asm
us,game,50D80,.L15027638,352482872,60,asm
us,game,50D80,.L15027674,352482932,28,asm
us,game,50D80,.L15027690,352482960,28,asm
us,game,50D80,.L150276AC,352482988,24,asm
us,game,50D80,.L150276C4,352483012,140,asm
us,game,50D80,.L15027750,352483152,116,asm
us,game,50D80,.L150277C4,352483268,64,asm
us,game,50D80,.L15027804,352483332,132,asm
us,game,50D80,.L15027888,352483464,28,asm
us,game,50D80,.L150278A4,352483492,84,asm
us,game,50D80,.L150278F8,352483576,92,asm
us,game,50D80,.L15027954,352483668,40,asm
us,game,50D80,.L1502797C,352483708,68,asm
us,game,50D80,.L150279C0,352483776,68,asm
us,game,50D80,.L15027A04,352483844,24,asm
us,game,50D80,.L15027A1C,352483868,28,asm
us,game,50D80,.L15027A38,352483896,68,asm
us,game,50D80,.L15027A7C,352483964,84,asm
us,game,50D80,.L15027AD0,352484048,24,asm
us,game,50D80,.L15027AE8,352484072,376,asm
us,game,50D80,.L15027C60,352484448,212,asm
us,game,50D80,.L15027D34,352484660,2616,asm
us,game,50D80,.L1502876C,352487276,148,asm
us,game,50D80,.L15028800,352487424,16,asm
us,game,50D80,.L15028810,352487440,80,asm
us,game,50D80,.L15028860,352487520,132,asm
us,game,50D80,.L150288E4,352487652,40,asm
us,game,50D80,.L1502890C,352487692,20,asm
us,game,50D80,.L15028920,352487712,20,asm
us,game,50D80,.L15028934,352487732,116,asm
us,game,50D80,.L150289A8,352487848,24,asm
us,game,50D80,.L150289C0,352487872,140,asm
us,game,50D80,.L15028A4C,352488012,24,asm
us,game,50D80,.L15028A64,352488036,24,asm
us,game,50D80,.L15028A7C,352488060,52,asm
us,game,50D80,.L15028AB0,352488112,56,asm
us,game,50D80,.L15028AE8,352488168,456,asm
us,game,50D80,.L15028CB0,352488624,136,asm
us,game,50D80,.L15028D38,352488760,72,asm
us,game,50D80,.L15028D80,352488832,20,asm
us,game,50D80,.L15028D94,352488852,136,asm
us,game,50D80,.L15028E1C,352488988,272,asm
us,game,50D80,.L15028F2C,352489260,36,asm
us,game,50D80,.L15028F50,352489296,68,asm
us,game,50D80,.L15028F94,352489364,140,asm
us,game,50D80,.L15029020,352489504,172,asm
us,game,50D80,.L150290CC,352489676,144,asm
us,game,50D80,.L1502915C,352489820,44,asm
us,game,50D80,.L15029188,352489864,2584,asm
us,game,50D80,.L15029BA0,352492448,24,asm
us,game,50D80,func_15029BB8.NON_MATCHING,352492472,0,asm
us,game,50D80,func_15029BB8,352492472,3304,asm
us,game,50D80,func_1502A8A0,352495776,0,asm
us,game,50D80,func_1502A8A0.NON_MATCHING,352495776,592,asm
us,game,game_57FA0,func_1502AAF0,352496368,8,c
us,game,game_57FA0,func_1502AAF8,352496376,12,c
us,game,game_57FA0,func_1502AB04.NON_MATCHING,352496388,0,c
us,game,game_57FA0,func_1502AB04,352496388,388,asm
us,game,game_57FA0,func_1502AC88,352496776,0,asm
us,game,game_57FA0,func_1502AC88.NON_MATCHING,352496776,636,c
us,game,game_57FA0,func_1502AF04.NON_MATCHING,352497412,0,c
us,game,game_57FA0,func_1502AF04,352497412,284,asm
us,game,game_57FA0,func_1502B020.NON_MATCHING,352497696,0,c
us,game,game_57FA0,func_1502B020,352497696,240,asm
us,game,game_57FA0,func_1502B110,352497936,0,asm
us,game,game_57FA0,func_1502B110.NON_MATCHING,352497936,276,c
us,game,game_57FA0,func_1502B224.NON_MATCHING,352498212,0,c
us,game,game_57FA0,func_1502B224,352498212,300,asm
us,game,game_57FA0,func_1502B350.NON_MATCHING,352498512,0,c
us,game,game_57FA0,func_1502B350,352498512,344,asm
us,game,game_57FA0,func_1502B4A8.NON_MATCHING,352498856,0,c
us,game,game_57FA0,func_1502B4A8,352498856,288,asm
us,game,game_57FA0,func_1502B5C8.NON_MATCHING,352499144,0,c
us,game,game_57FA0,func_1502B5C8,352499144,244,asm
us,game,game_57FA0,func_1502B6BC.NON_MATCHING,352499388,0,c
us,game,game_57FA0,func_1502B6BC,352499388,308,asm
us,game,game_57FA0,func_1502B7F0,352499696,0,asm
us,game,game_57FA0,func_1502B7F0.NON_MATCHING,352499696,240,c
us,game,game_57FA0,func_1502B8E0,352499936,0,asm
us,game,game_57FA0,func_1502B8E0.NON_MATCHING,352499936,212,c
us,game,game_57FA0,func_1502B9B4.NON_MATCHING,352500148,0,c
us,game,game_57FA0,func_1502B9B4,352500148,284,asm
us,game,58F80,func_1502BAD0,352500432,0,asm
us,game,58F80,func_1502BAD0.NON_MATCHING,352500432,692,asm
us,game,58F80,func_1502BD84.NON_MATCHING,352501124,0,asm
us,game,58F80,func_1502BD84,352501124,352,asm
us,game,58F80,func_1502BEE4.NON_MATCHING,352501476,0,asm
us,game,58F80,func_1502BEE4,352501476,704,asm
us,game,58F80,func_1502C1A4.NON_MATCHING,352502180,0,asm
us,game,58F80,func_1502C1A4,352502180,476,asm
us,game,58F80,func_1502C380,352502656,0,asm
us,game,58F80,func_1502C380.NON_MATCHING,352502656,60,asm
us,game,58F80,func_1502C3BC.NON_MATCHING,352502716,0,asm
us,game,58F80,func_1502C3BC,352502716,76,asm
us,game,58F80,func_1502C408,352502792,0,asm
us,game,58F80,func_1502C408.NON_MATCHING,352502792,512,asm
us,game,58F80,func_1502C608.NON_MATCHING,352503304,0,asm
us,game,58F80,func_1502C608,352503304,224,asm
us,game,58F80,func_1502C6E8.NON_MATCHING,352503528,0,asm
us,game,58F80,func_1502C6E8,352503528,652,asm
us,game,58F80,func_1502C974,352504180,0,asm
us,game,58F80,func_1502C974.NON_MATCHING,352504180,704,asm
us,game,58F80,func_1502CC34,352504884,0,asm
us,game,58F80,func_1502CC34.NON_MATCHING,352504884,200,asm
us,game,58F80,func_1502CCFC.NON_MATCHING,352505084,0,asm
us,game,58F80,func_1502CCFC,352505084,2128,asm
us,game,58F80,func_1502D54C.NON_MATCHING,352507212,0,asm
us,game,58F80,func_1502D54C,352507212,228,asm
us,game,58F80,func_1502D630,352507440,0,asm
us,game,58F80,func_1502D630.NON_MATCHING,352507440,500,asm
us,game,58F80,func_1502D824.NON_MATCHING,352507940,0,asm
us,game,58F80,func_1502D824,352507940,764,asm
us,game,58F80,func_1502DB20.NON_MATCHING,352508704,0,asm
us,game,58F80,func_1502DB20,352508704,52,asm
us,game,58F80,.L1502DB54,352508756,24,asm
us,game,58F80,.L1502DB6C,352508780,24,asm
us,game,58F80,func_1502DB84.NON_MATCHING,352508804,0,asm
us,game,58F80,func_1502DB84,352508804,948,asm
us,game,58F80,func_1502DF38,352509752,0,asm
us,game,58F80,func_1502DF38.NON_MATCHING,352509752,1340,asm
us,game,58F80,func_1502E474,352511092,0,asm
us,game,58F80,func_1502E474.NON_MATCHING,352511092,80,asm
us,game,58F80,func_1502E4C4.NON_MATCHING,352511172,0,asm
us,game,58F80,func_1502E4C4,352511172,1336,asm
us,game,58F80,func_1502E9FC.NON_MATCHING,352512508,0,asm
us,game,58F80,func_1502E9FC,352512508,16,asm
us,game,58F80,func_1502EA0C,352512524,0,asm
us,game,58F80,func_1502EA0C.NON_MATCHING,352512524,68,asm
us,game,58F80,func_1502EA50,352512592,0,asm
us,game,58F80,func_1502EA50.NON_MATCHING,352512592,16,asm
us,game,58F80,func_1502EA60.NON_MATCHING,352512608,0,asm
us,game,58F80,func_1502EA60,352512608,28,asm
us,game,58F80,func_1502EA7C.NON_MATCHING,352512636,0,asm
us,game,58F80,func_1502EA7C,352512636,28,asm
us,game,58F80,func_1502EA98.NON_MATCHING,352512664,0,asm
us,game,58F80,func_1502EA98,352512664,100,asm
us,game,58F80,func_1502EAFC.NON_MATCHING,352512764,0,asm
us,game,58F80,func_1502EAFC,352512764,40,asm
us,game,58F80,.L1502EB24,352512804,56,asm
us,game,58F80,.L1502EB5C,352512860,48,asm
us,game,58F80,.L1502EB8C,352512908,36,asm
us,game,58F80,.L1502EBB0,352512944,76,asm
us,game,58F80,.L1502EBFC,352513020,56,asm
us,game,58F80,func_1502EC34.NON_MATCHING,352513076,0,asm
us,game,58F80,func_1502EC34,352513076,48,asm
us,game,58F80,.L1502EC64,352513124,160,asm
us,game,58F80,.L1502ED04,352513284,56,asm
us,game,58F80,.L1502ED3C,352513340,232,asm
us,game,58F80,.L1502EE24,352513572,104,asm
us,game,58F80,func_1502EE8C.NON_MATCHING,352513676,0,asm
us,game,58F80,func_1502EE8C,352513676,104,asm
us,game,58F80,func_1502EEF4.NON_MATCHING,352513780,0,asm
us,game,58F80,func_1502EEF4,352513780,296,asm
us,game,58F80,func_1502F01C,352514076,0,asm
us,game,58F80,func_1502F01C.NON_MATCHING,352514076,584,asm
us,game,58F80,func_1502F264.NON_MATCHING,352514660,0,asm
us,game,58F80,func_1502F264,352514660,356,asm
us,game,58F80,func_1502F3C8,352515016,0,asm
us,game,58F80,func_1502F3C8.NON_MATCHING,352515016,200,asm
us,game,58F80,func_1502F490.NON_MATCHING,352515216,0,asm
us,game,58F80,func_1502F490,352515216,1208,asm
us,game,58F80,func_1502F948.NON_MATCHING,352516424,0,asm
us,game,58F80,func_1502F948,352516424,180,asm
us,game,58F80,func_1502F9FC,352516604,0,asm
us,game,58F80,func_1502F9FC.NON_MATCHING,352516604,492,asm
us,game,58F80,func_1502FBE8.NON_MATCHING,352517096,0,asm
us,game,58F80,func_1502FBE8,352517096,392,asm
us,game,58F80,func_1502FD70,352517488,0,asm
us,game,58F80,func_1502FD70.NON_MATCHING,352517488,160,asm
us,game,5D2C0,func_1502FE10.NON_MATCHING,352517648,0,asm
us,game,5D2C0,func_1502FE10,352517648,456,asm
us,game,5D2C0,func_1502FFD8,352518104,0,asm
us,game,5D2C0,func_1502FFD8.NON_MATCHING,352518104,384,asm
us,game,5D2C0,func_15030158.NON_MATCHING,352518488,0,asm
us,game,5D2C0,func_15030158,352518488,408,asm
us,game,5D2C0,func_150302F0,352518896,0,asm
us,game,5D2C0,func_150302F0.NON_MATCHING,352518896,32,asm
us,game,5D2C0,func_15030310.NON_MATCHING,352518928,0,asm
us,game,5D2C0,func_15030310,352518928,212,asm
us,game,5D2C0,func_150303E4.NON_MATCHING,352519140,0,asm
us,game,5D2C0,func_150303E4,352519140,132,asm
us,game,5D2C0,func_15030468,352519272,0,asm
us,game,5D2C0,func_15030468.NON_MATCHING,352519272,1676,asm
us,game,5D2C0,func_15030AF4.NON_MATCHING,352520948,0,asm
us,game,5D2C0,func_15030AF4,352520948,608,asm
us,game,5D2C0,func_15030D54.NON_MATCHING,352521556,0,asm
us,game,5D2C0,func_15030D54,352521556,180,asm
us,game,5D2C0,func_15030E08,352521736,0,asm
us,game,5D2C0,func_15030E08.NON_MATCHING,352521736,396,asm
us,game,5D2C0,func_15030F94,352522132,0,asm
us,game,5D2C0,func_15030F94.NON_MATCHING,352522132,220,asm
us,game,5D2C0,func_15031070,352522352,0,asm
us,game,5D2C0,func_15031070.NON_MATCHING,352522352,340,asm
us,game,5D2C0,func_150311C4,352522692,0,asm
us,game,5D2C0,func_150311C4.NON_MATCHING,352522692,1896,asm
us,game,5D2C0,func_1503192C,352524588,0,asm
us,game,5D2C0,func_1503192C.NON_MATCHING,352524588,48,asm
us,game,5D2C0,func_1503195C,352524636,0,asm
us,game,5D2C0,func_1503195C.NON_MATCHING,352524636,112,asm
us,game,5D2C0,func_150319CC.NON_MATCHING,352524748,0,asm
us,game,5D2C0,func_150319CC,352524748,132,asm
us,game,5D2C0,func_15031A50,352524880,0,asm
us,game,5D2C0,func_15031A50.NON_MATCHING,352524880,132,asm
us,game,5D2C0,.L15031AD4,352525012,16,asm
us,game,5D2C0,.L15031AE4,352525028,28,asm
us,game,5D2C0,.L15031B00,352525056,16,asm
us,game,5D2C0,.L15031B10,352525072,16,asm
us,game,5D2C0,.L15031B20,352525088,24,asm
us,game,5D2C0,.L15031B38,352525112,40,asm
us,game,5D2C0,.L15031B60,352525152,56,asm
us,game,5D2C0,.L15031B98,352525208,16,asm
us,game,5D2C0,.L15031BA8,352525224,60,asm
us,game,5D2C0,.L15031BE4,352525284,28,asm
us,game,5D2C0,.L15031C00,352525312,20,asm
us,game,5D2C0,func_15031C14.NON_MATCHING,352525332,0,asm
us,game,5D2C0,func_15031C14,352525332,192,asm
us,game,5D2C0,.L15031CD4,352525524,68,asm
us,game,5D2C0,.L15031D18,352525592,56,asm
us,game,5D2C0,.L15031D50,352525648,40,asm
us,game,5D2C0,.L15031D78,352525688,52,asm
us,game,5D2C0,.L15031DAC,352525740,16,asm
us,game,5D2C0,.L15031DBC,352525756,32,asm
us,game,5D2C0,.L15031DDC,352525788,16,asm
us,game,5D2C0,.L15031DEC,352525804,64,asm
us,game,5D2C0,func_15031E2C.NON_MATCHING,352525868,0,asm
us,game,5D2C0,func_15031E2C,352525868,80,asm
us,game,5D2C0,func_15031E7C,352525948,0,asm
us,game,5D2C0,func_15031E7C.NON_MATCHING,352525948,332,asm
us,game,5D2C0,func_15031FC8,352526280,0,asm
us,game,5D2C0,func_15031FC8.NON_MATCHING,352526280,108,asm
us,game,5D2C0,.L15032034,352526388,120,asm
us,game,5D2C0,.L150320AC,352526508,8,asm
us,game,5D2C0,.L150320B4,352526516,132,asm
us,game,5D2C0,.L15032138,352526648,8,asm
us,game,5D2C0,.L15032140,352526656,8,asm
us,game,5D2C0,.L15032148,352526664,8,asm
us,game,5D2C0,.L15032150,352526672,8,asm
us,game,5D2C0,.L15032158,352526680,8,asm
us,game,5D2C0,.L15032160,352526688,8,asm
us,game,5D2C0,.L15032168,352526696,8,asm
us,game,5D2C0,.L15032170,352526704,8,asm
us,game,5D2C0,.L15032178,352526712,8,asm
us,game,5D2C0,.L15032180,352526720,8,asm
us,game,5D2C0,.L15032188,352526728,8,asm
us,game,5D2C0,.L15032190,352526736,8,asm
us,game,5D2C0,.L15032198,352526744,8,asm
us,game,5D2C0,.L150321A0,352526752,8,asm
us,game,5D2C0,.L150321A8,352526760,24,asm
us,game,5D2C0,.L150321C0,352526784,8,asm
us,game,5D2C0,.L150321C8,352526792,44,asm
us,game,5D2C0,.L150321F4,352526836,180,asm
us,game,5D2C0,.L150322A8,352527016,156,asm
us,game,5D2C0,.L15032344,352527172,140,asm
us,game,5D2C0,.L150323D0,352527312,8,asm
us,game,5D2C0,.L150323D8,352527320,156,asm
us,game,5D2C0,.L15032474,352527476,132,asm
us,game,5D2C0,.L150324F8,352527608,8,asm
us,game,5D2C0,.L15032500,352527616,8,asm
us,game,5D2C0,.L15032508,352527624,8,asm
us,game,5D2C0,.L15032510,352527632,8,asm
us,game,5D2C0,.L15032518,352527640,8,asm
us,game,5D2C0,.L15032520,352527648,8,asm
us,game,5D2C0,.L15032528,352527656,8,asm
us,game,5D2C0,.L15032530,352527664,8,asm
us,game,5D2C0,.L15032538,352527672,8,asm
us,game,5D2C0,.L15032540,352527680,8,asm
us,game,5D2C0,.L15032548,352527688,8,asm
us,game,5D2C0,.L15032550,352527696,8,asm
us,game,5D2C0,.L15032558,352527704,8,asm
us,game,5D2C0,.L15032560,352527712,8,asm
us,game,5D2C0,.L15032568,352527720,8,asm
us,game,5D2C0,.L15032570,352527728,8,asm
us,game,5D2C0,.L15032578,352527736,44,asm
us,game,5D2C0,.L150325A4,352527780,100,asm
us,game,5D2C0,.L15032608,352527880,108,asm
us,game,5D2C0,.L15032674,352527988,60,asm
us,game,5D2C0,.L150326B0,352528048,8,asm
us,game,5D2C0,.L150326B8,352528056,8,asm
us,game,5D2C0,.L150326C0,352528064,8,asm
us,game,5D2C0,.L150326C8,352528072,8,asm
us,game,5D2C0,.L150326D0,352528080,8,asm
us,game,5D2C0,.L150326D8,352528088,8,asm
us,game,5D2C0,.L150326E0,352528096,8,asm
us,game,5D2C0,.L150326E8,352528104,8,asm
us,game,5D2C0,.L150326F0,352528112,8,asm
us,game,5D2C0,.L150326F8,352528120,8,asm
us,game,5D2C0,.L15032700,352528128,8,asm
us,game,5D2C0,.L15032708,352528136,8,asm
us,game,5D2C0,.L15032710,352528144,8,asm
us,game,5D2C0,.L15032718,352528152,8,asm
us,game,5D2C0,.L15032720,352528160,8,asm
us,game,5D2C0,.L15032728,352528168,8,asm
us,game,5D2C0,.L15032730,352528176,8,asm
us,game,5D2C0,.L15032738,352528184,8,asm
us,game,5D2C0,.L15032740,352528192,8,asm
us,game,5D2C0,.L15032748,352528200,8,asm
us,game,5D2C0,.L15032750,352528208,8,asm
us,game,5D2C0,.L15032758,352528216,8,asm
us,game,5D2C0,.L15032760,352528224,8,asm
us,game,5D2C0,.L15032768,352528232,8,asm
us,game,5D2C0,.L15032770,352528240,8,asm
us,game,5D2C0,.L15032778,352528248,8,asm
us,game,5D2C0,.L15032780,352528256,8,asm
us,game,5D2C0,.L15032788,352528264,8,asm
us,game,5D2C0,.L15032790,352528272,8,asm
us,game,5D2C0,.L15032798,352528280,8,asm
us,game,5D2C0,.L150327A0,352528288,8,asm
us,game,5D2C0,.L150327A8,352528296,8,asm
us,game,5D2C0,.L150327B0,352528304,8,asm
us,game,5D2C0,.L150327B8,352528312,8,asm
us,game,5D2C0,.L150327C0,352528320,8,asm
us,game,5D2C0,.L150327C8,352528328,8,asm
us,game,5D2C0,.L150327D0,352528336,8,asm
us,game,5D2C0,.L150327D8,352528344,8,asm
us,game,5D2C0,.L150327E0,352528352,8,asm
us,game,5D2C0,.L150327E8,352528360,8,asm
us,game,5D2C0,.L150327F0,352528368,8,asm
us,game,5D2C0,.L150327F8,352528376,8,asm
us,game,5D2C0,.L15032800,352528384,8,asm
us,game,5D2C0,.L15032808,352528392,8,asm
us,game,5D2C0,.L15032810,352528400,8,asm
us,game,5D2C0,.L15032818,352528408,8,asm
us,game,5D2C0,.L15032820,352528416,8,asm
us,game,5D2C0,.L15032828,352528424,8,asm
us,game,5D2C0,.L15032830,352528432,8,asm
us,game,5D2C0,.L15032838,352528440,8,asm
us,game,5D2C0,.L15032840,352528448,8,asm
us,game,5D2C0,.L15032848,352528456,8,asm
us,game,5D2C0,.L15032850,352528464,8,asm
us,game,5D2C0,.L15032858,352528472,8,asm
us,game,5D2C0,.L15032860,352528480,8,asm
us,game,5D2C0,.L15032868,352528488,8,asm
us,game,5D2C0,.L15032870,352528496,8,asm
us,game,5D2C0,.L15032878,352528504,8,asm
us,game,5D2C0,.L15032880,352528512,8,asm
us,game,5D2C0,.L15032888,352528520,8,asm
us,game,5D2C0,.L15032890,352528528,8,asm
us,game,5D2C0,.L15032898,352528536,8,asm
us,game,5D2C0,.L150328A0,352528544,8,asm
us,game,5D2C0,.L150328A8,352528552,8,asm
us,game,5D2C0,.L150328B0,352528560,8,asm
us,game,5D2C0,.L150328B8,352528568,8,asm
us,game,5D2C0,.L150328C0,352528576,8,asm
us,game,5D2C0,.L150328C8,352528584,8,asm
us,game,5D2C0,.L150328D0,352528592,8,asm
us,game,5D2C0,.L150328D8,352528600,8,asm
us,game,5D2C0,.L150328E0,352528608,8,asm
us,game,5D2C0,.L150328E8,352528616,8,asm
us,game,5D2C0,.L150328F0,352528624,8,asm
us,game,5D2C0,.L150328F8,352528632,8,asm
us,game,5D2C0,.L15032900,352528640,8,asm
us,game,5D2C0,.L15032908,352528648,8,asm
us,game,5D2C0,.L15032910,352528656,8,asm
us,game,5D2C0,.L15032918,352528664,8,asm
us,game,5D2C0,.L15032920,352528672,8,asm
us,game,5D2C0,.L15032928,352528680,8,asm
us,game,5D2C0,.L15032930,352528688,8,asm
us,game,5D2C0,.L15032938,352528696,8,asm
us,game,5D2C0,.L15032940,352528704,8,asm
us,game,5D2C0,.L15032948,352528712,8,asm
us,game,5D2C0,.L15032950,352528720,8,asm
us,game,5D2C0,.L15032958,352528728,8,asm
us,game,5D2C0,.L15032960,352528736,16,asm
us,game,5D2C0,.L15032970,352528752,8,asm
us,game,5D2C0,.L15032978,352528760,8,asm
us,game,5D2C0,.L15032980,352528768,8,asm
us,game,5D2C0,.L15032988,352528776,8,asm
us,game,5D2C0,.L15032990,352528784,8,asm
us,game,5D2C0,.L15032998,352528792,8,asm
us,game,5D2C0,.L150329A0,352528800,8,asm
us,game,5D2C0,.L150329A8,352528808,8,asm
us,game,5D2C0,.L150329B0,352528816,8,asm
us,game,5D2C0,.L150329B8,352528824,8,asm
us,game,5D2C0,.L150329C0,352528832,8,asm
us,game,5D2C0,.L150329C8,352528840,8,asm
us,game,5D2C0,.L150329D0,352528848,8,asm
us,game,5D2C0,.L150329D8,352528856,8,asm
us,game,5D2C0,.L150329E0,352528864,8,asm
us,game,5D2C0,.L150329E8,352528872,8,asm
us,game,5D2C0,.L150329F0,352528880,8,asm
us,game,5D2C0,.L150329F8,352528888,8,asm
us,game,5D2C0,.L15032A00,352528896,8,asm
us,game,5D2C0,.L15032A08,352528904,8,asm
us,game,5D2C0,.L15032A10,352528912,8,asm
us,game,5D2C0,.L15032A18,352528920,8,asm
us,game,5D2C0,.L15032A20,352528928,8,asm
us,game,5D2C0,.L15032A28,352528936,8,asm
us,game,5D2C0,.L15032A30,352528944,8,asm
us,game,5D2C0,.L15032A38,352528952,8,asm
us,game,5D2C0,.L15032A40,352528960,8,asm
us,game,5D2C0,.L15032A48,352528968,8,asm
us,game,5D2C0,.L15032A50,352528976,8,asm
us,game,5D2C0,.L15032A58,352528984,8,asm
us,game,5D2C0,.L15032A60,352528992,8,asm
us,game,5D2C0,.L15032A68,352529000,8,asm
us,game,5D2C0,.L15032A70,352529008,8,asm
us,game,5D2C0,.L15032A78,352529016,8,asm
us,game,5D2C0,.L15032A80,352529024,8,asm
us,game,5D2C0,.L15032A88,352529032,8,asm
us,game,5D2C0,.L15032A90,352529040,8,asm
us,game,5D2C0,.L15032A98,352529048,8,asm
us,game,5D2C0,.L15032AA0,352529056,8,asm
us,game,5D2C0,.L15032AA8,352529064,8,asm
us,game,5D2C0,.L15032AB0,352529072,8,asm
us,game,5D2C0,.L15032AB8,352529080,8,asm
us,game,5D2C0,.L15032AC0,352529088,8,asm
us,game,5D2C0,.L15032AC8,352529096,8,asm
us,game,5D2C0,.L15032AD0,352529104,8,asm
us,game,5D2C0,.L15032AD8,352529112,8,asm
us,game,5D2C0,.L15032AE0,352529120,8,asm
us,game,5D2C0,.L15032AE8,352529128,8,asm
us,game,5D2C0,.L15032AF0,352529136,8,asm
us,game,5D2C0,.L15032AF8,352529144,8,asm
us,game,5D2C0,.L15032B00,352529152,8,asm
us,game,5D2C0,.L15032B08,352529160,8,asm
us,game,5D2C0,.L15032B10,352529168,8,asm
us,game,5D2C0,.L15032B18,352529176,8,asm
us,game,5D2C0,.L15032B20,352529184,8,asm
us,game,5D2C0,.L15032B28,352529192,8,asm
us,game,5D2C0,.L15032B30,352529200,8,asm
us,game,5D2C0,.L15032B38,352529208,8,asm
us,game,5D2C0,.L15032B40,352529216,8,asm
us,game,5D2C0,.L15032B48,352529224,8,asm
us,game,5D2C0,.L15032B50,352529232,8,asm
us,game,5D2C0,.L15032B58,352529240,8,asm
us,game,5D2C0,.L15032B60,352529248,8,asm
us,game,5D2C0,.L15032B68,352529256,8,asm
us,game,5D2C0,.L15032B70,352529264,8,asm
us,game,5D2C0,.L15032B78,352529272,8,asm
us,game,5D2C0,.L15032B80,352529280,8,asm
us,game,5D2C0,.L15032B88,352529288,8,asm
us,game,5D2C0,.L15032B90,352529296,8,asm
us,game,5D2C0,.L15032B98,352529304,8,asm
us,game,5D2C0,.L15032BA0,352529312,8,asm
us,game,5D2C0,.L15032BA8,352529320,8,asm
us,game,5D2C0,.L15032BB0,352529328,8,asm
us,game,5D2C0,.L15032BB8,352529336,8,asm
us,game,5D2C0,.L15032BC0,352529344,8,asm
us,game,5D2C0,.L15032BC8,352529352,8,asm
us,game,5D2C0,.L15032BD0,352529360,8,asm
us,game,5D2C0,.L15032BD8,352529368,8,asm
us,game,5D2C0,.L15032BE0,352529376,8,asm
us,game,5D2C0,.L15032BE8,352529384,8,asm
us,game,5D2C0,.L15032BF0,352529392,8,asm
us,game,5D2C0,.L15032BF8,352529400,8,asm
us,game,5D2C0,.L15032C00,352529408,8,asm
us,game,5D2C0,.L15032C08,352529416,8,asm
us,game,5D2C0,.L15032C10,352529424,8,asm
us,game,5D2C0,.L15032C18,352529432,8,asm
us,game,5D2C0,.L15032C20,352529440,8,asm
us,game,5D2C0,.L15032C28,352529448,8,asm
us,game,5D2C0,.L15032C30,352529456,8,asm
us,game,5D2C0,.L15032C38,352529464,8,asm
us,game,5D2C0,.L15032C40,352529472,8,asm
us,game,5D2C0,.L15032C48,352529480,8,asm
us,game,5D2C0,.L15032C50,352529488,8,asm
us,game,5D2C0,.L15032C58,352529496,8,asm
us,game,5D2C0,.L15032C60,352529504,8,asm
us,game,5D2C0,.L15032C68,352529512,8,asm
us,game,5D2C0,.L15032C70,352529520,8,asm
us,game,5D2C0,.L15032C78,352529528,8,asm
us,game,5D2C0,.L15032C80,352529536,8,asm
us,game,5D2C0,.L15032C88,352529544,8,asm
us,game,5D2C0,.L15032C90,352529552,8,asm
us,game,5D2C0,.L15032C98,352529560,8,asm
us,game,5D2C0,.L15032CA0,352529568,8,asm
us,game,5D2C0,.L15032CA8,352529576,8,asm
us,game,5D2C0,.L15032CB0,352529584,8,asm
us,game,5D2C0,.L15032CB8,352529592,8,asm
us,game,5D2C0,.L15032CC0,352529600,8,asm
us,game,5D2C0,.L15032CC8,352529608,8,asm
us,game,5D2C0,.L15032CD0,352529616,8,asm
us,game,5D2C0,.L15032CD8,352529624,8,asm
us,game,5D2C0,.L15032CE0,352529632,8,asm
us,game,5D2C0,.L15032CE8,352529640,8,asm
us,game,5D2C0,.L15032CF0,352529648,8,asm
us,game,5D2C0,.L15032CF8,352529656,8,asm
us,game,5D2C0,.L15032D00,352529664,8,asm
us,game,5D2C0,.L15032D08,352529672,8,asm
us,game,5D2C0,.L15032D10,352529680,8,asm
us,game,5D2C0,.L15032D18,352529688,8,asm
us,game,5D2C0,.L15032D20,352529696,8,asm
us,game,5D2C0,.L15032D28,352529704,8,asm
us,game,5D2C0,.L15032D30,352529712,8,asm
us,game,5D2C0,.L15032D38,352529720,8,asm
us,game,5D2C0,.L15032D40,352529728,8,asm
us,game,5D2C0,.L15032D48,352529736,8,asm
us,game,5D2C0,.L15032D50,352529744,8,asm
us,game,5D2C0,.L15032D58,352529752,8,asm
us,game,5D2C0,.L15032D60,352529760,8,asm
us,game,5D2C0,.L15032D68,352529768,8,asm
us,game,5D2C0,.L15032D70,352529776,8,asm
us,game,5D2C0,.L15032D78,352529784,8,asm
us,game,5D2C0,.L15032D80,352529792,8,asm
us,game,5D2C0,.L15032D88,352529800,8,asm
us,game,5D2C0,.L15032D90,352529808,8,asm
us,game,5D2C0,.L15032D98,352529816,8,asm
us,game,5D2C0,.L15032DA0,352529824,8,asm
us,game,5D2C0,.L15032DA8,352529832,8,asm
us,game,5D2C0,.L15032DB0,352529840,8,asm
us,game,5D2C0,.L15032DB8,352529848,8,asm
us,game,5D2C0,.L15032DC0,352529856,8,asm
us,game,5D2C0,.L15032DC8,352529864,8,asm
us,game,5D2C0,.L15032DD0,352529872,8,asm
us,game,5D2C0,.L15032DD8,352529880,8,asm
us,game,5D2C0,.L15032DE0,352529888,8,asm
us,game,5D2C0,.L15032DE8,352529896,8,asm
us,game,5D2C0,.L15032DF0,352529904,8,asm
us,game,5D2C0,.L15032DF8,352529912,92,asm
us,game,5D2C0,.L15032E54,352530004,100,asm
us,game,5D2C0,.L15032EB8,352530104,44,asm
us,game,5D2C0,.L15032EE4,352530148,136,asm
us,game,5D2C0,.L15032F6C,352530284,36,asm
us,game,5D2C0,.L15032F90,352530320,8,asm
us,game,5D2C0,.L15032F98,352530328,8,asm
us,game,5D2C0,.L15032FA0,352530336,8,asm
us,game,5D2C0,.L15032FA8,352530344,8,asm
us,game,5D2C0,.L15032FB0,352530352,8,asm
us,game,5D2C0,.L15032FB8,352530360,128,asm
us,game,5D2C0,.L15033038,352530488,112,asm
us,game,5D2C0,.L150330A8,352530600,272,asm
us,game,5D2C0,func_150331B8,352530872,0,asm
us,game,5D2C0,func_150331B8.NON_MATCHING,352530872,196,asm
us,game,5D2C0,func_1503327C.NON_MATCHING,352531068,0,asm
us,game,5D2C0,func_1503327C,352531068,172,asm
us,game,5D2C0,func_15033328,352531240,0,asm
us,game,5D2C0,func_15033328.NON_MATCHING,352531240,128,asm
us,game,5D2C0,func_150333A8.NON_MATCHING,352531368,0,asm
us,game,5D2C0,func_150333A8,352531368,152,asm
us,game,5D2C0,func_15033440,352531520,0,asm
us,game,5D2C0,func_15033440.NON_MATCHING,352531520,120,asm
us,game,5D2C0,func_150334B8,352531640,0,asm
us,game,5D2C0,func_150334B8.NON_MATCHING,352531640,272,asm
us,game,5D2C0,func_150335C8,352531912,0,asm
us,game,5D2C0,func_150335C8.NON_MATCHING,352531912,452,asm
us,game,5D2C0,func_1503378C,352532364,0,asm
us,game,5D2C0,func_1503378C.NON_MATCHING,352532364,88,asm
us,game,5D2C0,func_150337E4,352532452,0,asm
us,game,5D2C0,func_150337E4.NON_MATCHING,352532452,84,asm
us,game,5D2C0,func_15033838.NON_MATCHING,352532536,0,asm
us,game,5D2C0,func_15033838,352532536,400,asm
us,game,5D2C0,func_150339C8,352532936,0,asm
us,game,5D2C0,func_150339C8.NON_MATCHING,352532936,272,asm
us,game,5D2C0,func_15033AD8.NON_MATCHING,352533208,0,asm
us,game,5D2C0,func_15033AD8,352533208,260,asm
us,game,5D2C0,func_15033BDC.NON_MATCHING,352533468,0,asm
us,game,5D2C0,func_15033BDC,352533468,548,asm
us,game,5D2C0,func_15033E00.NON_MATCHING,352534016,0,asm
us,game,5D2C0,func_15033E00,352534016,40,asm
us,game,5D2C0,func_15033E28,352534056,0,asm
us,game,5D2C0,func_15033E28.NON_MATCHING,352534056,92,asm
us,game,5D2C0,func_15033E84.NON_MATCHING,352534148,0,asm
us,game,5D2C0,func_15033E84,352534148,64,asm
us,game,5D2C0,func_15033EC4,352534212,0,asm
us,game,5D2C0,func_15033EC4.NON_MATCHING,352534212,72,asm
us,game,5D2C0,func_15033F0C.NON_MATCHING,352534284,0,asm
us,game,5D2C0,func_15033F0C,352534284,100,asm
us,game,5D2C0,func_15033F70,352534384,0,asm
us,game,5D2C0,func_15033F70.NON_MATCHING,352534384,112,asm
us,game,61490,func_15033FE0.NON_MATCHING,352534496,0,asm
us,game,61490,func_15033FE0,352534496,268,asm
us,game,61490,.L150340EC,352534764,40,asm
us,game,61490,.L15034114,352534804,20,asm
us,game,61490,.L15034128,352534824,40,asm
us,game,61490,.L15034150,352534864,20,asm
us,game,61490,.L15034164,352534884,16,asm
us,game,61490,.L15034174,352534900,72,asm
us,game,61490,func_150341BC,352534972,0,asm
us,game,61490,func_150341BC.NON_MATCHING,352534972,388,asm
us,game,61490,func_15034340,352535360,0,asm
us,game,61490,func_15034340.NON_MATCHING,352535360,112,asm
us,game,61490,func_150343B0.NON_MATCHING,352535472,0,asm
us,game,61490,func_150343B0,352535472,112,asm
us,game,61490,func_15034420,352535584,0,asm
us,game,61490,func_15034420.NON_MATCHING,352535584,128,asm
us,game,61490,func_150344A0,352535712,0,asm
us,game,61490,func_150344A0.NON_MATCHING,352535712,156,asm
us,game,61490,func_1503453C,352535868,0,asm
us,game,61490,func_1503453C.NON_MATCHING,352535868,144,asm
us,game,61490,.L150345CC,352536012,24,asm
us,game,61490,func_150345E4.NON_MATCHING,352536036,0,asm
us,game,61490,func_150345E4,352536036,324,asm
us,game,61490,func_15034728,352536360,0,asm
us,game,61490,func_15034728.NON_MATCHING,352536360,192,asm
us,game,61490,func_150347E8.NON_MATCHING,352536552,0,asm
us,game,61490,func_150347E8,352536552,120,asm
us,game,61D10,func_15034860,352536672,0,asm
us,game,61D10,func_15034860.NON_MATCHING,352536672,1620,asm
us,game,61D10,func_15034EB4.NON_MATCHING,352538292,0,asm
us,game,61D10,func_15034EB4,352538292,108,asm
us,game,61D10,func_15034F20.NON_MATCHING,352538400,0,asm
us,game,61D10,func_15034F20,352538400,16,asm
us,game,61D10,func_15034F30,352538416,0,asm
us,game,61D10,func_15034F30.NON_MATCHING,352538416,1944,asm
us,game,61D10,func_150356C8,352540360,0,asm
us,game,61D10,func_150356C8.NON_MATCHING,352540360,76,asm
us,game,61D10,func_15035714,352540436,0,asm
us,game,61D10,func_15035714.NON_MATCHING,352540436,244,asm
us,game,61D10,func_15035808.NON_MATCHING,352540680,0,asm
us,game,61D10,func_15035808,352540680,1380,asm
us,game,61D10,func_15035D6C,352542060,0,asm
us,game,61D10,func_15035D6C.NON_MATCHING,352542060,636,asm
us,game,61D10,func_15035FE8,352542696,0,asm
us,game,61D10,func_15035FE8.NON_MATCHING,352542696,352,asm
us,game,61D10,func_15036148,352543048,0,asm
us,game,61D10,func_15036148.NON_MATCHING,352543048,456,asm
us,game,637C0,func_15036310.NON_MATCHING,352543504,0,asm
us,game,637C0,func_15036310,352543504,608,asm
us,game,63A20,func_15036570,352544112,0,asm
us,game,63A20,func_15036570.NON_MATCHING,352544112,852,asm
us,game,63A20,func_150368C4,352544964,0,asm
us,game,63A20,func_150368C4.NON_MATCHING,352544964,940,asm
us,game,64120,func_15036C70.NON_MATCHING,352545904,0,asm
us,game,64120,func_15036C70,352545904,120,asm
us,game,64120,func_15036CE8.NON_MATCHING,352546024,0,asm
us,game,64120,func_15036CE8,352546024,132,asm
us,game,64120,.L15036D6C,352546156,32,asm
us,game,64120,.L15036D8C,352546188,424,asm
us,game,64120,func_15036F34.NON_MATCHING,352546612,0,asm
us,game,64120,func_15036F34,352546612,192,asm
us,game,64120,.L15036FF4,352546804,20,asm
us,game,64120,.L15037008,352546824,20,asm
us,game,64120,.L1503701C,352546844,20,asm
us,game,64120,.L15037030,352546864,20,asm
us,game,64120,.L15037044,352546884,20,asm
us,game,64120,.L15037058,352546904,20,asm
us,game,64120,.L1503706C,352546924,20,asm
us,game,64120,.L15037080,352546944,20,asm
us,game,64120,.L15037094,352546964,44,asm
us,game,64120,.L150370C0,352547008,44,asm
us,game,64120,.L150370EC,352547052,44,asm
us,game,64120,.L15037118,352547096,44,asm
us,game,64120,.L15037144,352547140,20,asm
us,game,64120,.L15037158,352547160,20,asm
us,game,64120,.L1503716C,352547180,164,asm
us,game,64120,.L15037210,352547344,28,asm
us,game,64120,.L1503722C,352547372,20,asm
us,game,64120,.L15037240,352547392,20,asm
us,game,64120,.L15037254,352547412,20,asm
us,game,64120,.L15037268,352547432,20,asm
us,game,64120,.L1503727C,352547452,64,asm
us,game,64120,.L150372BC,352547516,20,asm
us,game,64120,.L150372D0,352547536,20,asm
us,game,64120,.L150372E4,352547556,20,asm
us,game,64120,.L150372F8,352547576,24,asm
us,game,64120,.L15037310,352547600,20,asm
us,game,64120,.L15037324,352547620,60,asm
us,game,64120,.L15037360,352547680,20,asm
us,game,64120,.L15037374,352547700,28,asm
us,game,64120,.L15037390,352547728,28,asm
us,game,64120,.L150373AC,352547756,20,asm
us,game,64120,.L150373C0,352547776,76,asm
us,game,64120,.L1503740C,352547852,40,asm
us,game,64120,.L15037434,352547892,24,asm
us,game,64120,.L1503744C,352547916,24,asm
us,game,64120,.L15037464,352547940,24,asm
us,game,64120,.L1503747C,352547964,24,asm
us,game,64120,.L15037494,352547988,20,asm
us,game,64120,.L150374A8,352548008,20,asm
us,game,64120,.L150374BC,352548028,20,asm
us,game,64120,.L150374D0,352548048,48,asm
us,game,64120,.L15037500,352548096,388,asm
us,game,64120,.L15037684,352548484,20,asm
us,game,64120,func_15037698.NON_MATCHING,352548504,0,asm
us,game,64120,func_15037698,352548504,488,asm
us,game,64120,func_15037880.NON_MATCHING,352548992,0,asm
us,game,64120,func_15037880,352548992,348,asm
us,game,64120,func_150379DC,352549340,0,asm
us,game,64120,func_150379DC.NON_MATCHING,352549340,1764,asm
us,game,64120,func_150380C0,352551104,0,asm
us,game,64120,func_150380C0.NON_MATCHING,352551104,936,asm
us,game,64120,func_15038468.NON_MATCHING,352552040,0,asm
us,game,64120,func_15038468,352552040,440,asm
us,game,64120,func_15038620.NON_MATCHING,352552480,0,asm
us,game,64120,func_15038620,352552480,5172,asm
us,game,64120,func_15039A54.NON_MATCHING,352557652,0,asm
us,game,64120,func_15039A54,352557652,36,asm
us,game,64120,func_15039A78.NON_MATCHING,352557688,0,asm
us,game,64120,func_15039A78,352557688,592,asm
us,game,64120,func_15039CC8,352558280,0,asm
us,game,64120,func_15039CC8.NON_MATCHING,352558280,520,asm
us,game,64120,func_15039ED0.NON_MATCHING,352558800,0,asm
us,game,64120,func_15039ED0,352558800,444,asm
us,game,64120,func_1503A08C,352559244,0,asm
us,game,64120,func_1503A08C.NON_MATCHING,352559244,1408,asm
us,game,64120,func_1503A60C.NON_MATCHING,352560652,0,asm
us,game,64120,func_1503A60C,352560652,108,asm
us,game,64120,func_1503A678,352560760,0,asm
us,game,64120,func_1503A678.NON_MATCHING,352560760,376,asm
us,game,64120,func_1503A7F0.NON_MATCHING,352561136,0,asm
us,game,64120,func_1503A7F0,352561136,64,asm
us,game,64120,func_1503A830.NON_MATCHING,352561200,0,asm
us,game,64120,func_1503A830,352561200,292,asm
us,game,64120,.L1503A954,352561492,24,asm
us,game,64120,.L1503A96C,352561516,20,asm
us,game,64120,.L1503A980,352561536,3444,asm
us,game,64120,.L1503B6F4,352564980,20,asm
us,game,64120,func_1503B708.NON_MATCHING,352565000,0,asm
us,game,64120,func_1503B708,352565000,184,asm
us,game,68C70,func_1503B7C0,352565184,0,asm
us,game,68C70,func_1503B7C0.NON_MATCHING,352565184,128,asm
us,game,68C70,func_1503B840.NON_MATCHING,352565312,0,asm
us,game,68C70,func_1503B840,352565312,284,asm
us,game,68C70,func_1503B95C,352565596,0,asm
us,game,68C70,func_1503B95C.NON_MATCHING,352565596,96,asm
us,game,68C70,func_1503B9BC.NON_MATCHING,352565692,0,asm
us,game,68C70,func_1503B9BC,352565692,4572,asm
us,game,68C70,func_1503CB98.NON_MATCHING,352570264,0,asm
us,game,68C70,func_1503CB98,352570264,904,asm
us,game,6A3D0,func_1503CF20,352571168,0,asm
us,game,6A3D0,func_1503CF20.NON_MATCHING,352571168,1096,asm
us,game,6A3D0,func_1503D368,352572264,0,asm
us,game,6A3D0,func_1503D368.NON_MATCHING,352572264,208,asm
us,game,6A3D0,func_1503D438,352572472,0,asm
us,game,6A3D0,func_1503D438.NON_MATCHING,352572472,36,asm
us,game,6A3D0,func_1503D45C.NON_MATCHING,352572508,0,asm
us,game,6A3D0,func_1503D45C,352572508,40,asm
us,game,6A3D0,func_1503D484.NON_MATCHING,352572548,0,asm
us,game,6A3D0,func_1503D484,352572548,140,asm
us,game,6A3D0,func_1503D510,352572688,0,asm
us,game,6A3D0,func_1503D510.NON_MATCHING,352572688,224,asm
us,game,6A3D0,func_1503D5F0.NON_MATCHING,352572912,0,asm
us,game,6A3D0,func_1503D5F0,352572912,112,asm
us,game,6A3D0,func_1503D660.NON_MATCHING,352573024,0,asm
us,game,6A3D0,func_1503D660,352573024,276,asm
us,game,6A3D0,func_1503D774.NON_MATCHING,352573300,0,asm
us,game,6A3D0,func_1503D774,352573300,144,asm
us,game,6A3D0,func_1503D804,352573444,0,asm
us,game,6A3D0,func_1503D804.NON_MATCHING,352573444,384,asm
us,game,6A3D0,func_1503D984,352573828,0,asm
us,game,6A3D0,func_1503D984.NON_MATCHING,352573828,184,asm
us,game,6A3D0,func_1503DA3C.NON_MATCHING,352574012,0,asm
us,game,6A3D0,func_1503DA3C,352574012,96,asm
us,game,6A3D0,func_1503DA9C.NON_MATCHING,352574108,0,asm
us,game,6A3D0,func_1503DA9C,352574108,416,asm
us,game,6A3D0,func_1503DC3C,352574524,0,asm
us,game,6A3D0,func_1503DC3C.NON_MATCHING,352574524,224,asm
us,game,6A3D0,func_1503DD1C.NON_MATCHING,352574748,0,asm
us,game,6A3D0,func_1503DD1C,352574748,180,asm
us,game,6B280,func_1503DDD0.NON_MATCHING,352574928,0,asm
us,game,6B280,func_1503DDD0,352574928,160,asm
us,game,6B320,func_1503DE70.NON_MATCHING,352575088,0,asm
us,game,6B320,func_1503DE70,352575088,156,asm
us,game,6B320,func_1503DF0C,352575244,0,asm
us,game,6B320,func_1503DF0C.NON_MATCHING,352575244,60,asm
us,game,6B320,func_1503DF48,352575304,0,asm
us,game,6B320,func_1503DF48.NON_MATCHING,352575304,684,asm
us,game,6B320,func_1503E1F4.NON_MATCHING,352575988,0,asm
us,game,6B320,func_1503E1F4,352575988,108,asm
us,game,6B320,func_1503E260,352576096,0,asm
us,game,6B320,func_1503E260.NON_MATCHING,352576096,356,asm
us,game,6B320,func_1503E3C4.NON_MATCHING,352576452,0,asm
us,game,6B320,func_1503E3C4,352576452,564,asm
us,game,6B320,func_1503E5F8.NON_MATCHING,352577016,0,asm
us,game,6B320,func_1503E5F8,352577016,564,asm
us,game,6B320,func_1503E82C.NON_MATCHING,352577580,0,asm
us,game,6B320,func_1503E82C,352577580,552,asm
us,game,6B320,func_1503EA54,352578132,0,asm
us,game,6B320,func_1503EA54.NON_MATCHING,352578132,292,asm
us,game,6B320,func_1503EB78,352578424,0,asm
us,game,6B320,func_1503EB78.NON_MATCHING,352578424,296,asm
us,game,6B320,func_1503ECA0.NON_MATCHING,352578720,0,asm
us,game,6B320,func_1503ECA0,352578720,536,asm
us,game,6B320,func_1503EEB8.NON_MATCHING,352579256,0,asm
us,game,6B320,func_1503EEB8,352579256,8,asm
us,game,6B320,func_1503EEC0.NON_MATCHING,352579264,0,asm
us,game,6B320,func_1503EEC0,352579264,140,asm
us,game,6B320,func_1503EF4C,352579404,0,asm
us,game,6B320,func_1503EF4C.NON_MATCHING,352579404,120,asm
us,game,6B320,func_1503EFC4,352579524,0,asm
us,game,6B320,func_1503EFC4.NON_MATCHING,352579524,180,asm
us,game,6B320,func_1503F078.NON_MATCHING,352579704,0,asm
us,game,6B320,func_1503F078,352579704,52,asm
us,game,6B320,func_1503F0AC,352579756,0,asm
us,game,6B320,func_1503F0AC.NON_MATCHING,352579756,44,asm
us,game,6B320,func_1503F0D8.NON_MATCHING,352579800,0,asm
us,game,6B320,func_1503F0D8,352579800,48,asm
us,game,6B320,func_1503F108.NON_MATCHING,352579848,0,asm
us,game,6B320,func_1503F108,352579848,100,asm
us,game,6B320,func_1503F16C,352579948,0,asm
us,game,6B320,func_1503F16C.NON_MATCHING,352579948,324,asm
us,game,6B320,func_1503F2B0.NON_MATCHING,352580272,0,asm
us,game,6B320,func_1503F2B0,352580272,340,asm
us,game,6B320,func_1503F404,352580612,0,asm
us,game,6B320,func_1503F404.NON_MATCHING,352580612,172,asm
us,game,6C960,func_1503F4B0,352580784,0,asm
us,game,6C960,func_1503F4B0.NON_MATCHING,352580784,264,asm
us,game,6C960,func_1503F5B8,352581048,0,asm
us,game,6C960,func_1503F5B8.NON_MATCHING,352581048,116,asm
us,game,6C960,func_1503F62C.NON_MATCHING,352581164,0,asm
us,game,6C960,func_1503F62C,352581164,396,asm
us,game,6C960,func_1503F7B8,352581560,0,asm
us,game,6C960,func_1503F7B8.NON_MATCHING,352581560,72,asm
us,game,6CCB0,func_1503F800,352581632,0,asm
us,game,6CCB0,func_1503F800.NON_MATCHING,352581632,260,asm
us,game,6CCB0,func_1503F904.NON_MATCHING,352581892,0,asm
us,game,6CCB0,func_1503F904,352581892,96,asm
us,game,6CCB0,func_1503F964,352581988,0,asm
us,game,6CCB0,func_1503F964.NON_MATCHING,352581988,140,asm
us,game,6CEA0,func_1503F9F0.NON_MATCHING,352582128,0,asm
us,game,6CEA0,func_1503F9F0,352582128,280,asm
us,game,6CEA0,func_1503FB08,352582408,0,asm
us,game,6CEA0,func_1503FB08.NON_MATCHING,352582408,56,asm
us,game,6CEA0,func_1503FB40.NON_MATCHING,352582464,0,asm
us,game,6CEA0,func_1503FB40,352582464,2064,asm
us,game,game_6D800,func_15040350,352584528,120,c
us,game,game_6D800,func_150403C8,352584648,0,asm
us,game,game_6D800,func_150403C8.NON_MATCHING,352584648,192,c
us,game,game_6D800,.L15040488,352584840,272,c
us,game,game_6D800,.L15040598,352585112,8,c
us,game,game_6D800,.L150405A0,352585120,12,c
us,game,game_6D800,.L150405AC,352585132,24,c
us,game,game_6D800,.L150405C4,352585156,16,c
us,game,game_6D800,.L150405D4,352585172,16,c
us,game,game_6D800,.L150405E4,352585188,8,c
us,game,game_6D800,.L150405EC,352585196,8,c
us,game,game_6D800,.L150405F4,352585204,8,c
us,game,game_6D800,.L150405FC,352585212,68,c
us,game,game_6D800,.L15040640,352585280,8,c
us,game,game_6D800,.L15040648,352585288,228,c
us,game,game_6D800,func_1504072C,352585516,28,c
us,game,game_6D800,func_15040748,352585544,12,c
us,game,game_6D800,func_15040754,352585556,76,c
us,game,game_6D800,func_150407A0,352585632,8,c
us,game,game_6D800,func_150407A8,352585640,12,c
us,game,game_6D800,func_150407B4,352585652,12,c
us,game,game_6D800,func_150407C0,352585664,12,c
us,game,game_6D800,func_150407CC,352585676,12,c
us,game,game_6D800,func_150407D8,352585688,12,c
us,game,game_6D800,func_150407E4,352585700,12,c
us,game,game_6D800,func_150407F0,352585712,12,c
us,game,game_6D800,func_150407FC,352585724,12,c
us,game,game_6D800,func_15040808,352585736,12,c
us,game,game_6D800,func_15040814,352585748,12,c
us,game,game_6D800,func_15040820,352585760,12,c
us,game,game_6D800,func_1504082C,352585772,64,c
us,game,game_6D800,func_1504086C,352585836,12,c
us,game,game_6D800,func_15040878,352585848,12,c
us,game,game_6D800,func_15040884,352585860,12,c
us,game,game_6D800,func_15040890,352585872,12,c
us,game,game_6D800,func_1504089C,352585884,12,c
us,game,game_6D800,func_150408A8,352585896,12,c
us,game,game_6D800,func_150408B4,352585908,12,c
us,game,game_6D800,func_150408C0,352585920,12,c
us,game,game_6D800,func_150408CC,352585932,36,c
us,game,game_6D800,func_150408F0,352585968,12,c
us,game,game_6D800,func_150408FC,352585980,12,c
us,game,game_6D800,func_15040908,352585992,12,c
us,game,game_6D800,func_15040914,352586004,12,c
us,game,game_6D800,func_15040920,352586016,12,c
us,game,game_6D800,func_1504092C,352586028,12,c
us,game,game_6D800,func_15040938,352586040,12,c
us,game,game_6D800,func_15040944,352586052,12,c
us,game,game_6D800,func_15040950,352586064,12,c
us,game,game_6D800,func_1504095C,352586076,12,c
us,game,game_6D800,func_15040968,352586088,12,c
us,game,game_6D800,func_15040974,352586100,12,c
us,game,game_6D800,func_15040980,352586112,12,c
us,game,game_6D800,func_1504098C,352586124,12,c
us,game,game_6D800,func_15040998,352586136,12,c
us,game,game_6D800,func_150409A4,352586148,12,c
us,game,game_6D800,func_150409B0,352586160,12,c
us,game,game_6D800,func_150409BC,352586172,12,c
us,game,game_6D800,func_150409C8,352586184,12,c
us,game,game_6D800,func_150409D4,352586196,12,c
us,game,game_6D800,func_150409E0,352586208,12,c
us,game,game_6D800,func_150409EC,352586220,12,c
us,game,game_6D800,func_150409F8,352586232,12,c
us,game,game_6D800,func_15040A04,352586244,12,c
us,game,game_6D800,func_15040A10,352586256,12,c
us,game,game_6D800,func_15040A1C,352586268,12,c
us,game,game_6D800,func_15040A28,352586280,12,c
us,game,game_6D800,func_15040A34,352586292,12,c
us,game,game_6D800,func_15040A40,352586304,12,c
us,game,game_6D800,func_15040A4C,352586316,8,c
us,game,game_6D800,func_15040A54,352586324,12,c
us,game,game_6D800,func_15040A60,352586336,12,c
us,game,game_6D800,func_15040A6C,352586348,12,c
us,game,game_6D800,func_15040A78,352586360,0,asm
us,game,game_6D800,func_15040A78.NON_MATCHING,352586360,284,c
us,game,game_6D800,.L15040B94,352586644,20,c
us,game,game_6D800,.L15040BA8,352586664,92,c
us,game,game_6D800,.L15040C04,352586756,132,c
us,game,game_6D800,.L15040C88,352586888,8,c
us,game,game_6D800,.L15040C90,352586896,8,c
us,game,game_6D800,.L15040C98,352586904,48,c
us,game,game_6D800,func_15040CC8.NON_MATCHING,352586952,0,c
us,game,game_6D800,func_15040CC8,352586952,152,asm
us,game,game_6D800,func_15040D60,352587104,12,c
us,game,game_6D800,func_15040D6C,352587116,12,c
us,game,game_6D800,func_15040D78,352587128,24,c
us,game,game_6E240,func_15040D90,352587152,12,c
us,game,game_6E240,func_15040D9C.NON_MATCHING,352587164,0,c
us,game,game_6E240,func_15040D9C,352587164,560,asm
us,game,game_6E240,func_15040FCC,352587724,0,asm
us,game,game_6E240,func_15040FCC.NON_MATCHING,352587724,720,c
us,game,game_6E240,func_1504129C,352588444,36,c
us,game,6E770,func_150412C0.NON_MATCHING,352588480,0,asm
us,game,6E770,func_150412C0,352588480,316,asm
us,game,6E770,func_150413FC,352588796,0,asm
us,game,6E770,func_150413FC.NON_MATCHING,352588796,132,asm
us,game,6E770,func_15041480,352588928,0,asm
us,game,6E770,func_15041480.NON_MATCHING,352588928,136,asm
us,game,6E770,func_15041508.NON_MATCHING,352589064,0,asm
us,game,6E770,func_15041508,352589064,216,asm
us,game,6E770,func_150415E0.NON_MATCHING,352589280,0,asm
us,game,6E770,func_150415E0,352589280,68,asm
us,game,6E770,.L15041624,352589348,44,asm
us,game,6E770,.L15041650,352589392,56,asm
us,game,6E770,.L15041688,352589448,44,asm
us,game,6E770,.L150416B4,352589492,44,asm
us,game,6E770,.L150416E0,352589536,40,asm
us,game,6E770,.L15041708,352589576,40,asm
us,game,6E770,.L15041730,352589616,56,asm
us,game,6E770,.L15041768,352589672,68,asm
us,game,6E770,func_150417AC.NON_MATCHING,352589740,0,asm
us,game,6E770,func_150417AC,352589740,1160,asm
us,game,6E770,.L15041C34,352590900,32,asm
us,game,6E770,.L15041C54,352590932,16,asm
us,game,6E770,.L15041C64,352590948,16,asm
us,game,6E770,.L15041C74,352590964,16,asm
us,game,6E770,.L15041C84,352590980,16,asm
us,game,6E770,.L15041C94,352590996,128,asm
us,game,6E770,.L15041D14,352591124,16,asm
us,game,6E770,.L15041D24,352591140,16,asm
us,game,6E770,.L15041D34,352591156,16,asm
us,game,6E770,.L15041D44,352591172,16,asm
us,game,6E770,.L15041D54,352591188,16,asm
us,game,6E770,.L15041D64,352591204,16,asm
us,game,6E770,.L15041D74,352591220,16,asm
us,game,6E770,.L15041D84,352591236,16,asm
us,game,6E770,.L15041D94,352591252,16,asm
us,game,6E770,.L15041DA4,352591268,16,asm
us,game,6E770,.L15041DB4,352591284,24,asm
us,game,6E770,.L15041DCC,352591308,24,asm
us,game,6E770,.L15041DE4,352591332,24,asm
us,game,6E770,.L15041DFC,352591356,24,asm
us,game,6E770,.L15041E14,352591380,16,asm
us,game,6E770,.L15041E24,352591396,16,asm
us,game,6E770,.L15041E34,352591412,16,asm
us,game,6E770,.L15041E44,352591428,16,asm
us,game,6E770,.L15041E54,352591444,16,asm
us,game,6E770,.L15041E64,352591460,24,asm
us,game,6E770,.L15041E7C,352591484,2648,asm
us,game,6E770,func_150428D4,352594132,0,asm
us,game,6E770,func_150428D4.NON_MATCHING,352594132,876,asm
us,game,6E770,func_15042C40,352595008,0,asm
us,game,6E770,func_15042C40.NON_MATCHING,352595008,272,asm
us,game,game_70200,func_15042D50,352595280,40,c
us,game,game_70200,func_15042D78,352595320,28,c
us,game,game_70200,func_15042D94,352595348,0,asm
us,game,game_70200,func_15042D94.NON_MATCHING,352595348,168,c
us,game,game_70200,func_15042E3C.NON_MATCHING,352595516,0,c
us,game,game_70200,func_15042E3C,352595516,144,asm
us,game,game_70200,func_15042ECC,352595660,0,asm
us,game,game_70200,func_15042ECC.NON_MATCHING,352595660,288,c
us,game,game_70200,.L15042FEC,352595948,64,c
us,game,game_70200,.L1504302C,352596012,84,c
us,game,game_70200,.L15043080,352596096,84,c
us,game,game_70200,.L150430D4,352596180,488,c
us,game,game_70200,func_150432BC,352596668,16,c
us,game,game_70200,func_150432CC,352596684,48,c
us,game,game_70200,func_150432FC,352596732,48,c
us,game,game_70200,func_1504332C,352596780,88,c
us,game,game_70200,func_15043384.NON_MATCHING,352596868,0,c
us,game,game_70200,func_15043384,352596868,1660,asm
us,game,game_70200,func_15043A00,352598528,32,c
us,game,game_70200,func_15043A20.NON_MATCHING,352598560,0,c
us,game,game_70200,func_15043A20,352598560,168,asm
us,game,game_70200,func_15043AC8,352598728,0,asm
us,game,game_70200,func_15043AC8.NON_MATCHING,352598728,168,c
us,game,game_70200,func_15043B70.NON_MATCHING,352598896,0,c
us,game,game_70200,func_15043B70,352598896,72,asm
us,game,game_70200,func_15043BB8,352598968,0,asm
us,game,game_70200,func_15043BB8.NON_MATCHING,352598968,236,c
us,game,game_70200,func_15043CA4.NON_MATCHING,352599204,0,c
us,game,game_70200,func_15043CA4,352599204,236,asm
us,game,game_71240,func_15043D90,352599440,216,c
us,game,game_71240,func_15043E68,352599656,96,c
us,game,game_71240,func_15043EC8,352599752,164,c
us,game,game_71240,func_15043F6C,352599916,132,c
us,game,game_71240,func_15043FF0,352600048,176,c
us,game,game_71240,func_150440A0,352600224,0,asm
us,game,game_71240,func_150440A0.NON_MATCHING,352600224,544,c
us,game,game_71770,func_150442C0,352600768,176,c
us,game,71820,func_15044370.NON_MATCHING,352600944,0,asm
us,game,71820,func_15044370,352600944,16,asm
us,game,71820,func_15044380.NON_MATCHING,352600960,0,asm
us,game,71820,func_15044380,352600960,428,asm
us,game,71820,func_1504452C,352601388,0,asm
us,game,71820,func_1504452C.NON_MATCHING,352601388,300,asm
us,game,71820,func_15044658,352601688,0,asm
us,game,71820,func_15044658.NON_MATCHING,352601688,8,asm
us,game,71820,func_15044660.NON_MATCHING,352601696,0,asm
us,game,71820,func_15044660,352601696,624,asm
us,game,71820,func_150448D0,352602320,0,asm
us,game,71820,func_150448D0.NON_MATCHING,352602320,148,asm
us,game,71820,func_15044964.NON_MATCHING,352602468,0,asm
us,game,71820,func_15044964,352602468,196,asm
us,game,71820,func_15044A28.NON_MATCHING,352602664,0,asm
us,game,71820,func_15044A28,352602664,336,asm
us,game,71820,func_15044B78,352603000,0,asm
us,game,71820,func_15044B78.NON_MATCHING,352603000,364,asm
us,game,71820,func_15044CE4.NON_MATCHING,352603364,0,asm
us,game,71820,func_15044CE4,352603364,92,asm
us,game,71820,func_15044D40,352603456,0,asm
us,game,71820,func_15044D40.NON_MATCHING,352603456,96,asm
us,game,71820,func_15044DA0,352603552,0,asm
us,game,71820,func_15044DA0.NON_MATCHING,352603552,72,asm
us,game,71820,func_15044DE8,352603624,0,asm
us,game,71820,func_15044DE8.NON_MATCHING,352603624,88,asm
us,game,71820,func_15044E40.NON_MATCHING,352603712,0,asm
us,game,71820,func_15044E40,352603712,72,asm
us,game,71820,func_15044E88.NON_MATCHING,352603784,0,asm
us,game,71820,func_15044E88,352603784,72,asm
us,game,71820,func_15044ED0.NON_MATCHING,352603856,0,asm
us,game,71820,func_15044ED0,352603856,508,asm
us,game,71820,func_150450CC.NON_MATCHING,352604364,0,asm
us,game,71820,func_150450CC,352604364,576,asm
us,game,71820,func_1504530C.NON_MATCHING,352604940,0,asm
us,game,71820,func_1504530C,352604940,120,asm
us,game,71820,func_15045384.NON_MATCHING,352605060,0,asm
us,game,71820,func_15045384,352605060,456,asm
us,game,71820,func_1504554C.NON_MATCHING,352605516,0,asm
us,game,71820,func_1504554C,352605516,456,asm
us,game,71820,func_15045714,352605972,0,asm
us,game,71820,func_15045714.NON_MATCHING,352605972,108,asm
us,game,71820,func_15045780,352606080,0,asm
us,game,71820,func_15045780.NON_MATCHING,352606080,128,asm
us,game,71820,func_15045800,352606208,0,asm
us,game,71820,func_15045800.NON_MATCHING,352606208,128,asm
us,game,71820,func_15045880,352606336,0,asm
us,game,71820,func_15045880.NON_MATCHING,352606336,612,asm
us,game,71820,func_15045AE4,352606948,0,asm
us,game,71820,func_15045AE4.NON_MATCHING,352606948,612,asm
us,game,71820,func_15045D48.NON_MATCHING,352607560,0,asm
us,game,71820,func_15045D48,352607560,580,asm
us,game,71820,func_15045F8C.NON_MATCHING,352608140,0,asm
us,game,71820,func_15045F8C,352608140,580,asm
us,game,71820,func_150461D0,352608720,0,asm
us,game,71820,func_150461D0.NON_MATCHING,352608720,656,asm
us,game,71820,func_15046460,352609376,0,asm
us,game,71820,func_15046460.NON_MATCHING,352609376,664,asm
us,game,71820,func_150466F8,352610040,0,asm
us,game,71820,func_150466F8.NON_MATCHING,352610040,644,asm
us,game,71820,func_1504697C,352610684,0,asm
us,game,71820,func_1504697C.NON_MATCHING,352610684,644,asm
us,game,71820,func_15046C00,352611328,0,asm
us,game,71820,func_15046C00.NON_MATCHING,352611328,128,asm
us,game,71820,func_15046C80.NON_MATCHING,352611456,0,asm
us,game,71820,func_15046C80,352611456,128,asm
us,game,71820,func_15046D00,352611584,0,asm
us,game,71820,func_15046D00.NON_MATCHING,352611584,644,asm
us,game,71820,func_15046F84.NON_MATCHING,352612228,0,asm
us,game,71820,func_15046F84,352612228,128,asm
us,game,71820,func_15047004.NON_MATCHING,352612356,0,asm
us,game,71820,func_15047004,352612356,172,asm
us,game,71820,func_150470B0.NON_MATCHING,352612528,0,asm
us,game,71820,func_150470B0,352612528,172,asm
us,game,71820,func_1504715C,352612700,0,asm
us,game,71820,func_1504715C.NON_MATCHING,352612700,356,asm
us,game,71820,func_150472C0.NON_MATCHING,352613056,0,asm
us,game,71820,func_150472C0,352613056,208,asm
us,game,71820,func_15047390.NON_MATCHING,352613264,0,asm
us,game,71820,func_15047390,352613264,760,asm
us,game,71820,func_15047688,352614024,0,asm
us,game,71820,func_15047688.NON_MATCHING,352614024,120,asm
us,game,71820,func_15047700,352614144,0,asm
us,game,71820,func_15047700.NON_MATCHING,352614144,1152,asm
us,game,71820,func_15047B80,352615296,0,asm
us,game,71820,func_15047B80.NON_MATCHING,352615296,128,asm
us,game,cosf,cosf,352615424,0,asm
us,game,cosf,cosf.NON_MATCHING,352615424,352,c
us,game,sinf,sinf.NON_MATCHING,352615776,0,c
us,game,sinf,sinf,352615776,416,asm
us,game,guPerspectiveF,guPerspectiveF,352616192,564,c
us,game,guPerspectiveF,guPerspective,352616756,92,c
us,game,guRotateF,guRotateF,352616848,384,c
us,game,guRotateF,guRotate,352617232,80,c
us,game,game_75810,func_15048360,352617312,168,c
us,game,game_75810,func_15048408,352617480,152,c
us,game,game_75950,func_150484A0,352617632,320,c
us,game,game_75A90,func_150485E0,352617952,132,c
us,game,game_75A90,func_15048664,352618084,84,c
us,game,game_75A90,func_150486B8,352618168,104,c
us,game,game_75BD0,func_15048720,352618272,56,c
us,game,game_75BD0,func_15048758,352618328,136,c
us,game,game_75C90,func_150487E0,352618464,132,c
us,game,game_75C90,func_15048864,352618596,100,c
us,game,game_75C90,func_150488C8,352618696,0,asm
us,game,game_75C90,func_150488C8.NON_MATCHING,352618696,232,c
us,game,game_75E60,func_150489B0.NON_MATCHING,352618928,0,c
us,game,game_75E60,func_150489B0,352618928,144,asm
us,game,game_75E60,func_15048A40,352619072,48,c
us,game,game_75E60,func_15048A70,352619120,96,c
us,game,game_75E60,func_15048AD0,352619216,64,c
us,game,game_75FC0,func_15048B10,352619280,288,c
us,game,game_75FC0,func_15048C30,352619568,0,asm
us,game,game_75FC0,func_15048C30.NON_MATCHING,352619568,752,c
us,game,game_75FC0,func_15048F20,352620320,56,c
us,game,game_75FC0,func_15048F58,352620376,56,c
us,game,game_75FC0,func_15048F90,352620432,56,c
us,game,game_75FC0,func_15048FC8,352620488,224,c
us,game,game_75FC0,func_150490A8,352620712,160,c
us,game,game_75FC0,func_15049148,352620872,52,c
us,game,game_75FC0,func_1504917C,352620924,112,c
us,game,game_75FC0,func_150491EC,352621036,116,c
us,game,game_76710,func_15049260.NON_MATCHING,352621152,0,c
us,game,game_76710,func_15049260,352621152,108,asm
us,game,game_76710,func_150492CC,352621260,0,asm
us,game,game_76710,func_150492CC.NON_MATCHING,352621260,132,c
us,game,game_76710,func_15049350,352621392,0,asm
us,game,game_76710,func_15049350.NON_MATCHING,352621392,240,c
us,game,game_768F0,func_15049440,352621632,368,c
us,game,76A60,func_150495B0,352622000,0,asm
us,game,76A60,func_150495B0.NON_MATCHING,352622000,216,asm
us,game,76A60,func_15049688,352622216,0,asm
us,game,76A60,func_15049688.NON_MATCHING,352622216,344,asm
us,game,76C90,func_150497E0.NON_MATCHING,352622560,0,asm
us,game,76C90,func_150497E0,352622560,196,asm
us,game,76C90,func_150498A4.NON_MATCHING,352622756,0,asm
us,game,76C90,func_150498A4,352622756,252,asm
us,game,76E50,func_150499A0.NON_MATCHING,352623008,0,asm
us,game,76E50,func_150499A0,352623008,672,asm
us,game,770F0,func_15049C40.NON_MATCHING,352623680,0,asm
us,game,770F0,func_15049C40,352623680,120,asm
us,game,770F0,func_15049CB8,352623800,0,asm
us,game,770F0,func_15049CB8.NON_MATCHING,352623800,548,asm
us,game,770F0,func_15049EDC,352624348,0,asm
us,game,770F0,func_15049EDC.NON_MATCHING,352624348,612,asm
us,game,770F0,func_1504A140.NON_MATCHING,352624960,0,asm
us,game,770F0,func_1504A140,352624960,368,asm
us,game,77760,func_1504A2B0.NON_MATCHING,352625328,0,asm
us,game,77760,func_1504A2B0,352625328,336,asm
us,game,778B0,func_1504A400,352625664,0,asm
us,game,778B0,func_1504A400.NON_MATCHING,352625664,480,asm
us,game,game_77A90,tanf,352626144,64,c
us,game,game_77AD0,func_1504A620.NON_MATCHING,352626208,0,c
us,game,game_77AD0,func_1504A620,352626208,272,asm
us,game,game_77AD0,func_1504A730.NON_MATCHING,352626480,0,c
us,game,game_77AD0,func_1504A730,352626480,1696,asm
us,game,game_77AD0,func_1504ADD0.NON_MATCHING,352628176,0,c
us,game,game_77AD0,func_1504ADD0,352628176,292,asm
us,game,game_77AD0,func_1504AEF4,352628468,28,c
us,game,game_77AD0,func_1504AF10.NON_MATCHING,352628496,0,c
us,game,game_77AD0,func_1504AF10,352628496,492,asm
us,game,game_77AD0,func_1504B0FC.NON_MATCHING,352628988,0,c
us,game,game_77AD0,func_1504B0FC,352628988,2364,asm
us,game,game_77AD0,func_1504BA38.NON_MATCHING,352631352,0,c
us,game,game_77AD0,func_1504BA38,352631352,184,asm
us,game,game_77AD0,func_1504BAF0,352631536,152,c
us,game,game_77AD0,func_1504BB88,352631688,176,c
us,game,game_77AD0,func_1504BC38,352631864,500,c
us,game,game_77AD0,func_1504BE2C,352632364,0,asm
us,game,game_77AD0,func_1504BE2C.NON_MATCHING,352632364,588,c
us,game,game_77AD0,func_1504C078,352632952,64,c
us,game,game_77AD0,func_1504C0B8,352633016,48,c
us,game,game_77AD0,func_1504C0E8,352633064,0,asm
us,game,game_77AD0,func_1504C0E8.NON_MATCHING,352633064,1900,c
us,game,game_77AD0,func_1504C854,352634964,104,c
us,game,game_77AD0,func_1504C8BC.NON_MATCHING,352635068,0,c
us,game,game_77AD0,func_1504C8BC,352635068,296,asm
us,game,game_77AD0,func_1504C9E4,352635364,124,c
us,game,game_77AD0,func_1504CA60,352635488,0,asm
us,game,game_77AD0,func_1504CA60.NON_MATCHING,352635488,312,c
us,game,game_77AD0,func_1504CB98,352635800,0,asm
us,game,game_77AD0,func_1504CB98.NON_MATCHING,352635800,18000,c
us,game,game_77AD0,func_150511E8,352653800,0,asm
us,game,game_77AD0,func_150511E8.NON_MATCHING,352653800,880,c
us,game,game_77AD0,func_15051558,352654680,0,asm
us,game,game_77AD0,func_15051558.NON_MATCHING,352654680,2996,c
us,game,game_77AD0,func_1505210C,352657676,0,asm
us,game,game_77AD0,func_1505210C.NON_MATCHING,352657676,340,c
us,game,game_77AD0,func_15052260.NON_MATCHING,352658016,0,c
us,game,game_77AD0,func_15052260,352658016,424,asm
us,game,game_77AD0,func_15052408,352658440,80,c
us,game,game_77AD0,func_15052458,352658520,12,c
us,game,game_77AD0,func_15052464,352658532,44,c
us,game,game_77AD0,func_15052490,352658576,124,c
us,game,game_77AD0,func_1505250C,352658700,132,c
us,game,game_77AD0,func_15052590,352658832,0,asm
us,game,game_77AD0,func_15052590.NON_MATCHING,352658832,464,c
us,game,game_77AD0,func_15052760.NON_MATCHING,352659296,0,c
us,game,game_77AD0,func_15052760,352659296,360,asm
us,game,game_77AD0,func_150528C8,352659656,0,asm
us,game,game_77AD0,func_150528C8.NON_MATCHING,352659656,1576,c
us,game,game_77AD0,func_15052EF0,352661232,104,c
us,game,game_77AD0,func_15052F58,352661336,68,c
us,game,game_77AD0,func_15052F9C.NON_MATCHING,352661404,0,c
us,game,game_77AD0,func_15052F9C,352661404,736,asm
us,game,game_77AD0,func_1505327C.NON_MATCHING,352662140,0,c
us,game,game_77AD0,func_1505327C,352662140,436,asm
us,game,game_77AD0,func_15053430,352662576,0,asm
us,game,game_77AD0,func_15053430.NON_MATCHING,352662576,452,c
us,game,game_77AD0,func_150535F4,352663028,160,c
us,game,game_77AD0,func_15053694,352663188,60,c
us,game,game_77AD0,func_150536D0,352663248,24,c
us,game,game_77AD0,func_150536E8,352663272,52,c
us,game,game_77AD0,func_1505371C,352663324,52,c
us,game,game_77AD0,func_15053750,352663376,0,asm
us,game,game_77AD0,func_15053750.NON_MATCHING,352663376,324,c
us,game,game_77AD0,func_15053894,352663700,56,c
us,game,game_77AD0,func_150538CC,352663756,0,asm
us,game,game_77AD0,func_150538CC.NON_MATCHING,352663756,1744,c
us,game,game_77AD0,.L15053F9C,352665500,152,c
us,game,game_77AD0,.L15054034,352665652,76,c
us,game,game_77AD0,.L15054080,352665728,116,c
us,game,game_77AD0,.L150540F4,352665844,100,c
us,game,game_77AD0,.L15054158,352665944,1920,c
us,game,game_77AD0,func_150548D8,352667864,12,c
us,game,game_77AD0,func_150548E4,352667876,296,c
us,game,game_77AD0,func_15054A0C,352668172,80,c
us,game,game_77AD0,func_15054A5C,352668252,56,c
us,game,game_77AD0,func_15054A94,352668308,0,asm
us,game,game_77AD0,func_15054A94.NON_MATCHING,352668308,1248,c
us,game,game_77AD0,func_15054F74.NON_MATCHING,352669556,0,c
us,game,game_77AD0,func_15054F74,352669556,748,asm
us,game,game_77AD0,func_15055260,352670304,44,c
us,game,game_77AD0,func_1505528C,352670348,0,asm
us,game,game_77AD0,func_1505528C.NON_MATCHING,352670348,1952,c
us,game,game_77AD0,func_15055A2C,352672300,224,c
us,game,game_77AD0,func_15055B0C,352672524,88,c
us,game,game_77AD0,func_15055B64,352672612,148,c
us,game,game_77AD0,func_15055BF8,352672760,144,c
us,game,game_77AD0,func_15055C88,352672904,192,c
us,game,game_77AD0,func_15055D48,352673096,264,c
us,game,game_83300,func_15055E50,352673360,0,asm
us,game,game_83300,func_15055E50.NON_MATCHING,352673360,768,c
us,game,game_83300,func_15056150,352674128,264,c
us,game,game_83300,func_15056258,352674392,164,c
us,game,game_83300,func_150562FC,352674556,0,asm
us,game,game_83300,func_150562FC.NON_MATCHING,352674556,1600,c
us,game,game_83300,func_1505693C,352676156,196,c
us,game,game_83300,func_15056A00.NON_MATCHING,352676352,0,c
us,game,game_83300,func_15056A00,352676352,264,asm
us,game,game_83300,func_15056B08.NON_MATCHING,352676616,0,c
us,game,game_83300,func_15056B08,352676616,6420,asm
us,game,game_83300,func_1505841C.NON_MATCHING,352683036,0,c
us,game,game_83300,func_1505841C,352683036,468,asm
us,game,game_83300,func_150585F0,352683504,0,asm
us,game,game_83300,func_150585F0.NON_MATCHING,352683504,680,c
us,game,game_83300,func_15058898,352684184,0,asm
us,game,game_83300,func_15058898.NON_MATCHING,352684184,1548,c
us,game,game_83300,func_15058EA4,352685732,128,c
us,game,game_83300,func_15058F24.NON_MATCHING,352685860,0,c
us,game,game_83300,func_15058F24,352685860,540,asm
us,game,game_83300,func_15059140,352686400,644,c
us,game,game_83300,func_150593C4,352687044,128,c
us,game,game_83300,func_15059444,352687172,344,c
us,game,game_83300,func_1505959C,352687516,608,c
us,game,game_83300,func_150597FC,352688124,0,asm
us,game,game_83300,func_150597FC.NON_MATCHING,352688124,460,c
us,game,game_83300,func_150599C8,352688584,0,asm
us,game,game_83300,func_150599C8.NON_MATCHING,352688584,396,c
us,game,game_83300,func_15059B54,352688980,0,asm
us,game,game_83300,func_15059B54.NON_MATCHING,352688980,304,c
us,game,game_83300,func_15059C84.NON_MATCHING,352689284,0,c
us,game,game_83300,func_15059C84,352689284,1280,asm
us,game,game_83300,func_1505A184,352690564,0,asm
us,game,game_83300,func_1505A184.NON_MATCHING,352690564,204,c
us,game,game_83300,func_1505A250.NON_MATCHING,352690768,0,c
us,game,game_83300,func_1505A250,352690768,344,asm
us,game,game_83300,func_1505A3A8,352691112,0,asm
us,game,game_83300,func_1505A3A8.NON_MATCHING,352691112,548,c
us,game,game_83300,func_1505A5CC,352691660,100,c
us,game,game_83300,func_1505A630,352691760,200,c
us,game,game_83300,func_1505A6F8,352691960,52,c
us,game,game_83300,func_1505A72C,352692012,68,c
us,game,game_83300,func_1505A770.NON_MATCHING,352692080,0,c
us,game,game_83300,func_1505A770,352692080,572,asm
us,game,game_83300,func_1505A9AC.NON_MATCHING,352692652,0,c
us,game,game_83300,func_1505A9AC,352692652,3148,asm
us,game,game_83300,func_1505B5F8,352695800,0,asm
us,game,game_83300,func_1505B5F8.NON_MATCHING,352695800,972,c
us,game,game_83300,func_1505B9C4.NON_MATCHING,352696772,0,c
us,game,game_83300,func_1505B9C4,352696772,1916,asm
us,game,game_83300,func_1505C140,352698688,100,c
us,game,game_83300,func_1505C1A4,352698788,64,c
us,game,game_83300,func_1505C1E4.NON_MATCHING,352698852,0,c
us,game,game_83300,func_1505C1E4,352698852,1524,asm
us,game,game_83300,func_1505C7D8.NON_MATCHING,352700376,0,c
us,game,game_83300,func_1505C7D8,352700376,2124,asm
us,game,game_83300,func_1505D024.NON_MATCHING,352702500,0,c
us,game,game_83300,func_1505D024,352702500,416,asm
us,game,game_83300,func_1505D1C4,352702916,244,c
us,game,game_83300,func_1505D2B8,352703160,148,c
us,game,game_83300,func_1505D34C,352703308,188,c
us,game,game_83300,func_1505D408,352703496,0,asm
us,game,game_83300,func_1505D408.NON_MATCHING,352703496,456,c
us,game,game_83300,func_1505D5D0.NON_MATCHING,352703952,0,c
us,game,game_83300,func_1505D5D0,352703952,288,asm
us,game,game_83300,func_1505D6F0,352704240,0,asm
us,game,game_83300,func_1505D6F0.NON_MATCHING,352704240,1004,c
us,game,game_83300,func_1505DADC,352705244,0,asm
us,game,game_83300,func_1505DADC.NON_MATCHING,352705244,716,c
us,game,game_83300,func_1505DDA8,352705960,0,asm
us,game,game_83300,func_1505DDA8.NON_MATCHING,352705960,360,c
us,game,game_83300,func_1505DF10,352706320,0,asm
us,game,game_83300,func_1505DF10.NON_MATCHING,352706320,204,c
us,game,game_83300,func_1505DFDC,352706524,0,asm
us,game,game_83300,func_1505DFDC.NON_MATCHING,352706524,132,c
us,game,game_83300,func_1505E060.NON_MATCHING,352706656,0,c
us,game,game_83300,func_1505E060,352706656,100,asm
us,game,game_83300,func_1505E0C4.NON_MATCHING,352706756,0,c
us,game,game_83300,func_1505E0C4,352706756,1420,asm
us,game,game_83300,func_1505E650,352708176,0,asm
us,game,game_83300,func_1505E650.NON_MATCHING,352708176,380,c
us,game,game_83300,func_1505E7CC.NON_MATCHING,352708556,0,c
us,game,game_83300,func_1505E7CC,352708556,168,asm
us,game,game_83300,func_1505E874,352708724,0,asm
us,game,game_83300,func_1505E874.NON_MATCHING,352708724,740,c
us,game,game_83300,.L1505EB58,352709464,8,c
us,game,game_83300,.L1505EB60,352709472,8,c
us,game,game_83300,.L1505EB68,352709480,8,c
us,game,game_83300,.L1505EB70,352709488,8,c
us,game,game_83300,.L1505EB78,352709496,8,c
us,game,game_83300,.L1505EB80,352709504,8,c
us,game,game_83300,.L1505EB88,352709512,64,c
us,game,game_83300,.L1505EBC8,352709576,364,c
us,game,game_83300,func_1505ED34,352709940,0,asm
us,game,game_83300,func_1505ED34.NON_MATCHING,352709940,380,c
us,game,game_83300,func_1505EEB0,352710320,0,asm
us,game,game_83300,func_1505EEB0.NON_MATCHING,352710320,68,c
us,game,game_83300,func_1505EEF4,352710388,0,asm
us,game,game_83300,func_1505EEF4.NON_MATCHING,352710388,220,c
us,game,game_83300,func_1505EFD0.NON_MATCHING,352710608,0,c
us,game,game_83300,func_1505EFD0,352710608,220,asm
us,game,game_83300,func_1505F0AC,352710828,0,asm
us,game,game_83300,func_1505F0AC.NON_MATCHING,352710828,220,c
us,game,game_83300,func_1505F188.NON_MATCHING,352711048,0,c
us,game,game_83300,func_1505F188,352711048,272,asm
us,game,game_83300,func_1505F298.NON_MATCHING,352711320,0,c
us,game,game_83300,func_1505F298,352711320,4548,asm
us,game,game_83300,func_1506045C.NON_MATCHING,352715868,0,c
us,game,game_83300,func_1506045C,352715868,796,asm
us,game,game_83300,func_15060778.NON_MATCHING,352716664,0,c
us,game,game_83300,func_15060778,352716664,696,asm
us,game,game_83300,func_15060A30.NON_MATCHING,352717360,0,c
us,game,game_83300,func_15060A30,352717360,108,asm
us,game,game_83300,func_15060A9C.NON_MATCHING,352717468,0,c
us,game,game_83300,func_15060A9C,352717468,104,asm
us,game,game_83300,func_15060B04,352717572,108,c
us,game,game_83300,func_15060B70,352717680,52,c
us,game,game_83300,func_15060BA4,352717732,0,asm
us,game,game_83300,func_15060BA4.NON_MATCHING,352717732,60,c
us,game,game_83300,func_15060BE0,352717792,0,asm
us,game,game_83300,func_15060BE0.NON_MATCHING,352717792,372,c
us,game,game_83300,func_15060D54.NON_MATCHING,352718164,0,c
us,game,game_83300,func_15060D54,352718164,468,asm
us,game,game_83300,func_15060F28.NON_MATCHING,352718632,0,c
us,game,game_83300,func_15060F28,352718632,704,asm
us,game,game_83300,func_150611E8.NON_MATCHING,352719336,0,c
us,game,game_83300,func_150611E8,352719336,1012,asm
us,game,game_83300,func_150615DC,352720348,48,c
us,game,game_83300,func_1506160C,352720396,0,asm
us,game,game_83300,func_1506160C.NON_MATCHING,352720396,432,c
us,game,game_83300,func_150617BC.NON_MATCHING,352720828,0,c
us,game,game_83300,func_150617BC,352720828,432,asm
us,game,game_83300,func_1506196C.NON_MATCHING,352721260,0,c
us,game,game_83300,func_1506196C,352721260,60,asm
us,game,game_83300,func_150619A8.NON_MATCHING,352721320,0,c
us,game,game_83300,func_150619A8,352721320,420,asm
us,game,game_83300,func_15061B4C.NON_MATCHING,352721740,0,c
us,game,game_83300,func_15061B4C,352721740,2216,asm
us,game,game_83300,func_150623F4.NON_MATCHING,352723956,0,c
us,game,game_83300,func_150623F4,352723956,760,asm
us,game,game_83300,func_150626EC.NON_MATCHING,352724716,0,c
us,game,game_83300,func_150626EC,352724716,232,asm
us,game,game_83300,func_150627D4,352724948,44,c
us,game,game_83300,func_15062800.NON_MATCHING,352724992,0,c
us,game,game_83300,func_15062800,352724992,708,asm
us,game,game_83300,func_15062AC4,352725700,88,c
us,game,game_83300,func_15062B1C,352725788,52,c
us,game,game_83300,func_15062B50,352725840,52,c
us,game,game_83300,func_15062B84,352725892,88,c
us,game,game_83300,func_15062BDC,352725980,308,c
us,game,game_83300,func_15062D10,352726288,0,asm
us,game,game_83300,func_15062D10.NON_MATCHING,352726288,276,c
us,game,game_83300,func_15062E24.NON_MATCHING,352726564,0,c
us,game,game_83300,func_15062E24,352726564,412,asm
us,game,game_83300,func_15062FC0.NON_MATCHING,352726976,0,c
us,game,game_83300,func_15062FC0,352726976,424,asm
us,game,game_83300,func_15063168.NON_MATCHING,352727400,0,c
us,game,game_83300,func_15063168,352727400,236,asm
us,game,game_83300,func_15063254.NON_MATCHING,352727636,0,c
us,game,game_83300,func_15063254,352727636,316,asm
us,game,90840,func_15063390,352727952,0,asm
us,game,90840,func_15063390.NON_MATCHING,352727952,116,asm
us,game,90840,func_15063404.NON_MATCHING,352728068,0,asm
us,game,90840,func_15063404,352728068,224,asm
us,game,90840,func_150634E4.NON_MATCHING,352728292,0,asm
us,game,90840,func_150634E4,352728292,140,asm
us,game,90840,func_15063570.NON_MATCHING,352728432,0,asm
us,game,90840,func_15063570,352728432,184,asm
us,game,90840,func_15063628,352728616,0,asm
us,game,90840,func_15063628.NON_MATCHING,352728616,124,asm
us,game,90840,func_150636A4,352728740,0,asm
us,game,90840,func_150636A4.NON_MATCHING,352728740,76,asm
us,game,90840,func_150636F0,352728816,0,asm
us,game,90840,func_150636F0.NON_MATCHING,352728816,260,asm
us,game,90840,.L150637F4,352729076,56,asm
us,game,90840,.L1506382C,352729132,84,asm
us,game,90840,.L15063880,352729216,156,asm
us,game,90840,.L1506391C,352729372,72,asm
us,game,90840,.L15063964,352729444,40,asm
us,game,90840,.L1506398C,352729484,48,asm
us,game,90840,func_150639BC,352729532,0,asm
us,game,90840,func_150639BC.NON_MATCHING,352729532,124,asm
us,game,90840,func_15063A38,352729656,0,asm
us,game,90840,func_15063A38.NON_MATCHING,352729656,300,asm
us,game,90840,func_15063B64,352729956,0,asm
us,game,90840,func_15063B64.NON_MATCHING,352729956,252,asm
us,game,90840,func_15063C60,352730208,0,asm
us,game,90840,func_15063C60.NON_MATCHING,352730208,548,asm
us,game,90840,func_15063E84,352730756,0,asm
us,game,90840,func_15063E84.NON_MATCHING,352730756,284,asm
us,game,90840,func_15063FA0.NON_MATCHING,352731040,0,asm
us,game,90840,func_15063FA0,352731040,568,asm
us,game,90840,func_150641D8,352731608,0,asm
us,game,90840,func_150641D8.NON_MATCHING,352731608,212,asm
us,game,90840,func_150642AC,352731820,0,asm
us,game,90840,func_150642AC.NON_MATCHING,352731820,148,asm
us,game,90840,.L15064340,352731968,100,asm
us,game,90840,.L150643A4,352732068,32,asm
us,game,90840,.L150643C4,352732100,168,asm
us,game,90840,.L1506446C,352732268,152,asm
us,game,90840,.L15064504,352732420,204,asm
us,game,90840,.L150645D0,352732624,76,asm
us,game,90840,.L1506461C,352732700,24,asm
us,game,90840,.L15064634,352732724,52,asm
us,game,90840,.L15064668,352732776,52,asm
us,game,90840,.L1506469C,352732828,216,asm
us,game,90840,.L15064774,352733044,556,asm
us,game,90840,func_150649A0.NON_MATCHING,352733600,0,asm
us,game,90840,func_150649A0,352733600,116,asm
us,game,90840,func_15064A14.NON_MATCHING,352733716,0,asm
us,game,90840,func_15064A14,352733716,384,asm
us,game,90840,func_15064B94.NON_MATCHING,352734100,0,asm
us,game,90840,func_15064B94,352734100,3784,asm
us,game,90840,func_15065A5C,352737884,0,asm
us,game,90840,func_15065A5C.NON_MATCHING,352737884,296,asm
us,game,90840,.L15065B84,352738180,1080,asm
us,game,90840,.L15065FBC,352739260,660,asm
us,game,90840,.L15066250,352739920,736,asm
us,game,90840,.L15066530,352740656,200,asm
us,game,90840,.L150665F8,352740856,36,asm
us,game,90840,.L1506661C,352740892,56,asm
us,game,90840,.L15066654,352740948,300,asm
us,game,90840,.L15066780,352741248,132,asm
us,game,90840,.L15066804,352741380,100,asm
us,game,90840,.L15066868,352741480,132,asm
us,game,90840,.L150668EC,352741612,196,asm
us,game,90840,.L150669B0,352741808,48,asm
us,game,90840,.L150669E0,352741856,1792,asm
us,game,90840,.L150670E0,352743648,952,asm
us,game,90840,.L15067498,352744600,656,asm
us,game,90840,.L15067728,352745256,304,asm
us,game,90840,.L15067858,352745560,192,asm
us,game,90840,.L15067918,352745752,864,asm
us,game,90840,.L15067C78,352746616,192,asm
us,game,90840,.L15067D38,352746808,16,asm
us,game,90840,.L15067D48,352746824,184,asm
us,game,90840,.L15067E00,352747008,188,asm
us,game,90840,.L15067EBC,352747196,428,asm
us,game,90840,.L15068068,352747624,468,asm
us,game,90840,.L1506823C,352748092,36,asm
us,game,90840,.L15068260,352748128,20,asm
us,game,90840,.L15068274,352748148,80,asm
us,game,90840,.L150682C4,352748228,952,asm
us,game,90840,.L1506867C,352749180,268,asm
us,game,90840,.L15068788,352749448,252,asm
us,game,90840,.L15068884,352749700,876,asm
us,game,90840,.L15068BF0,352750576,1120,asm
us,game,90840,.L15069050,352751696,536,asm
us,game,90840,.L15069268,352752232,772,asm
us,game,90840,.L1506956C,352753004,440,asm
us,game,90840,.L15069724,352753444,352,asm
us,game,90840,.L15069884,352753796,472,asm
us,game,90840,.L15069A5C,352754268,1124,asm
us,game,90840,.L15069EC0,352755392,612,asm
us,game,90840,.L1506A124,352756004,860,asm
us,game,90840,.L1506A480,352756864,88,asm
us,game,90840,.L1506A4D8,352756952,280,asm
us,game,97AA0,func_1506A5F0.NON_MATCHING,352757232,0,asm
us,game,97AA0,func_1506A5F0,352757232,268,asm
us,game,97AA0,func_1506A6FC.NON_MATCHING,352757500,0,asm
us,game,97AA0,func_1506A6FC,352757500,40,asm
us,game,97AA0,func_1506A724.NON_MATCHING,352757540,0,asm
us,game,97AA0,func_1506A724,352757540,60,asm
us,game,97AA0,func_1506A760,352757600,0,asm
us,game,97AA0,func_1506A760.NON_MATCHING,352757600,60,asm
us,game,97AA0,func_1506A79C.NON_MATCHING,352757660,0,asm
us,game,97AA0,func_1506A79C,352757660,160,asm
us,game,97AA0,func_1506A83C,352757820,0,asm
us,game,97AA0,func_1506A83C.NON_MATCHING,352757820,40,asm
us,game,97AA0,func_1506A864.NON_MATCHING,352757860,0,asm
us,game,97AA0,func_1506A864,352757860,260,asm
us,game,97AA0,func_1506A968,352758120,0,asm
us,game,97AA0,func_1506A968.NON_MATCHING,352758120,160,asm
us,game,97AA0,func_1506AA08.NON_MATCHING,352758280,0,asm
us,game,97AA0,func_1506AA08,352758280,64,asm
us,game,97AA0,func_1506AA48.NON_MATCHING,352758344,0,asm
us,game,97AA0,func_1506AA48,352758344,152,asm
us,game,97AA0,func_1506AAE0,352758496,0,asm
us,game,97AA0,func_1506AAE0.NON_MATCHING,352758496,156,asm
us,game,97AA0,func_1506AB7C.NON_MATCHING,352758652,0,asm
us,game,97AA0,func_1506AB7C,352758652,72,asm
us,game,97AA0,func_1506ABC4,352758724,0,asm
us,game,97AA0,func_1506ABC4.NON_MATCHING,352758724,72,asm
us,game,97AA0,func_1506AC0C,352758796,0,asm
us,game,97AA0,func_1506AC0C.NON_MATCHING,352758796,76,asm
us,game,97AA0,func_1506AC58,352758872,0,asm
us,game,97AA0,func_1506AC58.NON_MATCHING,352758872,52,asm
us,game,97AA0,func_1506AC8C,352758924,0,asm
us,game,97AA0,func_1506AC8C.NON_MATCHING,352758924,164,asm
us,game,game_981E0,func_1506AD30.NON_MATCHING,352759088,0,c
us,game,game_981E0,func_1506AD30,352759088,580,asm
us,game,game_981E0,func_1506AF74,352759668,108,c
us,game,game_981E0,func_1506AFE0,352759776,64,c
us,game,game_981E0,func_1506B020,352759840,80,c
us,game,game_981E0,func_1506B070,352759920,8,c
us,game,game_981E0,func_1506B078,352759928,136,c
us,game,game_981E0,func_1506B100,352760064,76,c
us,game,game_981E0,func_1506B14C,352760140,76,c
us,game,game_981E0,func_1506B198,352760216,80,c
us,game,game_981E0,func_1506B1E8,352760296,64,c
us,game,game_981E0,func_1506B228,352760360,64,c
us,game,game_981E0,func_1506B268,352760424,84,c
us,game,game_981E0,func_1506B2BC,352760508,108,c
us,game,game_981E0,func_1506B328,352760616,64,c
us,game,game_981E0,func_1506B368,352760680,8,c
us,game,game_981E0,func_1506B370,352760688,64,c
us,game,game_981E0,func_1506B3B0,352760752,8,c
us,game,game_981E0,func_1506B3B8.NON_MATCHING,352760760,0,c
us,game,game_981E0,func_1506B3B8,352760760,308,asm
us,game,game_981E0,func_1506B4EC,352761068,32,c
us,game,game_981E0,func_1506B50C,352761100,20,c
us,game,game_981E0,func_1506B520,352761120,132,c
us,game,game_981E0,func_1506B5A4,352761252,8,c
us,game,game_981E0,func_1506B5AC,352761260,8,c
us,game,game_981E0,func_1506B5B4,352761268,24,c
us,game,game_981E0,func_1506B5CC,352761292,24,c
us,game,game_981E0,func_1506B5E4,352761316,80,c
us,game,game_981E0,func_1506B634.NON_MATCHING,352761396,0,c
us,game,game_981E0,func_1506B634,352761396,268,asm
us,game,game_981E0,func_1506B740,352761664,180,c
us,game,game_981E0,func_1506B7F4,352761844,56,c
us,game,game_981E0,func_1506B82C,352761900,52,c
us,game,game_981E0,func_1506B860,352761952,44,c
us,game,game_981E0,func_1506B88C,352761996,40,c
us,game,game_981E0,func_1506B8B4,352762036,64,c
us,game,game_981E0,func_1506B8F4,352762100,40,c
us,game,game_981E0,func_1506B91C,352762140,40,c
us,game,game_981E0,func_1506B944,352762180,64,c
us,game,game_981E0,func_1506B984,352762244,40,c
us,game,game_981E0,func_1506B9AC,352762284,20,c
us,game,game_981E0,func_1506B9C0,352762304,140,c
us,game,game_981E0,func_1506BA4C,352762444,140,c
us,game,game_981E0,func_1506BAD8,352762584,140,c
us,game,game_981E0,func_1506BB64,352762724,68,c
us,game,game_981E0,func_1506BBA8,352762792,124,c
us,game,game_981E0,func_1506BC24,352762916,124,c
us,game,game_981E0,func_1506BCA0,352763040,40,c
us,game,game_981E0,func_1506BCC8.NON_MATCHING,352763080,0,c
us,game,game_981E0,func_1506BCC8,352763080,288,asm
us,game,game_981E0,func_1506BDE8,352763368,68,c
us,game,game_981E0,func_1506BE2C,352763436,40,c
us,game,game_981E0,func_1506BE54,352763476,48,c
us,game,game_981E0,func_1506BE84,352763524,20,c
us,game,game_981E0,func_1506BE98,352763544,40,c
us,game,game_981E0,func_1506BEC0,352763584,28,c
us,game,game_981E0,func_1506BEDC,352763612,64,c
us,game,game_981E0,func_1506BF1C,352763676,64,c
us,game,game_981E0,func_1506BF5C.NON_MATCHING,352763740,0,c
us,game,game_981E0,func_1506BF5C,352763740,976,asm
us,game,game_981E0,func_1506C32C,352764716,0,asm
us,game,game_981E0,func_1506C32C.NON_MATCHING,352764716,236,c
us,game,game_981E0,func_1506C418,352764952,36,c
us,game,game_981E0,func_1506C43C,352764988,36,c
us,game,game_981E0,func_1506C460,352765024,0,asm
us,game,game_981E0,func_1506C460.NON_MATCHING,352765024,896,c
us,game,game_981E0,.L1506C7E0,352765920,28,c
us,game,game_981E0,.L1506C7FC,352765948,28,c
us,game,game_981E0,.L1506C818,352765976,8,c
us,game,game_981E0,.L1506C820,352765984,8,c
us,game,game_981E0,.L1506C828,352765992,8,c
us,game,game_981E0,.L1506C830,352766000,8,c
us,game,game_981E0,.L1506C838,352766008,8,c
us,game,game_981E0,.L1506C840,352766016,8,c
us,game,game_981E0,.L1506C848,352766024,1368,c
us,game,game_981E0,.L1506CDA0,352767392,56,c
us,game,game_981E0,.L1506CDD8,352767448,24,c
us,game,game_981E0,.L1506CDF0,352767472,28,c
us,game,game_981E0,.L1506CE0C,352767500,24,c
us,game,game_981E0,.L1506CE24,352767524,48,c
us,game,game_981E0,.L1506CE54,352767572,24,c
us,game,game_981E0,func_1506CE6C,352767596,0,asm
us,game,game_981E0,func_1506CE6C.NON_MATCHING,352767596,676,c
us,game,game_981E0,.L1506D110,352768272,12,c
us,game,game_981E0,.L1506D11C,352768284,44,c
us,game,game_981E0,.L1506D148,352768328,20,c
us,game,game_981E0,.L1506D15C,352768348,108,c
us,game,game_981E0,.L1506D1C8,352768456,24,c
us,game,game_981E0,.L1506D1E0,352768480,28,c
us,game,game_981E0,.L1506D1FC,352768508,20,c
us,game,game_981E0,.L1506D210,352768528,44,c
us,game,game_981E0,.L1506D23C,352768572,172,c
us,game,game_981E0,func_1506D2E8,352768744,0,asm
us,game,game_981E0,func_1506D2E8.NON_MATCHING,352768744,524,c
us,game,game_981E0,func_1506D4F4,352769268,68,c
us,game,game_981E0,func_1506D538,352769336,56,c
us,game,game_981E0,func_1506D570,352769392,20,c
us,game,game_981E0,func_1506D584,352769412,0,asm
us,game,game_981E0,func_1506D584.NON_MATCHING,352769412,304,c
us,game,game_981E0,func_1506D6B4.NON_MATCHING,352769716,0,c
us,game,game_981E0,func_1506D6B4,352769716,152,asm
us,game,game_981E0,func_1506D74C,352769868,0,asm
us,game,game_981E0,func_1506D74C.NON_MATCHING,352769868,332,c
us,game,game_981E0,func_1506D898,352770200,156,c
us,game,game_981E0,func_1506D934,352770356,28,c
us,game,game_981E0,func_1506D950,352770384,8,c
us,game,game_981E0,func_1506D958,352770392,0,asm
us,game,game_981E0,func_1506D958.NON_MATCHING,352770392,288,c
us,game,game_981E0,func_1506DA78,352770680,28,c
us,game,game_981E0,func_1506DA94,352770708,156,c
us,game,game_981E0,func_1506DB30,352770864,44,c
us,game,game_981E0,func_1506DB5C,352770908,40,c
us,game,game_981E0,func_1506DB84,352770948,28,c
us,game,game_981E0,func_1506DBA0,352770976,52,c
us,game,game_981E0,func_1506DBD4,352771028,60,c
us,game,game_981E0,func_1506DC10,352771088,0,asm
us,game,game_981E0,func_1506DC10.NON_MATCHING,352771088,148,c
us,game,game_981E0,func_1506DCA4,352771236,28,c
us,game,game_981E0,func_1506DCC0,352771264,28,c
us,game,game_981E0,func_1506DCDC,352771292,28,c
us,game,game_981E0,func_1506DCF8,352771320,8,c
us,game,game_981E0,func_1506DD00,352771328,68,c
us,game,game_981E0,func_1506DD44,352771396,40,c
us,game,game_981E0,func_1506DD6C,352771436,76,c
us,game,game_981E0,func_1506DDB8,352771512,8,c
us,game,game_981E0,func_1506DDC0,352771520,68,c
us,game,game_981E0,func_1506DE04,352771588,128,c
us,game,game_981E0,func_1506DE84,352771716,0,asm
us,game,game_981E0,func_1506DE84.NON_MATCHING,352771716,48,c
us,game,game_981E0,.L1506DEB4,352771764,88,c
us,game,game_981E0,.L1506DF0C,352771852,120,c
us,game,game_981E0,.L1506DF84,352771972,32,c
us,game,game_981E0,.L1506DFA4,352772004,32,c
us,game,game_981E0,.L1506DFC4,352772036,32,c
us,game,game_981E0,.L1506DFE4,352772068,44,c
us,game,game_981E0,.L1506E010,352772112,44,c
us,game,game_981E0,.L1506E03C,352772156,44,c
us,game,game_981E0,.L1506E068,352772200,16,c
us,game,game_981E0,.L1506E078,352772216,16,c
us,game,game_981E0,.L1506E088,352772232,16,c
us,game,game_981E0,.L1506E098,352772248,16,c
us,game,game_981E0,.L1506E0A8,352772264,44,c
us,game,game_981E0,.L1506E0D4,352772308,24,c
us,game,game_981E0,func_1506E0EC.NON_MATCHING,352772332,0,c
us,game,game_981E0,func_1506E0EC,352772332,480,asm
us,game,game_981E0,func_1506E2CC.NON_MATCHING,352772812,0,c
us,game,game_981E0,func_1506E2CC,352772812,416,asm
us,game,game_981E0,func_1506E46C,352773228,0,asm
us,game,game_981E0,func_1506E46C.NON_MATCHING,352773228,400,c
us,game,game_981E0,func_1506E5FC,352773628,64,c
us,game,game_981E0,func_1506E63C,352773692,64,c
us,game,game_981E0,func_1506E67C,352773756,64,c
us,game,game_981E0,func_1506E6BC,352773820,64,c
us,game,game_981E0,func_1506E6FC,352773884,64,c
us,game,game_981E0,func_1506E73C,352773948,64,c
us,game,game_981E0,func_1506E77C,352774012,64,c
us,game,game_981E0,func_1506E7BC,352774076,64,c
us,game,game_981E0,func_1506E7FC,352774140,76,c
us,game,game_981E0,func_1506E848,352774216,80,c
us,game,game_981E0,func_1506E898,352774296,64,c
us,game,game_981E0,func_1506E8D8,352774360,64,c
us,game,game_981E0,func_1506E918,352774424,64,c
us,game,game_981E0,func_1506E958,352774488,64,c
us,game,game_981E0,func_1506E998,352774552,64,c
us,game,game_981E0,func_1506E9D8,352774616,64,c
us,game,game_981E0,func_1506EA18,352774680,64,c
us,game,game_981E0,func_1506EA58,352774744,64,c
us,game,game_981E0,func_1506EA98,352774808,296,c
us,game,game_981E0,func_1506EBC0,352775104,144,c
us,game,game_981E0,func_1506EC50,352775248,128,c
us,game,game_981E0,func_1506ECD0,352775376,32,c
us,game,game_981E0,func_1506ECF0,352775408,28,c
us,game,game_981E0,func_1506ED0C,352775436,64,c
us,game,game_981E0,func_1506ED4C,352775500,28,c
us,game,game_981E0,func_1506ED68,352775528,40,c
us,game,game_981E0,func_1506ED90,352775568,28,c
us,game,game_981E0,func_1506EDAC,352775596,28,c
us,game,game_981E0,func_1506EDC8,352775624,40,c
us,game,game_981E0,func_1506EDF0,352775664,36,c
us,game,game_981E0,func_1506EE14,352775700,36,c
us,game,game_981E0,func_1506EE38,352775736,40,c
us,game,game_981E0,func_1506EE60,352775776,0,asm
us,game,game_981E0,func_1506EE60.NON_MATCHING,352775776,76,c
us,game,game_981E0,func_1506EEAC,352775852,44,c
us,game,game_981E0,func_1506EED8,352775896,28,c
us,game,game_981E0,func_1506EEF4,352775924,104,c
us,game,game_981E0,func_1506EF5C,352776028,0,asm
us,game,game_981E0,func_1506EF5C.NON_MATCHING,352776028,88,c
us,game,game_981E0,func_1506EFB4,352776116,20,c
us,game,game_981E0,func_1506EFC8,352776136,60,c
us,game,game_981E0,func_1506F004,352776196,40,c
us,game,game_981E0,func_1506F02C,352776236,48,c
us,game,game_981E0,func_1506F05C,352776284,52,c
us,game,game_981E0,func_1506F090,352776336,52,c
us,game,game_981E0,func_1506F0C4,352776388,44,c
us,game,game_981E0,func_1506F0F0,352776432,44,c
us,game,game_981E0,func_1506F11C,352776476,48,c
us,game,game_981E0,func_1506F14C,352776524,48,c
us,game,game_981E0,func_1506F17C,352776572,44,c
us,game,game_981E0,func_1506F1A8,352776616,0,asm
us,game,game_981E0,func_1506F1A8.NON_MATCHING,352776616,892,c
us,game,game_981E0,func_1506F524,352777508,40,c
us,game,game_981E0,func_1506F54C,352777548,0,asm
us,game,game_981E0,func_1506F54C.NON_MATCHING,352777548,884,c
us,game,game_981E0,func_1506F8C0,352778432,48,c
us,game,game_981E0,func_1506F8F0,352778480,208,c
us,game,game_981E0,func_1506F9C0,352778688,208,c
us,game,game_981E0,func_1506FA90,352778896,208,c
us,game,game_981E0,func_1506FB60,352779104,136,c
us,game,game_981E0,func_1506FBE8,352779240,52,c
us,game,game_981E0,func_1506FC1C,352779292,52,c
us,game,game_981E0,func_1506FC50,352779344,36,c
us,game,game_981E0,func_1506FC74,352779380,40,c
us,game,game_981E0,func_1506FC9C,352779420,44,c
us,game,game_981E0,func_1506FCC8,352779464,52,c
us,game,game_981E0,func_1506FCFC,352779516,52,c
us,game,game_981E0,func_1506FD30.NON_MATCHING,352779568,0,c
us,game,game_981E0,func_1506FD30,352779568,192,asm
us,game,game_981E0,func_1506FDF0,352779760,44,c
us,game,game_981E0,func_1506FE1C,352779804,44,c
us,game,game_981E0,func_1506FE48,352779848,44,c
us,game,game_981E0,func_1506FE74,352779892,44,c
us,game,game_981E0,func_1506FEA0,352779936,44,c
us,game,game_981E0,func_1506FECC,352779980,44,c
us,game,game_981E0,func_1506FEF8,352780024,44,c
us,game,game_981E0,func_1506FF24,352780068,44,c
us,game,game_981E0,func_1506FF50,352780112,40,c
us,game,game_981E0,func_1506FF78,352780152,52,c
us,game,game_981E0,func_1506FFAC,352780204,52,c
us,game,game_981E0,func_1506FFE0,352780256,52,c
us,game,game_981E0,func_15070014,352780308,40,c
us,game,game_981E0,func_1507003C,352780348,72,c
us,game,game_981E0,func_15070084,352780420,48,c
us,game,game_981E0,func_150700B4,352780468,48,c
us,game,game_981E0,func_150700E4,352780516,48,c
us,game,game_981E0,func_15070114,352780564,48,c
us,game,game_981E0,func_15070144,352780612,128,c
us,game,game_981E0,func_150701C4,352780740,48,c
us,game,game_981E0,func_150701F4,352780788,48,c
us,game,game_981E0,func_15070224,352780836,0,asm
us,game,game_981E0,func_15070224.NON_MATCHING,352780836,220,c
us,game,game_981E0,func_15070300,352781056,0,asm
us,game,game_981E0,func_15070300.NON_MATCHING,352781056,912,c
us,game,game_981E0,func_15070690,352781968,52,c
us,game,game_981E0,func_150706C4,352782020,52,c
us,game,game_981E0,func_150706F8,352782072,104,c
us,game,game_981E0,func_15070760,352782176,52,c
us,game,game_981E0,func_15070794,352782228,52,c
us,game,game_981E0,func_150707C8,352782280,48,c
us,game,game_981E0,func_150707F8,352782328,56,c
us,game,game_981E0,func_15070830,352782384,48,c
us,game,game_981E0,func_15070860,352782432,56,c
us,game,game_981E0,func_15070898.NON_MATCHING,352782488,0,c
us,game,game_981E0,func_15070898,352782488,896,asm
us,game,game_981E0,func_15070C18,352783384,40,c
us,game,game_981E0,func_15070C40.NON_MATCHING,352783424,0,c
us,game,game_981E0,func_15070C40,352783424,156,asm
us,game,game_981E0,func_15070CDC,352783580,36,c
us,game,game_981E0,func_15070D00,352783616,36,c
us,game,game_981E0,func_15070D24.NON_MATCHING,352783652,0,c
us,game,game_981E0,func_15070D24,352783652,572,asm
us,game,game_981E0,func_15070F60.NON_MATCHING,352784224,0,c
us,game,game_981E0,func_15070F60,352784224,720,asm
us,game,game_981E0,func_15071230,352784944,36,c
us,game,game_981E0,func_15071254,352784980,36,c
us,game,game_981E0,func_15071278,352785016,52,c
us,game,game_981E0,func_150712AC.NON_MATCHING,352785068,0,c
us,game,game_981E0,func_150712AC,352785068,180,asm
us,game,game_981E0,func_15071360,352785248,0,asm
us,game,game_981E0,func_15071360.NON_MATCHING,352785248,212,c
us,game,game_981E0,func_15071434,352785460,60,c
us,game,game_981E0,func_15071470,352785520,60,c
us,game,game_981E0,func_150714AC,352785580,60,c
us,game,game_981E0,func_150714E8,352785640,92,c
us,game,game_981E0,func_15071544,352785732,72,c
us,game,game_981E0,func_1507158C,352785804,72,c
us,game,game_981E0,func_150715D4,352785876,72,c
us,game,game_981E0,func_1507161C,352785948,12,c
us,game,game_981E0,func_15071628,352785960,64,c
us,game,game_981E0,func_15071668,352786024,40,c
us,game,game_981E0,func_15071690,352786064,92,c
us,game,game_981E0,func_150716EC,352786156,120,c
us,game,game_981E0,func_15071764,352786276,124,c
us,game,game_981E0,func_150717E0.NON_MATCHING,352786400,0,c
us,game,game_981E0,func_150717E0,352786400,80,asm
us,game,game_981E0,func_15071830,352786480,48,c
us,game,game_981E0,func_15071860,352786528,40,c
us,game,game_981E0,func_15071888,352786568,92,c
us,game,game_981E0,func_150718E4.NON_MATCHING,352786660,0,c
us,game,game_981E0,func_150718E4,352786660,180,asm
us,game,game_981E0,func_15071998,352786840,52,c
us,game,game_981E0,func_150719CC,352786892,52,c
us,game,game_981E0,func_15071A00,352786944,52,c
us,game,game_981E0,func_15071A34,352786996,48,c
us,game,game_981E0,func_15071A64,352787044,0,asm
us,game,game_981E0,func_15071A64.NON_MATCHING,352787044,180,c
us,game,game_981E0,func_15071B18,352787224,0,asm
us,game,game_981E0,func_15071B18.NON_MATCHING,352787224,496,c
us,game,game_981E0,func_15071D08,352787720,48,c
us,game,game_981E0,func_15071D38,352787768,64,c
us,game,game_981E0,func_15071D78,352787832,80,c
us,game,game_981E0,func_15071DC8,352787912,44,c
us,game,game_981E0,func_15071DF4,352787956,44,c
us,game,game_981E0,func_15071E20,352788000,28,c
us,game,game_981E0,func_15071E3C,352788028,28,c
us,game,game_981E0,func_15071E58,352788056,124,c
us,game,game_981E0,func_15071ED4,352788180,64,c
us,game,game_981E0,func_15071F14,352788244,64,c
us,game,game_981E0,func_15071F54,352788308,44,c
us,game,game_981E0,func_15071F80,352788352,48,c
us,game,game_981E0,func_15071FB0,352788400,44,c
us,game,game_981E0,func_15071FDC,352788444,0,asm
us,game,game_981E0,func_15071FDC.NON_MATCHING,352788444,456,c
us,game,game_981E0,func_150721A4,352788900,0,asm
us,game,game_981E0,func_150721A4.NON_MATCHING,352788900,68,c
us,game,game_981E0,func_150721E8,352788968,32,c
us,game,game_981E0,func_15072208.NON_MATCHING,352789000,0,c
us,game,game_981E0,func_15072208,352789000,232,asm
us,game,game_981E0,func_150722F0,352789232,76,c
us,game,game_981E0,func_1507233C,352789308,36,c
us,game,game_981E0,func_15072360,352789344,40,c
us,game,game_981E0,func_15072388,352789384,36,c
us,game,game_981E0,func_150723AC,352789420,52,c
us,game,game_981E0,func_150723E0,352789472,64,c
us,game,game_981E0,func_15072420.NON_MATCHING,352789536,0,c
us,game,game_981E0,func_15072420,352789536,588,asm
us,game,game_981E0,func_1507266C,352790124,0,asm
us,game,game_981E0,func_1507266C.NON_MATCHING,352790124,212,c
us,game,game_981E0,func_15072740,352790336,108,c
us,game,game_981E0,func_150727AC,352790444,68,c
us,game,game_981E0,func_150727F0.NON_MATCHING,352790512,0,c
us,game,game_981E0,func_150727F0,352790512,296,asm
us,game,game_981E0,func_15072918,352790808,40,c
us,game,game_981E0,func_15072940,352790848,40,c
us,game,game_981E0,func_15072968,352790888,76,c
us,game,game_981E0,func_150729B4,352790964,28,c
us,game,game_981E0,func_150729D0,352790992,68,c
us,game,game_981E0,func_15072A14,352791060,44,c
us,game,game_981E0,func_15072A40,352791104,60,c
us,game,game_981E0,func_15072A7C,352791164,124,c
us,game,game_981E0,func_15072AF8,352791288,76,c
us,game,game_981E0,func_15072B44.NON_MATCHING,352791364,0,c
us,game,game_981E0,func_15072B44,352791364,256,asm
us,game,game_981E0,.L15072C44,352791620,8,c
us,game,game_981E0,.L15072C4C,352791628,88,c
us,game,game_981E0,.L15072CA4,352791716,8,c
us,game,game_981E0,.L15072CAC,352791724,8,c
us,game,game_981E0,.L15072CB4,352791732,48,c
us,game,game_981E0,.L15072CE4,352791780,80,c
us,game,game_981E0,.L15072D34,352791860,108,c
us,game,game_981E0,func_15072DA0,352791968,0,asm
us,game,game_981E0,func_15072DA0.NON_MATCHING,352791968,56,c
us,game,game_981E0,func_15072DD8,352792024,96,c
us,game,game_981E0,func_15072E38,352792120,68,c
us,game,game_981E0,func_15072E7C,352792188,28,c
us,game,game_981E0,func_15072E98,352792216,40,c
us,game,game_981E0,func_15072EC0,352792256,52,c
us,game,game_981E0,func_15072EF4,352792308,28,c
us,game,game_981E0,func_15072F10.NON_MATCHING,352792336,0,c
us,game,game_981E0,func_15072F10,352792336,324,asm
us,game,game_981E0,func_15073054,352792660,28,c
us,game,game_981E0,func_15073070,352792688,8,c
us,game,game_981E0,func_15073078,352792696,44,c
us,game,game_981E0,func_150730A4,352792740,44,c
us,game,game_981E0,func_150730D0,352792784,72,c
us,game,game_981E0,func_15073118.NON_MATCHING,352792856,0,c
us,game,game_981E0,func_15073118,352792856,788,asm
us,game,game_981E0,func_1507342C.NON_MATCHING,352793644,0,c
us,game,game_981E0,func_1507342C,352793644,1212,asm
us,game,game_981E0,func_150738E8,352794856,188,c
us,game,game_981E0,func_150739A4,352795044,28,c
us,game,game_981E0,func_150739C0,352795072,104,c
us,game,game_981E0,func_15073A28,352795176,40,c
us,game,game_981E0,func_15073A50,352795216,0,asm
us,game,game_981E0,func_15073A50.NON_MATCHING,352795216,232,c
us,game,game_981E0,func_15073B38,352795448,0,asm
us,game,game_981E0,func_15073B38.NON_MATCHING,352795448,240,c
us,game,game_981E0,func_15073C28,352795688,32,c
us,game,game_981E0,func_15073C48,352795720,8,c
us,game,game_981E0,func_15073C50,352795728,0,asm
us,game,game_981E0,func_15073C50.NON_MATCHING,352795728,104,c
us,game,game_981E0,func_15073CB8,352795832,60,c
us,game,game_981E0,func_15073CF4,352795892,64,c
us,game,game_981E0,func_15073D34,352795956,64,c
us,game,game_981E0,func_15073D74,352796020,48,c
us,game,game_981E0,func_15073DA4,352796068,136,c
us,game,game_981E0,func_15073E2C,352796204,120,c
us,game,game_981E0,func_15073EA4,352796324,120,c
us,game,game_981E0,func_15073F1C,352796444,56,c
us,game,game_981E0,func_15073F54,352796500,8,c
us,game,game_981E0,func_15073F5C,352796508,28,c
us,game,game_981E0,func_15073F78,352796536,40,c
us,game,game_981E0,func_15073FA0.NON_MATCHING,352796576,0,c
us,game,game_981E0,func_15073FA0,352796576,1700,asm
us,game,game_981E0,func_15074644,352798276,32,c
us,game,game_981E0,func_15074664.NON_MATCHING,352798308,0,c
us,game,game_981E0,func_15074664,352798308,140,asm
us,game,game_981E0,func_150746F0.NON_MATCHING,352798448,0,c
us,game,game_981E0,func_150746F0,352798448,244,asm
us,game,game_981E0,func_150747E4,352798692,0,asm
us,game,game_981E0,func_150747E4.NON_MATCHING,352798692,92,c
us,game,game_981E0,func_15074840,352798784,48,c
us,game,game_981E0,func_15074870,352798832,28,c
us,game,game_981E0,func_1507488C,352798860,0,asm
us,game,game_981E0,func_1507488C.NON_MATCHING,352798860,104,c
us,game,game_981E0,func_150748F4,352798964,24,c
us,game,game_981E0,func_1507490C,352798988,116,c
us,game,game_981E0,func_15074980,352799104,0,asm
us,game,game_981E0,func_15074980.NON_MATCHING,352799104,196,c
us,game,game_981E0,func_15074A44,352799300,40,c
us,game,game_981E0,func_15074A6C,352799340,40,c
us,game,game_981E0,func_15074A94.NON_MATCHING,352799380,0,c
us,game,game_981E0,func_15074A94,352799380,232,asm
us,game,game_981E0,func_15074B7C,352799612,92,c
us,game,game_981E0,func_15074BD8,352799704,20,c
us,game,game_981E0,func_15074BEC,352799724,20,c
us,game,game_981E0,func_15074C00,352799744,128,c
us,game,game_981E0,func_15074C80.NON_MATCHING,352799872,0,c
us,game,game_981E0,func_15074C80,352799872,364,asm
us,game,game_981E0,func_15074DEC,352800236,24,c
us,game,game_981E0,func_15074E04,352800260,124,c
us,game,game_981E0,func_15074E80,352800384,104,c
us,game,game_981E0,func_15074EE8,352800488,72,c
us,game,game_981E0,func_15074F30,352800560,24,c
us,game,game_981E0,func_15074F48,352800584,0,asm
us,game,game_981E0,func_15074F48.NON_MATCHING,352800584,140,c
us,game,game_981E0,func_15074FD4,352800724,124,c
us,game,game_981E0,func_15075050,352800848,84,c
us,game,game_981E0,func_150750A4,352800932,32,c
us,game,game_981E0,func_150750C4,352800964,152,c
us,game,game_981E0,func_1507515C,352801116,0,asm
us,game,game_981E0,func_1507515C.NON_MATCHING,352801116,676,c
us,game,game_A28B0,func_15075400,352801792,152,c
us,game,game_A28B0,func_15075498,352801944,176,c
us,game,game_A28B0,func_15075548,352802120,264,c
us,game,game_A28B0,func_15075650,352802384,0,asm
us,game,game_A28B0,func_15075650.NON_MATCHING,352802384,564,c
us,game,game_A28B0,func_15075884.NON_MATCHING,352802948,0,c
us,game,game_A28B0,func_15075884,352802948,180,asm
us,game,game_A28B0,func_15075938.NON_MATCHING,352803128,0,c
us,game,game_A28B0,func_15075938,352803128,280,asm
us,game,game_A28B0,func_15075A50,352803408,92,c
us,game,game_A28B0,func_15075AAC,352803500,0,asm
us,game,game_A28B0,func_15075AAC.NON_MATCHING,352803500,180,c
us,game,game_A28B0,func_15075B60,352803680,44,c
us,game,game_A28B0,func_15075B8C,352803724,44,c
us,game,game_A28B0,func_15075BB8,352803768,48,c
us,game,game_A28B0,func_15075BE8,352803816,60,c
us,game,game_A28B0,func_15075C24,352803876,124,c
us,game,game_A28B0,func_15075CA0,352804000,44,c
us,game,game_A28B0,func_15075CCC,352804044,64,c
us,game,game_A28B0,func_15075D0C,352804108,44,c
us,game,game_A28B0,func_15075D38,352804152,44,c
us,game,game_A28B0,func_15075D64,352804196,56,c
us,game,game_A28B0,func_15075D9C,352804252,44,c
us,game,game_A28B0,func_15075DC8,352804296,32,c
us,game,game_A28B0,func_15075DE8,352804328,132,c
us,game,game_A28B0,func_15075E6C,352804460,44,c
us,game,game_A28B0,func_15075E98,352804504,28,c
us,game,game_A28B0,func_15075EB4,352804532,76,c
us,game,game_A28B0,func_15075F00,352804608,64,c
us,game,game_A28B0,func_15075F40,352804672,44,c
us,game,game_A28B0,func_15075F6C,352804716,192,c
us,game,game_A28B0,func_1507602C,352804908,0,asm
us,game,game_A28B0,func_1507602C.NON_MATCHING,352804908,412,c
us,game,game_A28B0,func_150761C8,352805320,44,c
us,game,game_A28B0,func_150761F4,352805364,44,c
us,game,game_A28B0,func_15076220,352805408,48,c
us,game,game_A28B0,func_15076250,352805456,96,c
us,game,game_A28B0,func_150762B0,352805552,36,c
us,game,game_A28B0,func_150762D4,352805588,0,asm
us,game,game_A28B0,func_150762D4.NON_MATCHING,352805588,108,c
us,game,game_A28B0,func_15076340,352805696,84,c
us,game,game_A28B0,func_15076394,352805780,28,c
us,game,game_A28B0,func_150763B0,352805808,280,c
us,game,game_A28B0,func_150764C8,352806088,28,c
us,game,game_A28B0,func_150764E4,352806116,28,c
us,game,game_A28B0,func_15076500,352806144,44,c
us,game,game_A28B0,func_1507652C,352806188,112,c
us,game,game_A28B0,func_1507659C,352806300,100,c
us,game,game_A28B0,func_15076600,352806400,8,c
us,game,game_A28B0,func_15076608,352806408,28,c
us,game,game_A28B0,func_15076624,352806436,84,c
us,game,game_A28B0,func_15076678,352806520,88,c
us,game,game_A28B0,func_150766D0,352806608,144,c
us,game,game_A28B0,func_15076760,352806752,8,c
us,game,game_A28B0,func_15076768,352806760,0,asm
us,game,game_A28B0,func_15076768.NON_MATCHING,352806760,140,c
us,game,game_A28B0,func_150767F4,352806900,0,asm
us,game,game_A28B0,func_150767F4.NON_MATCHING,352806900,232,c
us,game,game_A28B0,func_150768DC.NON_MATCHING,352807132,0,c
us,game,game_A28B0,func_150768DC,352807132,640,asm
us,game,game_A28B0,func_15076B5C,352807772,28,c
us,game,game_A28B0,func_15076B78,352807800,28,c
us,game,game_A28B0,func_15076B94,352807828,232,c
us,game,game_A28B0,func_15076C7C,352808060,56,c
us,game,game_A28B0,func_15076CB4,352808116,24,c
us,game,game_A28B0,func_15076CCC,352808140,56,c
us,game,game_A28B0,func_15076D04,352808196,56,c
us,game,game_A28B0,func_15076D3C.NON_MATCHING,352808252,0,c
us,game,game_A28B0,func_15076D3C,352808252,184,asm
us,game,game_A28B0,func_15076DF4,352808436,28,c
us,game,game_A28B0,func_15076E10,352808464,56,c
us,game,game_A28B0,func_15076E48,352808520,8,c
us,game,game_A28B0,func_15076E50,352808528,240,c
us,game,game_A28B0,func_15076F40,352808768,56,c
us,game,game_A28B0,func_15076F78,352808824,48,c
us,game,game_A28B0,func_15076FA8,352808872,316,c
us,game,game_A28B0,func_150770E4,352809188,0,asm
us,game,game_A28B0,func_150770E4.NON_MATCHING,352809188,144,c
us,game,game_A28B0,func_15077174,352809332,28,c
us,game,game_A28B0,func_15077190,352809360,96,c
us,game,game_A28B0,func_150771F0.NON_MATCHING,352809456,0,c
us,game,game_A28B0,func_150771F0,352809456,164,asm
us,game,game_A28B0,func_15077294,352809620,84,c
us,game,game_A28B0,func_150772E8,352809704,48,c
us,game,game_A28B0,func_15077318,352809752,68,c
us,game,game_A28B0,func_1507735C,352809820,8,c
us,game,game_A28B0,func_15077364,352809828,160,c
us,game,game_A28B0,func_15077404.NON_MATCHING,352809988,0,c
us,game,game_A28B0,func_15077404,352809988,176,asm
us,game,game_A28B0,func_150774B4,352810164,84,c
us,game,game_A28B0,func_15077508,352810248,0,asm
us,game,game_A28B0,func_15077508.NON_MATCHING,352810248,1000,c
us,game,game_A28B0,func_150778F0.NON_MATCHING,352811248,0,c
us,game,game_A28B0,func_150778F0,352811248,184,asm
us,game,game_A28B0,func_150779A8,352811432,44,c
us,game,game_A28B0,func_150779D4,352811476,0,asm
us,game,game_A28B0,func_150779D4.NON_MATCHING,352811476,204,c
us,game,game_A28B0,func_15077AA0,352811680,28,c
us,game,game_A28B0,func_15077ABC,352811708,88,c
us,game,game_A28B0,func_15077B14,352811796,48,c
us,game,game_A28B0,func_15077B44,352811844,60,c
us,game,game_A28B0,func_15077B80,352811904,52,c
us,game,game_A28B0,func_15077BB4,352811956,48,c
us,game,game_A28B0,func_15077BE4,352812004,56,c
us,game,game_A28B0,func_15077C1C,352812060,28,c
us,game,game_A28B0,func_15077C38,352812088,360,c
us,game,game_A28B0,func_15077DA0,352812448,28,c
us,game,game_A28B0,func_15077DBC.NON_MATCHING,352812476,0,c
us,game,game_A28B0,func_15077DBC,352812476,224,asm
us,game,game_A28B0,func_15077E9C,352812700,80,c
us,game,game_A28B0,func_15077EEC,352812780,28,c
us,game,game_A28B0,func_15077F08,352812808,44,c
us,game,game_A28B0,func_15077F34,352812852,48,c
us,game,game_A28B0,func_15077F64.NON_MATCHING,352812900,0,c
us,game,game_A28B0,func_15077F64,352812900,272,asm
us,game,game_A28B0,func_15078074,352813172,200,c
us,game,game_A28B0,func_1507813C,352813372,104,c
us,game,game_A28B0,func_150781A4,352813476,80,c
us,game,game_A28B0,func_150781F4,352813556,0,asm
us,game,game_A28B0,func_150781F4.NON_MATCHING,352813556,216,c
us,game,game_A28B0,func_150782CC,352813772,28,c
us,game,game_A28B0,func_150782E8,352813800,112,c
us,game,game_A28B0,func_15078358,352813912,68,c
us,game,game_A28B0,func_1507839C,352813980,0,asm
us,game,game_A28B0,func_1507839C.NON_MATCHING,352813980,388,c
us,game,game_A28B0,func_15078520,352814368,36,c
us,game,game_A28B0,func_15078544.NON_MATCHING,352814404,0,c
us,game,game_A28B0,func_15078544,352814404,600,asm
us,game,game_A28B0,func_1507879C,352815004,0,asm
us,game,game_A28B0,func_1507879C.NON_MATCHING,352815004,216,c
us,game,game_A28B0,func_15078874,352815220,28,c
us,game,game_A28B0,func_15078890,352815248,112,c
us,game,game_A28B0,func_15078900,352815360,264,c
us,game,game_A28B0,func_15078A08,352815624,88,c
us,game,game_A28B0,func_15078A60,352815712,0,asm
us,game,game_A28B0,func_15078A60.NON_MATCHING,352815712,48,c
us,game,game_A28B0,.L15078A90,352815760,64,c
us,game,game_A28B0,.L15078AD0,352815824,56,c
us,game,game_A28B0,.L15078B08,352815880,56,c
us,game,game_A28B0,.L15078B40,352815936,56,c
us,game,game_A28B0,.L15078B78,352815992,64,c
us,game,game_A28B0,.L15078BB8,352816056,64,c
us,game,game_A28B0,.L15078BF8,352816120,284,c
us,game,game_A28B0,.L15078D14,352816404,56,c
us,game,game_A28B0,.L15078D4C,352816460,56,c
us,game,game_A28B0,.L15078D84,352816516,88,c
us,game,game_A28B0,.L15078DDC,352816604,64,c
us,game,game_A28B0,.L15078E1C,352816668,20,c
us,game,game_A28B0,.L15078E30,352816688,20,c
us,game,game_A28B0,.L15078E44,352816708,16,c
us,game,game_A28B0,.L15078E54,352816724,16,c
us,game,game_A28B0,.L15078E64,352816740,68,c
us,game,game_A28B0,.L15078EA8,352816808,56,c
us,game,game_A28B0,.L15078EE0,352816864,68,c
us,game,game_A28B0,.L15078F24,352816932,232,c
us,game,game_A28B0,func_1507900C,352817164,48,c
us,game,game_A28B0,func_1507903C,352817212,84,c
us,game,game_A28B0,func_15079090,352817296,52,c
us,game,game_A28B0,func_150790C4,352817348,88,c
us,game,game_A28B0,func_1507911C,352817436,212,c
us,game,game_A28B0,func_150791F0,352817648,56,c
us,game,game_A28B0,func_15079228,352817704,0,asm
us,game,game_A28B0,func_15079228.NON_MATCHING,352817704,184,c
us,game,game_A28B0,func_150792E0,352817888,28,c
us,game,game_A28B0,func_150792FC,352817916,56,c
us,game,game_A28B0,func_15079334,352817972,92,c
us,game,game_A28B0,func_15079390,352818064,72,c
us,game,game_A28B0,func_150793D8,352818136,0,asm
us,game,game_A28B0,func_150793D8.NON_MATCHING,352818136,408,c
us,game,game_A28B0,func_15079570.NON_MATCHING,352818544,0,c
us,game,game_A28B0,func_15079570,352818544,236,asm
us,game,game_A28B0,func_1507965C,352818780,112,c
us,game,game_A28B0,func_150796CC,352818892,196,c
us,game,game_A28B0,func_15079790,352819088,0,asm
us,game,game_A28B0,func_15079790.NON_MATCHING,352819088,240,c
us,game,game_A28B0,func_15079880,352819328,120,c
us,game,game_A28B0,func_150798F8,352819448,48,c
us,game,game_A28B0,func_15079928,352819496,96,c
us,game,game_A28B0,func_15079988,352819592,44,c
us,game,game_A28B0,func_150799B4,352819636,116,c
us,game,game_A28B0,func_15079A28,352819752,48,c
us,game,game_A28B0,func_15079A58.NON_MATCHING,352819800,0,c
us,game,game_A28B0,func_15079A58,352819800,64,asm
us,game,game_A28B0,func_15079A98,352819864,0,asm
us,game,game_A28B0,func_15079A98.NON_MATCHING,352819864,152,c
us,game,game_A28B0,func_15079B30,352820016,0,asm
us,game,game_A28B0,func_15079B30.NON_MATCHING,352820016,128,c
us,game,game_A28B0,.L15079BB0,352820144,100,c
us,game,game_A28B0,.L15079C14,352820244,60,c
us,game,game_A28B0,.L15079C50,352820304,60,c
us,game,game_A28B0,.L15079C8C,352820364,172,c
us,game,game_A28B0,.L15079D38,352820536,88,c
us,game,game_A28B0,.L15079D90,352820624,56,c
us,game,game_A28B0,.L15079DC8,352820680,84,c
us,game,game_A28B0,.L15079E1C,352820764,44,c
us,game,game_A28B0,.L15079E48,352820808,36,c
us,game,game_A28B0,.L15079E6C,352820844,28,c
us,game,game_A28B0,.L15079E88,352820872,16,c
us,game,game_A28B0,.L15079E98,352820888,16,c
us,game,game_A28B0,.L15079EA8,352820904,24,c
us,game,game_A28B0,.L15079EC0,352820928,16,c
us,game,game_A28B0,.L15079ED0,352820944,24,c
us,game,game_A28B0,.L15079EE8,352820968,24,c
us,game,game_A28B0,.L15079F00,352820992,36,c
us,game,game_A28B0,func_15079F24,352821028,44,c
us,game,game_A28B0,func_15079F50,352821072,28,c
us,game,game_A28B0,func_15079F6C,352821100,0,asm
us,game,game_A28B0,func_15079F6C.NON_MATCHING,352821100,80,c
us,game,game_A28B0,func_15079FBC,352821180,0,asm
us,game,game_A28B0,func_15079FBC.NON_MATCHING,352821180,324,c
us,game,game_A28B0,func_1507A100.NON_MATCHING,352821504,0,c
us,game,game_A28B0,func_1507A100,352821504,100,asm
us,game,game_A28B0,func_1507A164,352821604,172,c
us,game,game_A28B0,func_1507A210,352821776,96,c
us,game,game_A28B0,func_1507A270,352821872,52,c
us,game,game_A28B0,func_1507A2A4,352821924,84,c
us,game,game_A28B0,func_1507A2F8,352822008,188,c
us,game,game_A28B0,func_1507A3B4,352822196,24,c
us,game,game_A28B0,func_1507A3CC,352822220,28,c
us,game,game_A28B0,func_1507A3E8,352822248,0,asm
us,game,game_A28B0,func_1507A3E8.NON_MATCHING,352822248,64,c
us,game,game_A28B0,func_1507A428,352822312,0,asm
us,game,game_A28B0,func_1507A428.NON_MATCHING,352822312,84,c
us,game,game_A28B0,func_1507A47C,352822396,0,asm
us,game,game_A28B0,func_1507A47C.NON_MATCHING,352822396,88,c
us,game,game_A28B0,func_1507A4D4,352822484,0,asm
us,game,game_A28B0,func_1507A4D4.NON_MATCHING,352822484,84,c
us,game,game_A28B0,func_1507A528.NON_MATCHING,352822568,0,c
us,game,game_A28B0,func_1507A528,352822568,248,asm
us,game,game_A28B0,func_1507A620,352822816,220,c
us,game,game_A28B0,func_1507A6FC,352823036,32,c
us,game,game_A28B0,func_1507A71C,352823068,88,c
us,game,game_A28B0,func_1507A774,352823156,76,c
us,game,game_A28B0,func_1507A7C0,352823232,28,c
us,game,game_A28B0,func_1507A7DC,352823260,44,c
us,game,game_A28B0,func_1507A808,352823304,48,c
us,game,game_A28B0,func_1507A838,352823352,64,c
us,game,game_A28B0,func_1507A878,352823416,48,c
us,game,game_A28B0,func_1507A8A8,352823464,68,c
us,game,game_A28B0,func_1507A8EC,352823532,152,c
us,game,game_A28B0,func_1507A984,352823684,196,c
us,game,game_A28B0,func_1507AA48,352823880,0,asm
us,game,game_A28B0,func_1507AA48.NON_MATCHING,352823880,80,c
us,game,game_A28B0,.L1507AA98,352823960,28,c
us,game,game_A28B0,.L1507AAB4,352823988,28,c
us,game,game_A28B0,.L1507AAD0,352824016,20,c
us,game,game_A28B0,.L1507AAE4,352824036,36,c
us,game,game_A28B0,.L1507AB08,352824072,276,c
us,game,game_A28B0,.L1507AC1C,352824348,24,c
us,game,game_A28B0,.L1507AC34,352824372,20,c
us,game,game_A28B0,.L1507AC48,352824392,72,c
us,game,game_A28B0,.L1507AC90,352824464,32,c
us,game,game_A28B0,func_1507ACB0,352824496,48,c
us,game,game_A28B0,func_1507ACE0,352824544,80,c
us,game,game_A28B0,func_1507AD30,352824624,48,c
us,game,game_A28B0,func_1507AD60,352824672,28,c
us,game,game_A28B0,func_1507AD7C,352824700,48,c
us,game,game_A28B0,func_1507ADAC,352824748,52,c
us,game,game_A28B0,func_1507ADE0,352824800,152,c
us,game,game_A28B0,func_1507AE78,352824952,28,c
us,game,game_A28B0,func_1507AE94,352824980,168,c
us,game,game_A28B0,func_1507AF3C,352825148,92,c
us,game,game_A28B0,func_1507AF98,352825240,168,c
us,game,game_A28B0,func_1507B040,352825408,24,c
us,game,game_A28B0,func_1507B058,352825432,260,c
us,game,game_A28B0,func_1507B15C,352825692,28,c
us,game,game_A28B0,func_1507B178,352825720,188,c
us,game,game_A28B0,func_1507B234,352825908,76,c
us,game,game_A28B0,func_1507B280,352825984,76,c
us,game,game_A28B0,func_1507B2CC,352826060,76,c
us,game,game_A28B0,func_1507B318,352826136,76,c
us,game,game_A28B0,func_1507B364,352826212,76,c
us,game,game_A28B0,func_1507B3B0,352826288,76,c
us,game,game_A28B0,func_1507B3FC,352826364,76,c
us,game,game_A28B0,func_1507B448,352826440,76,c
us,game,game_A28B0,func_1507B494,352826516,76,c
us,game,game_A28B0,func_1507B4E0,352826592,76,c
us,game,game_A28B0,func_1507B52C,352826668,76,c
us,game,game_A28B0,func_1507B578,352826744,76,c
us,game,game_A28B0,func_1507B5C4,352826820,108,c
us,game,game_A28B0,func_1507B630,352826928,176,c
us,game,game_A28B0,func_1507B6E0,352827104,84,c
us,game,game_A28B0,func_1507B734,352827188,136,c
us,game,game_A28B0,func_1507B7BC,352827324,44,c
us,game,game_A28B0,func_1507B7E8,352827368,156,c
us,game,game_A28B0,func_1507B884,352827524,112,c
us,game,game_A28B0,func_1507B8F4,352827636,100,c
us,game,game_A28B0,func_1507B958,352827736,28,c
us,game,game_A28B0,func_1507B974.NON_MATCHING,352827764,0,c
us,game,game_A28B0,func_1507B974,352827764,212,asm
us,game,game_A28B0,func_1507BA48,352827976,136,c
us,game,game_A28B0,func_1507BAD0,352828112,40,c
us,game,game_A28B0,func_1507BAF8,352828152,40,c
us,game,game_A28B0,func_1507BB20,352828192,8,c
us,game,game_A28B0,func_1507BB28,352828200,0,asm
us,game,game_A28B0,func_1507BB28.NON_MATCHING,352828200,236,c
us,game,game_A28B0,func_1507BC14,352828436,412,c
us,game,A9260,func_1507BDB0,352828848,0,asm
us,game,A9260,func_1507BDB0.NON_MATCHING,352828848,1148,asm
us,game,A9260,func_1507C22C,352829996,0,asm
us,game,A9260,func_1507C22C.NON_MATCHING,352829996,248,asm
us,game,A9260,func_1507C324,352830244,0,asm
us,game,A9260,func_1507C324.NON_MATCHING,352830244,76,asm
us,game,A9260,func_1507C370.NON_MATCHING,352830320,0,asm
us,game,A9260,func_1507C370,352830320,112,asm
us,game,A9260,func_1507C3E0.NON_MATCHING,352830432,0,asm
us,game,A9260,func_1507C3E0,352830432,404,asm
us,game,A9260,.L1507C574,352830836,352,asm
us,game,A9260,.L1507C6D4,352831188,28,asm
us,game,A9260,.L1507C6F0,352831216,28,asm
us,game,A9260,.L1507C70C,352831244,28,asm
us,game,A9260,.L1507C728,352831272,28,asm
us,game,A9260,.L1507C744,352831300,28,asm
us,game,A9260,.L1507C760,352831328,68,asm
us,game,A9260,.L1507C7A4,352831396,316,asm
us,game,game_A9D90,func_1507C8E0,352831712,28,c
us,game,game_A9D90,func_1507C8FC.NON_MATCHING,352831740,0,c
us,game,game_A9D90,func_1507C8FC,352831740,1040,asm
us,game,game_A9D90,func_1507CD0C,352832780,88,c
us,game,game_A9D90,func_1507CD64,352832868,0,asm
us,game,game_A9D90,func_1507CD64.NON_MATCHING,352832868,344,c
us,game,game_A9D90,.L1507CEBC,352833212,8,c
us,game,game_A9D90,.L1507CEC4,352833220,8,c
us,game,game_A9D90,.L1507CECC,352833228,8,c
us,game,game_A9D90,.L1507CED4,352833236,12,c
us,game,game_A9D90,.L1507CEE0,352833248,12,c
us,game,game_A9D90,.L1507CEEC,352833260,16,c
us,game,game_A9D90,.L1507CEFC,352833276,20,c
us,game,game_A9D90,.L1507CF10,352833296,20,c
us,game,game_A9D90,.L1507CF24,352833316,64,c
us,game,game_A9D90,.L1507CF64,352833380,8,c
us,game,game_A9D90,.L1507CF6C,352833388,20,c
us,game,game_A9D90,.L1507CF80,352833408,20,c
us,game,game_A9D90,.L1507CF94,352833428,8,c
us,game,game_A9D90,.L1507CF9C,352833436,16,c
us,game,game_A9D90,.L1507CFAC,352833452,12,c
us,game,game_A9D90,.L1507CFB8,352833464,12,c
us,game,game_A9D90,.L1507CFC4,352833476,404,c
us,game,game_A9D90,func_1507D158.NON_MATCHING,352833880,0,c
us,game,game_A9D90,func_1507D158,352833880,128,asm
us,game,game_A9D90,func_1507D1D8,352834008,0,asm
us,game,game_A9D90,func_1507D1D8.NON_MATCHING,352834008,800,c
us,game,game_A9D90,func_1507D4F8,352834808,0,asm
us,game,game_A9D90,func_1507D4F8.NON_MATCHING,352834808,604,c
us,game,game_A9D90,func_1507D754.NON_MATCHING,352835412,0,c
us,game,game_A9D90,func_1507D754,352835412,164,asm
us,game,game_A9D90,.L1507D7F8,352835576,24,c
us,game,game_A9D90,.L1507D810,352835600,16,c
us,game,game_A9D90,.L1507D820,352835616,16,c
us,game,game_A9D90,.L1507D830,352835632,24,c
us,game,game_A9D90,.L1507D848,352835656,24,c
us,game,game_A9D90,.L1507D860,352835680,60,c
us,game,game_A9D90,.L1507D89C,352835740,24,c
us,game,game_A9D90,.L1507D8B4,352835764,32,c
us,game,game_A9D90,.L1507D8D4,352835796,36,c
us,game,game_A9D90,.L1507D8F8,352835832,56,c
us,game,game_A9D90,.L1507D930,352835888,344,c
us,game,game_A9D90,.L1507DA88,352836232,24,c
us,game,game_A9D90,.L1507DAA0,352836256,60,c
us,game,game_A9D90,.L1507DADC,352836316,24,c
us,game,game_A9D90,.L1507DAF4,352836340,24,c
us,game,game_A9D90,.L1507DB0C,352836364,16,c
us,game,game_A9D90,.L1507DB1C,352836380,40,c
us,game,game_A9D90,func_1507DB44,352836420,32,c
us,game,game_A9D90,func_1507DB64,352836452,8,c
us,game,game_A9D90,func_1507DB6C,352836460,0,asm
us,game,game_A9D90,func_1507DB6C.NON_MATCHING,352836460,736,c
us,game,game_A9D90,func_1507DE4C,352837196,196,c
us,game,game_A9D90,func_1507DF10.NON_MATCHING,352837392,0,c
us,game,game_A9D90,func_1507DF10,352837392,36,asm
us,game,game_A9D90,.L1507DF34,352837428,36,c
us,game,game_A9D90,.L1507DF58,352837464,48,c
us,game,game_A9D90,.L1507DF88,352837512,52,c
us,game,game_A9D90,.L1507DFBC,352837564,40,c
us,game,game_A9D90,func_1507DFE4,352837604,0,asm
us,game,game_A9D90,func_1507DFE4.NON_MATCHING,352837604,304,c
us,game,game_A9D90,func_1507E114.NON_MATCHING,352837908,0,c
us,game,game_A9D90,func_1507E114,352837908,188,asm
us,game,game_A9D90,func_1507E1D0,352838096,0,asm
us,game,game_A9D90,func_1507E1D0.NON_MATCHING,352838096,224,c
us,game,AB760,func_1507E2B0,352838320,0,asm
us,game,AB760,func_1507E2B0.NON_MATCHING,352838320,272,asm
us,game,AB760,func_1507E3C0,352838592,0,asm
us,game,AB760,func_1507E3C0.NON_MATCHING,352838592,320,asm
us,game,AB760,func_1507E500.NON_MATCHING,352838912,0,asm
us,game,AB760,func_1507E500,352838912,200,asm
us,game,AB760,func_1507E5C8,352839112,0,asm
us,game,AB760,func_1507E5C8.NON_MATCHING,352839112,240,asm
us,game,AB760,func_1507E6B8,352839352,0,asm
us,game,AB760,func_1507E6B8.NON_MATCHING,352839352,132,asm
us,game,AB760,func_1507E73C.NON_MATCHING,352839484,0,asm
us,game,AB760,func_1507E73C,352839484,168,asm
us,game,AB760,func_1507E7E4.NON_MATCHING,352839652,0,asm
us,game,AB760,func_1507E7E4,352839652,292,asm
us,game,AB760,func_1507E908.NON_MATCHING,352839944,0,asm
us,game,AB760,func_1507E908,352839944,96,asm
us,game,AB760,func_1507E968,352840040,0,asm
us,game,AB760,func_1507E968.NON_MATCHING,352840040,128,asm
us,game,AB760,func_1507E9E8,352840168,0,asm
us,game,AB760,func_1507E9E8.NON_MATCHING,352840168,16,asm
us,game,AB760,func_1507E9F8.NON_MATCHING,352840184,0,asm
us,game,AB760,func_1507E9F8,352840184,76,asm
us,game,AB760,func_1507EA44.NON_MATCHING,352840260,0,asm
us,game,AB760,func_1507EA44,352840260,120,asm
us,game,AB760,func_1507EABC.NON_MATCHING,352840380,0,asm
us,game,AB760,func_1507EABC,352840380,112,asm
us,game,AB760,func_1507EB2C,352840492,0,asm
us,game,AB760,func_1507EB2C.NON_MATCHING,352840492,32,asm
us,game,AB760,func_1507EB4C.NON_MATCHING,352840524,0,asm
us,game,AB760,func_1507EB4C,352840524,52,asm
us,game,AC030,func_1507EB80,352840576,0,asm
us,game,AC030,func_1507EB80.NON_MATCHING,352840576,56,asm
us,game,AC030,func_1507EBB8.NON_MATCHING,352840632,0,asm
us,game,AC030,func_1507EBB8,352840632,128,asm
us,game,AC030,func_1507EC38.NON_MATCHING,352840760,0,asm
us,game,AC030,func_1507EC38,352840760,544,asm
us,game,AC030,func_1507EE58.NON_MATCHING,352841304,0,asm
us,game,AC030,func_1507EE58,352841304,96,asm
us,game,AC030,func_1507EEB8,352841400,0,asm
us,game,AC030,func_1507EEB8.NON_MATCHING,352841400,60,asm
us,game,AC030,func_1507EEF4.NON_MATCHING,352841460,0,asm
us,game,AC030,func_1507EEF4,352841460,172,asm
us,game,AC030,func_1507EFA0.NON_MATCHING,352841632,0,asm
us,game,AC030,func_1507EFA0,352841632,48,asm
us,game,AC030,func_1507EFD0,352841680,0,asm
us,game,AC030,func_1507EFD0.NON_MATCHING,352841680,1156,asm
us,game,AC030,func_1507F454.NON_MATCHING,352842836,0,asm
us,game,AC030,func_1507F454,352842836,108,asm
us,game,AC030,func_1507F4C0.NON_MATCHING,352842944,0,asm
us,game,AC030,func_1507F4C0,352842944,140,asm
us,game,AC030,func_1507F54C,352843084,0,asm
us,game,AC030,func_1507F54C.NON_MATCHING,352843084,244,asm
us,game,AC030,func_1507F640,352843328,0,asm
us,game,AC030,func_1507F640.NON_MATCHING,352843328,472,asm
us,game,AC030,.L1507F818,352843800,8,asm
us,game,AC030,.L1507F820,352843808,8,asm
us,game,AC030,.L1507F828,352843816,8,asm
us,game,AC030,.L1507F830,352843824,8,asm
us,game,AC030,.L1507F838,352843832,8,asm
us,game,AC030,.L1507F840,352843840,8,asm
us,game,AC030,.L1507F848,352843848,8,asm
us,game,AC030,.L1507F850,352843856,8,asm
us,game,AC030,.L1507F858,352843864,8,asm
us,game,AC030,.L1507F860,352843872,8,asm
us,game,AC030,.L1507F868,352843880,8,asm
us,game,AC030,.L1507F870,352843888,8,asm
us,game,AC030,.L1507F878,352843896,8,asm
us,game,AC030,.L1507F880,352843904,8,asm
us,game,AC030,.L1507F888,352843912,8,asm
us,game,AC030,.L1507F890,352843920,8,asm
us,game,AC030,.L1507F898,352843928,8,asm
us,game,AC030,.L1507F8A0,352843936,4,asm
us,game,AC030,.L1507F8A4,352843940,904,asm
us,game,AC030,func_1507FC2C.NON_MATCHING,352844844,0,asm
us,game,AC030,func_1507FC2C,352844844,628,asm
us,game,AC030,func_1507FEA0,352845472,0,asm
us,game,AC030,func_1507FEA0.NON_MATCHING,352845472,244,asm
us,game,AC030,func_1507FF94.NON_MATCHING,352845716,0,asm
us,game,AC030,func_1507FF94,352845716,68,asm
us,game,AC030,func_1507FFD8,352845784,0,asm
us,game,AC030,func_1507FFD8.NON_MATCHING,352845784,552,asm
us,game,AD6B0,func_15080200,352846336,0,asm
us,game,AD6B0,func_15080200.NON_MATCHING,352846336,40,asm
us,game,AD6B0,func_15080228.NON_MATCHING,352846376,0,asm
us,game,AD6B0,func_15080228,352846376,288,asm
us,game,AD6B0,func_15080348.NON_MATCHING,352846664,0,asm
us,game,AD6B0,func_15080348,352846664,232,asm
us,game,AD6B0,func_15080430.NON_MATCHING,352846896,0,asm
us,game,AD6B0,func_15080430,352846896,208,asm
us,game,AD9B0,func_15080500,352847104,0,asm
us,game,AD9B0,func_15080500.NON_MATCHING,352847104,288,asm
us,game,AD9B0,func_15080620.NON_MATCHING,352847392,0,asm
us,game,AD9B0,func_15080620,352847392,136,asm
us,game,AD9B0,func_150806A8.NON_MATCHING,352847528,0,asm
us,game,AD9B0,func_150806A8,352847528,112,asm
us,game,AD9B0,func_15080718,352847640,0,asm
us,game,AD9B0,func_15080718.NON_MATCHING,352847640,32,asm
us,game,AD9B0,func_15080738,352847672,0,asm
us,game,AD9B0,func_15080738.NON_MATCHING,352847672,76,asm
us,game,AD9B0,func_15080784,352847748,0,asm
us,game,AD9B0,func_15080784.NON_MATCHING,352847748,112,asm
us,game,AD9B0,func_150807F4.NON_MATCHING,352847860,0,asm
us,game,AD9B0,func_150807F4,352847860,52,asm
us,game,AD9B0,func_15080828.NON_MATCHING,352847912,0,asm
us,game,AD9B0,func_15080828,352847912,960,asm
us,game,AD9B0,func_15080BE8.NON_MATCHING,352848872,0,asm
us,game,AD9B0,func_15080BE8,352848872,124,asm
us,game,AD9B0,func_15080C64,352848996,0,asm
us,game,AD9B0,func_15080C64.NON_MATCHING,352848996,144,asm
us,game,AD9B0,func_15080CF4.NON_MATCHING,352849140,0,asm
us,game,AD9B0,func_15080CF4,352849140,44,asm
us,game,AE1D0,func_15080D20,352849184,0,asm
us,game,AE1D0,func_15080D20.NON_MATCHING,352849184,876,asm
us,game,AE1D0,func_1508108C,352850060,0,asm
us,game,AE1D0,func_1508108C.NON_MATCHING,352850060,192,asm
us,game,AE1D0,func_1508114C.NON_MATCHING,352850252,0,asm
us,game,AE1D0,func_1508114C,352850252,1064,asm
us,game,AE1D0,func_15081574.NON_MATCHING,352851316,0,asm
us,game,AE1D0,func_15081574,352851316,284,asm
us,game,AEB40,func_15081690,352851600,0,asm
us,game,AEB40,func_15081690.NON_MATCHING,352851600,1424,asm
us,game,AEB40,func_15081C20,352853024,0,asm
us,game,AEB40,func_15081C20.NON_MATCHING,352853024,492,asm
us,game,AEB40,func_15081E0C,352853516,0,asm
us,game,AEB40,func_15081E0C.NON_MATCHING,352853516,108,asm
us,game,AEB40,func_15081E78,352853624,0,asm
us,game,AEB40,func_15081E78.NON_MATCHING,352853624,124,asm
us,game,AEB40,.L15081EF4,352853748,8,asm
us,game,AEB40,.L15081EFC,352853756,8,asm
us,game,AEB40,.L15081F04,352853764,8,asm
us,game,AEB40,.L15081F0C,352853772,8,asm
us,game,AEB40,.L15081F14,352853780,8,asm
us,game,AEB40,.L15081F1C,352853788,8,asm
us,game,AEB40,.L15081F24,352853796,44,asm
us,game,AEB40,.L15081F50,352853840,164,asm
us,game,AEB40,.L15081FF4,352854004,56,asm
us,game,AEB40,.L1508202C,352854060,1428,asm
us,game,AEB40,func_150825C0,352855488,0,asm
us,game,AEB40,func_150825C0.NON_MATCHING,352855488,924,asm
us,game,AEB40,func_1508295C,352856412,0,asm
us,game,AEB40,func_1508295C.NON_MATCHING,352856412,124,asm
us,game,AEB40,func_150829D8.NON_MATCHING,352856536,0,asm
us,game,AEB40,func_150829D8,352856536,88,asm
us,game,AEB40,.L15082A30,352856624,12,asm
us,game,AEB40,.L15082A3C,352856636,8,asm
us,game,AEB40,func_15082A44,352856644,0,asm
us,game,AEB40,func_15082A44.NON_MATCHING,352856644,2152,asm
us,game,AEB40,func_150832AC.NON_MATCHING,352858796,0,asm
us,game,AEB40,func_150832AC,352858796,216,asm
us,game,AEB40,func_15083384,352859012,0,asm
us,game,AEB40,func_15083384.NON_MATCHING,352859012,52,asm
us,game,AEB40,.L150833B8,352859064,24,asm
us,game,AEB40,.L150833D0,352859088,16,asm
us,game,AEB40,.L150833E0,352859104,12,asm
us,game,AEB40,.L150833EC,352859116,12,asm
us,game,AEB40,.L150833F8,352859128,24,asm
us,game,AEB40,.L15083410,352859152,88,asm
us,game,AEB40,.L15083468,352859240,212,asm
us,game,AEB40,.L1508353C,352859452,44,asm
us,game,AEB40,func_15083568,352859496,0,asm
us,game,AEB40,func_15083568.NON_MATCHING,352859496,356,asm
us,game,AEB40,func_150836CC,352859852,0,asm
us,game,AEB40,func_150836CC.NON_MATCHING,352859852,264,asm
us,game,AEB40,func_150837D4,352860116,0,asm
us,game,AEB40,func_150837D4.NON_MATCHING,352860116,280,asm
us,game,AEB40,func_150838EC,352860396,0,asm
us,game,AEB40,func_150838EC.NON_MATCHING,352860396,204,asm
us,game,AEB40,func_150839B8.NON_MATCHING,352860600,0,asm
us,game,AEB40,func_150839B8,352860600,272,asm
us,game,AEB40,func_15083AC8.NON_MATCHING,352860872,0,asm
us,game,AEB40,func_15083AC8,352860872,728,asm
us,game,AEB40,func_15083DA0,352861600,0,asm
us,game,AEB40,func_15083DA0.NON_MATCHING,352861600,108,asm
us,game,AEB40,func_15083E0C.NON_MATCHING,352861708,0,asm
us,game,AEB40,func_15083E0C,352861708,132,asm
us,game,AEB40,func_15083E90,352861840,0,asm
us,game,AEB40,func_15083E90.NON_MATCHING,352861840,288,asm
us,game,AEB40,func_15083FB0,352862128,0,asm
us,game,AEB40,func_15083FB0.NON_MATCHING,352862128,80,asm
us,game,AEB40,func_15084000,352862208,0,asm
us,game,AEB40,func_15084000.NON_MATCHING,352862208,68,asm
us,game,AEB40,func_15084044.NON_MATCHING,352862276,0,asm
us,game,AEB40,func_15084044,352862276,776,asm
us,game,AEB40,func_1508434C,352863052,0,asm
us,game,AEB40,func_1508434C.NON_MATCHING,352863052,96,asm
us,game,AEB40,func_150843AC,352863148,0,asm
us,game,AEB40,func_150843AC.NON_MATCHING,352863148,220,asm
us,game,AEB40,func_15084488,352863368,0,asm
us,game,AEB40,func_15084488.NON_MATCHING,352863368,208,asm
us,game,AEB40,func_15084558,352863576,0,asm
us,game,AEB40,func_15084558.NON_MATCHING,352863576,1096,asm
us,game,AEB40,func_150849A0,352864672,0,asm
us,game,AEB40,func_150849A0.NON_MATCHING,352864672,44,asm
us,game,AEB40,func_150849CC.NON_MATCHING,352864716,0,asm
us,game,AEB40,func_150849CC,352864716,76,asm
us,game,AEB40,func_15084A18.NON_MATCHING,352864792,0,asm
us,game,AEB40,func_15084A18,352864792,536,asm
us,game,AEB40,func_15084C30,352865328,0,asm
us,game,AEB40,func_15084C30.NON_MATCHING,352865328,128,asm
us,game,AEB40,func_15084CB0,352865456,0,asm
us,game,AEB40,func_15084CB0.NON_MATCHING,352865456,80,asm
us,game,B21B0,func_15084D00.NON_MATCHING,352865536,0,asm
us,game,B21B0,func_15084D00,352865536,112,asm
us,game,B21B0,func_15084D70.NON_MATCHING,352865648,0,asm
us,game,B21B0,func_15084D70,352865648,1696,asm
us,game,B21B0,func_15085410.NON_MATCHING,352867344,0,asm
us,game,B21B0,func_15085410,352867344,16,asm
us,game,B21B0,func_15085420.NON_MATCHING,352867360,0,asm
us,game,B21B0,func_15085420,352867360,16,asm
us,game,B21B0,func_15085430.NON_MATCHING,352867376,0,asm
us,game,B21B0,func_15085430,352867376,736,asm
us,game,B21B0,func_15085710.NON_MATCHING,352868112,0,asm
us,game,B21B0,func_15085710,352868112,64,asm
us,game,B21B0,.L15085750,352868176,28,asm
us,game,B21B0,.L1508576C,352868204,28,asm
us,game,B21B0,.L15085788,352868232,48,asm
us,game,B21B0,.L150857B8,352868280,76,asm
us,game,B21B0,.L15085804,352868356,60,asm
us,game,B21B0,.L15085840,352868416,28,asm
us,game,B21B0,.L1508585C,352868444,76,asm
us,game,B21B0,.L150858A8,352868520,68,asm
us,game,B21B0,.L150858EC,352868588,28,asm
us,game,B21B0,.L15085908,352868616,28,asm
us,game,B21B0,.L15085924,352868644,72,asm
us,game,B21B0,.L1508596C,352868716,64,asm
us,game,B21B0,func_150859AC,352868780,0,asm
us,game,B21B0,func_150859AC.NON_MATCHING,352868780,76,asm
us,game,B21B0,.L150859F8,352868856,24,asm
us,game,B21B0,.L15085A10,352868880,28,asm
us,game,B21B0,.L15085A2C,352868908,28,asm
us,game,B21B0,.L15085A48,352868936,28,asm
us,game,B21B0,.L15085A64,352868964,28,asm
us,game,B21B0,.L15085A80,352868992,28,asm
us,game,B21B0,.L15085A9C,352869020,32,asm
us,game,B21B0,func_15085ABC.NON_MATCHING,352869052,0,asm
us,game,B21B0,func_15085ABC,352869052,180,asm
us,game,B3020,func_15085B70.NON_MATCHING,352869232,0,asm
us,game,B3020,func_15085B70,352869232,120,asm
us,game,B3020,func_15085BE8,352869352,0,asm
us,game,B3020,func_15085BE8.NON_MATCHING,352869352,448,asm
us,game,B3020,func_15085DA8,352869800,0,asm
us,game,B3020,func_15085DA8.NON_MATCHING,352869800,80,asm
us,game,B3020,func_15085DF8,352869880,0,asm
us,game,B3020,func_15085DF8.NON_MATCHING,352869880,672,asm
us,game,B3020,func_15086098,352870552,0,asm
us,game,B3020,func_15086098.NON_MATCHING,352870552,716,asm
us,game,B3020,func_15086364.NON_MATCHING,352871268,0,asm
us,game,B3020,func_15086364,352871268,2156,asm
us,game,B3020,func_15086BD0,352873424,0,asm
us,game,B3020,func_15086BD0.NON_MATCHING,352873424,160,asm
us,game,B3020,func_15086C70.NON_MATCHING,352873584,0,asm
us,game,B3020,func_15086C70,352873584,76,asm
us,game,B3020,func_15086CBC,352873660,0,asm
us,game,B3020,func_15086CBC.NON_MATCHING,352873660,140,asm
us,game,B3020,func_15086D48.NON_MATCHING,352873800,0,asm
us,game,B3020,func_15086D48,352873800,76,asm
us,game,B3020,func_15086D94,352873876,0,asm
us,game,B3020,func_15086D94.NON_MATCHING,352873876,828,asm
us,game,B3020,func_150870D0.NON_MATCHING,352874704,0,asm
us,game,B3020,func_150870D0,352874704,640,asm
us,game,B3020,func_15087350.NON_MATCHING,352875344,0,asm
us,game,B3020,func_15087350,352875344,2416,asm
us,game,B3020,func_15087CC0.NON_MATCHING,352877760,0,asm
us,game,B3020,func_15087CC0,352877760,268,asm
us,game,B3020,func_15087DCC.NON_MATCHING,352878028,0,asm
us,game,B3020,func_15087DCC,352878028,136,asm
us,game,B3020,func_15087E54.NON_MATCHING,352878164,0,asm
us,game,B3020,func_15087E54,352878164,156,asm
us,game,B3020,func_15087EF0,352878320,0,asm
us,game,B3020,func_15087EF0.NON_MATCHING,352878320,212,asm
us,game,B3020,func_15087FC4,352878532,0,asm
us,game,B3020,func_15087FC4.NON_MATCHING,352878532,40,asm
us,game,B3020,func_15087FEC,352878572,0,asm
us,game,B3020,func_15087FEC.NON_MATCHING,352878572,64,asm
us,game,B3020,func_1508802C.NON_MATCHING,352878636,0,asm
us,game,B3020,func_1508802C,352878636,204,asm
us,game,B3020,func_150880F8.NON_MATCHING,352878840,0,asm
us,game,B3020,func_150880F8,352878840,212,asm
us,game,B3020,func_150881CC.NON_MATCHING,352879052,0,asm
us,game,B3020,func_150881CC,352879052,76,asm
us,game,B3020,func_15088218.NON_MATCHING,352879128,0,asm
us,game,B3020,func_15088218,352879128,88,asm
us,game,B3020,func_15088270,352879216,0,asm
us,game,B3020,func_15088270.NON_MATCHING,352879216,64,asm
us,game,B3020,func_150882B0,352879280,0,asm
us,game,B3020,func_150882B0.NON_MATCHING,352879280,52,asm
us,game,B3020,func_150882E4.NON_MATCHING,352879332,0,asm
us,game,B3020,func_150882E4,352879332,204,asm
us,game,B3020,func_150883B0,352879536,0,asm
us,game,B3020,func_150883B0.NON_MATCHING,352879536,428,asm
us,game,B3020,func_1508855C.NON_MATCHING,352879964,0,asm
us,game,B3020,func_1508855C,352879964,144,asm
us,game,B3020,func_150885EC,352880108,0,asm
us,game,B3020,func_150885EC.NON_MATCHING,352880108,160,asm
us,game,B3020,func_1508868C,352880268,0,asm
us,game,B3020,func_1508868C.NON_MATCHING,352880268,244,asm
us,game,B3020,func_15088780,352880512,0,asm
us,game,B3020,func_15088780.NON_MATCHING,352880512,120,asm
us,game,B3020,func_150887F8.NON_MATCHING,352880632,0,asm
us,game,B3020,func_150887F8,352880632,44,asm
us,game,B3020,func_15088824,352880676,0,asm
us,game,B3020,func_15088824.NON_MATCHING,352880676,132,asm
us,game,B3020,func_150888A8,352880808,0,asm
us,game,B3020,func_150888A8.NON_MATCHING,352880808,352,asm
us,game,B3020,func_15088A08.NON_MATCHING,352881160,0,asm
us,game,B3020,func_15088A08,352881160,848,asm
us,game,B3020,func_15088D58.NON_MATCHING,352882008,0,asm
us,game,B3020,func_15088D58,352882008,472,asm
us,game,B3020,func_15088F30,352882480,0,asm
us,game,B3020,func_15088F30.NON_MATCHING,352882480,332,asm
us,game,B3020,func_1508907C.NON_MATCHING,352882812,0,asm
us,game,B3020,func_1508907C,352882812,364,asm
us,game,B3020,func_150891E8.NON_MATCHING,352883176,0,asm
us,game,B3020,func_150891E8,352883176,1284,asm
us,game,B3020,func_150896EC.NON_MATCHING,352884460,0,asm
us,game,B3020,func_150896EC,352884460,1220,asm
us,game,B3020,func_15089BB0.NON_MATCHING,352885680,0,asm
us,game,B3020,func_15089BB0,352885680,16,asm
us,game,B3020,func_15089BC0,352885696,0,asm
us,game,B3020,func_15089BC0.NON_MATCHING,352885696,76,asm
us,game,B3020,.L15089C0C,352885772,12,asm
us,game,B3020,.L15089C18,352885784,12,asm
us,game,B3020,.L15089C24,352885796,12,asm
us,game,B3020,.L15089C30,352885808,12,asm
us,game,B3020,.L15089C3C,352885820,12,asm
us,game,B3020,.L15089C48,352885832,12,asm
us,game,B3020,.L15089C54,352885844,12,asm
us,game,B3020,.L15089C60,352885856,828,asm
us,game,B3020,func_15089F9C.NON_MATCHING,352886684,0,asm
us,game,B3020,func_15089F9C,352886684,544,asm
us,game,B3020,func_1508A1BC,352887228,0,asm
us,game,B3020,func_1508A1BC.NON_MATCHING,352887228,1344,asm
us,game,B3020,func_1508A6FC,352888572,0,asm
us,game,B3020,func_1508A6FC.NON_MATCHING,352888572,2712,asm
us,game,B3020,func_1508B194,352891284,0,asm
us,game,B3020,func_1508B194.NON_MATCHING,352891284,64,asm
us,game,B3020,func_1508B1D4.NON_MATCHING,352891348,0,asm
us,game,B3020,func_1508B1D4,352891348,56,asm
us,game,B3020,func_1508B20C,352891404,0,asm
us,game,B3020,func_1508B20C.NON_MATCHING,352891404,156,asm
us,game,B3020,func_1508B2A8,352891560,0,asm
us,game,B3020,func_1508B2A8.NON_MATCHING,352891560,336,asm
us,game,B3020,func_1508B3F8.NON_MATCHING,352891896,0,asm
us,game,B3020,func_1508B3F8,352891896,1476,asm
us,game,B3020,func_1508B9BC.NON_MATCHING,352893372,0,asm
us,game,B3020,func_1508B9BC,352893372,612,asm
us,game,B3020,func_1508BC20.NON_MATCHING,352893984,0,asm
us,game,B3020,func_1508BC20,352893984,756,asm
us,game,B3020,func_1508BF14,352894740,0,asm
us,game,B3020,func_1508BF14.NON_MATCHING,352894740,640,asm
us,game,B3020,func_1508C194,352895380,0,asm
us,game,B3020,func_1508C194.NON_MATCHING,352895380,16,asm
us,game,B3020,func_1508C1A4.NON_MATCHING,352895396,0,asm
us,game,B3020,func_1508C1A4,352895396,1044,asm
us,game,B3020,func_1508C5B8,352896440,0,asm
us,game,B3020,func_1508C5B8.NON_MATCHING,352896440,1044,asm
us,game,B3020,func_1508C9CC.NON_MATCHING,352897484,0,asm
us,game,B3020,func_1508C9CC,352897484,188,asm
us,game,B3020,func_1508CA88.NON_MATCHING,352897672,0,asm
us,game,B3020,func_1508CA88,352897672,80,asm
us,game,B3020,func_1508CAD8,352897752,0,asm
us,game,B3020,func_1508CAD8.NON_MATCHING,352897752,3448,asm
us,game,B3020,func_1508D850,352901200,0,asm
us,game,B3020,func_1508D850.NON_MATCHING,352901200,460,asm
us,game,B3020,func_1508DA1C,352901660,0,asm
us,game,B3020,func_1508DA1C.NON_MATCHING,352901660,208,asm
us,game,B3020,func_1508DAEC.NON_MATCHING,352901868,0,asm
us,game,B3020,func_1508DAEC,352901868,312,asm
us,game,B3020,func_1508DC24,352902180,0,asm
us,game,B3020,func_1508DC24.NON_MATCHING,352902180,2724,asm
us,game,B3020,func_1508E6C8.NON_MATCHING,352904904,0,asm
us,game,B3020,func_1508E6C8,352904904,8,asm
us,game,B3020,func_1508E6D0,352904912,0,asm
us,game,B3020,func_1508E6D0.NON_MATCHING,352904912,36,asm
us,game,B3020,.L1508E6F4,352904948,8,asm
us,game,B3020,.L1508E6FC,352904956,8,asm
us,game,B3020,.L1508E704,352904964,8,asm
us,game,B3020,.L1508E70C,352904972,8,asm
us,game,B3020,.L1508E714,352904980,12,asm
us,game,B3020,.L1508E720,352904992,8,asm
us,game,B3020,.L1508E728,352905000,8,asm
us,game,B3020,.L1508E730,352905008,12,asm
us,game,B3020,.L1508E73C,352905020,8,asm
us,game,B3020,.L1508E744,352905028,8,asm
us,game,B3020,.L1508E74C,352905036,8,asm
us,game,B3020,.L1508E754,352905044,12,asm
us,game,B3020,.L1508E760,352905056,8,asm
us,game,B3020,.L1508E768,352905064,8,asm
us,game,B3020,.L1508E770,352905072,16,asm
us,game,B3020,func_1508E780.NON_MATCHING,352905088,0,asm
us,game,B3020,func_1508E780,352905088,56,asm
us,game,B3020,.L1508E7B8,352905144,8,asm
us,game,B3020,.L1508E7C0,352905152,8,asm
us,game,B3020,.L1508E7C8,352905160,8,asm
us,game,B3020,.L1508E7D0,352905168,8,asm
us,game,B3020,.L1508E7D8,352905176,8,asm
us,game,B3020,.L1508E7E0,352905184,8,asm
us,game,B3020,.L1508E7E8,352905192,8,asm
us,game,B3020,.L1508E7F0,352905200,8,asm
us,game,B3020,.L1508E7F8,352905208,8,asm
us,game,B3020,.L1508E800,352905216,8,asm
us,game,B3020,.L1508E808,352905224,8,asm
us,game,B3020,.L1508E810,352905232,8,asm
us,game,B3020,.L1508E818,352905240,8,asm
us,game,B3020,.L1508E820,352905248,8,asm
us,game,B3020,.L1508E828,352905256,8,asm
us,game,B3020,.L1508E830,352905264,8,asm
us,game,B3020,.L1508E838,352905272,8,asm
us,game,B3020,.L1508E840,352905280,92,asm
us,game,B3020,func_1508E89C,352905372,0,asm
us,game,B3020,func_1508E89C.NON_MATCHING,352905372,756,asm
us,game,B3020,func_1508EB90,352906128,0,asm
us,game,B3020,func_1508EB90.NON_MATCHING,352906128,104,asm
us,game,B3020,func_1508EBF8.NON_MATCHING,352906232,0,asm
us,game,B3020,func_1508EBF8,352906232,100,asm
us,game,B3020,func_1508EC5C.NON_MATCHING,352906332,0,asm
us,game,B3020,func_1508EC5C,352906332,100,asm
us,game,B3020,func_1508ECC0,352906432,0,asm
us,game,B3020,func_1508ECC0.NON_MATCHING,352906432,252,asm
us,game,B3020,func_1508EDBC,352906684,0,asm
us,game,B3020,func_1508EDBC.NON_MATCHING,352906684,80,asm
us,game,B3020,func_1508EE0C,352906764,0,asm
us,game,B3020,func_1508EE0C.NON_MATCHING,352906764,372,asm
us,game,game_BC430,func_1508EF80,352907136,0,asm
us,game,game_BC430,func_1508EF80.NON_MATCHING,352907136,224,c
us,game,game_BC510,func_1508F060.NON_MATCHING,352907360,0,c
us,game,game_BC510,func_1508F060,352907360,68,asm
us,game,game_BC510,func_1508F0A4,352907428,48,c
us,game,game_BC510,func_1508F0D4.NON_MATCHING,352907476,0,c
us,game,game_BC510,func_1508F0D4,352907476,1768,asm
us,game,game_BC510,func_1508F7BC,352909244,520,c
us,game,game_BC510,func_1508F9C4,352909764,48,c
us,game,game_BC510,func_1508F9F4.NON_MATCHING,352909812,0,c
us,game,game_BC510,func_1508F9F4,352909812,836,asm
us,game,game_BC510,func_1508FD38,352910648,0,asm
us,game,game_BC510,func_1508FD38.NON_MATCHING,352910648,952,c
us,game,game_BC510,func_150900F0.NON_MATCHING,352911600,0,c
us,game,game_BC510,func_150900F0,352911600,1344,asm
us,game,game_BC510,func_15090630,352912944,0,asm
us,game,game_BC510,func_15090630.NON_MATCHING,352912944,780,c
us,game,game_BC510,func_1509093C,352913724,0,asm
us,game,game_BC510,func_1509093C.NON_MATCHING,352913724,2232,c
us,game,game_BC510,func_150911F4.NON_MATCHING,352915956,0,c
us,game,game_BC510,func_150911F4,352915956,832,asm
us,game,game_BC510,func_15091534.NON_MATCHING,352916788,0,c
us,game,game_BC510,func_15091534,352916788,384,asm
us,game,game_BC510,func_150916B4.NON_MATCHING,352917172,0,c
us,game,game_BC510,func_150916B4,352917172,568,asm
us,game,game_BC510,func_150918EC,352917740,0,asm
us,game,game_BC510,func_150918EC.NON_MATCHING,352917740,2196,c
us,game,game_BC510,.L15092180,352919936,8,c
us,game,game_BC510,.L15092188,352919944,8,c
us,game,game_BC510,.L15092190,352919952,8,c
us,game,game_BC510,.L15092198,352919960,8,c
us,game,game_BC510,.L150921A0,352919968,8,c
us,game,game_BC510,.L150921A8,352919976,8,c
us,game,game_BC510,.L150921B0,352919984,8,c
us,game,game_BC510,.L150921B8,352919992,8,c
us,game,game_BC510,.L150921C0,352920000,8,c
us,game,game_BC510,.L150921C8,352920008,8,c
us,game,game_BC510,.L150921D0,352920016,8,c
us,game,game_BC510,.L150921D8,352920024,28,c
us,game,game_BC510,.L150921F4,352920052,8,c
us,game,game_BC510,.L150921FC,352920060,12,c
us,game,game_BC510,.L15092208,352920072,16,c
us,game,game_BC510,.L15092218,352920088,1452,c
us,game,game_BC510,.L150927C4,352921540,8,c
us,game,game_BC510,.L150927CC,352921548,8,c
us,game,game_BC510,.L150927D4,352921556,8,c
us,game,game_BC510,.L150927DC,352921564,12,c
us,game,game_BC510,.L150927E8,352921576,24,c
us,game,game_BC510,.L15092800,352921600,4120,c
us,game,game_BC510,func_15093818,352925720,96,c
us,game,game_BC510,func_15093878,352925816,68,c
us,game,game_BC510,func_150938BC,352925884,0,asm
us,game,game_BC510,func_150938BC.NON_MATCHING,352925884,668,c
us,game,game_BC510,func_15093B58.NON_MATCHING,352926552,0,c
us,game,game_BC510,func_15093B58,352926552,3432,asm
us,game,C1D70,func_150948C0,352929984,0,asm
us,game,C1D70,func_150948C0.NON_MATCHING,352929984,220,asm
us,game,C1D70,func_1509499C.NON_MATCHING,352930204,0,asm
us,game,C1D70,func_1509499C,352930204,284,asm
us,game,C1D70,func_15094AB8.NON_MATCHING,352930488,0,asm
us,game,C1D70,func_15094AB8,352930488,1000,asm
us,game,C1D70,func_15094EA0,352931488,0,asm
us,game,C1D70,func_15094EA0.NON_MATCHING,352931488,160,asm
us,game,C1D70,func_15094F40,352931648,0,asm
us,game,C1D70,func_15094F40.NON_MATCHING,352931648,48,asm
us,game,C1D70,func_15094F70,352931696,0,asm
us,game,C1D70,func_15094F70.NON_MATCHING,352931696,120,asm
us,game,C1D70,func_15094FE8.NON_MATCHING,352931816,0,asm
us,game,C1D70,func_15094FE8,352931816,120,asm
us,game,C1D70,func_15095060,352931936,0,asm
us,game,C1D70,func_15095060.NON_MATCHING,352931936,116,asm
us,game,C1D70,func_150950D4,352932052,0,asm
us,game,C1D70,func_150950D4.NON_MATCHING,352932052,1384,asm
us,game,C1D70,func_1509563C.NON_MATCHING,352933436,0,asm
us,game,C1D70,func_1509563C,352933436,292,asm
us,game,C1D70,func_15095760,352933728,0,asm
us,game,C1D70,func_15095760.NON_MATCHING,352933728,336,asm
us,game,C1D70,func_150958B0,352934064,0,asm
us,game,C1D70,func_150958B0.NON_MATCHING,352934064,408,asm
us,game,C1D70,func_15095A48,352934472,0,asm
us,game,C1D70,func_15095A48.NON_MATCHING,352934472,72,asm
us,game,C1D70,func_15095A90.NON_MATCHING,352934544,0,asm
us,game,C1D70,func_15095A90,352934544,120,asm
us,game,C1D70,func_15095B08.NON_MATCHING,352934664,0,asm
us,game,C1D70,func_15095B08,352934664,516,asm
us,game,C1D70,func_15095D0C,352935180,0,asm
us,game,C1D70,func_15095D0C.NON_MATCHING,352935180,40,asm
us,game,C1D70,func_15095D34,352935220,0,asm
us,game,C1D70,func_15095D34.NON_MATCHING,352935220,1384,asm
us,game,C1D70,func_1509629C.NON_MATCHING,352936604,0,asm
us,game,C1D70,func_1509629C,352936604,1688,asm
us,game,C1D70,func_15096934.NON_MATCHING,352938292,0,asm
us,game,C1D70,func_15096934,352938292,60,asm
us,game,C3E20,func_15096970,352938352,0,asm
us,game,C3E20,func_15096970.NON_MATCHING,352938352,48,asm
us,game,C3E20,func_150969A0.NON_MATCHING,352938400,0,asm
us,game,C3E20,func_150969A0,352938400,200,asm
us,game,C3E20,func_15096A68.NON_MATCHING,352938600,0,asm
us,game,C3E20,func_15096A68,352938600,672,asm
us,game,C3E20,func_15096D08,352939272,0,asm
us,game,C3E20,func_15096D08.NON_MATCHING,352939272,112,asm
us,game,C3E20,func_15096D78.NON_MATCHING,352939384,0,asm
us,game,C3E20,func_15096D78,352939384,128,asm
us,game,C3E20,.L15096DF8,352939512,320,asm
us,game,C3E20,.L15096F38,352939832,36,asm
us,game,C3E20,.L15096F5C,352939868,20,asm
us,game,C3E20,.L15096F70,352939888,64,asm
us,game,C3E20,.L15096FB0,352939952,84,asm
us,game,C3E20,.L15097004,352940036,24,asm
us,game,C3E20,.L1509701C,352940060,16,asm
us,game,C3E20,.L1509702C,352940076,240,asm
us,game,C3E20,.L1509711C,352940316,52,asm
us,game,C3E20,.L15097150,352940368,200,asm
us,game,C3E20,.L15097218,352940568,80,asm
us,game,C3E20,.L15097268,352940648,64,asm
us,game,C3E20,.L150972A8,352940712,64,asm
us,game,C3E20,.L150972E8,352940776,64,asm
us,game,C3E20,.L15097328,352940840,128,asm
us,game,C3E20,.L150973A8,352940968,36,asm
us,game,C3E20,.L150973CC,352941004,36,asm
us,game,C3E20,.L150973F0,352941040,104,asm
us,game,C3E20,.L15097458,352941144,64,asm
us,game,C3E20,.L15097498,352941208,12,asm
us,game,C3E20,.L150974A4,352941220,36,asm
us,game,C3E20,.L150974C8,352941256,100,asm
us,game,C3E20,.L1509752C,352941356,44,asm
us,game,C3E20,.L15097558,352941400,16,asm
us,game,C3E20,.L15097568,352941416,28,asm
us,game,C3E20,.L15097584,352941444,24,asm
us,game,C3E20,func_1509759C,352941468,0,asm
us,game,C3E20,func_1509759C.NON_MATCHING,352941468,108,asm
us,game,C3E20,.L15097608,352941576,32,asm
us,game,C3E20,.L15097628,352941608,32,asm
us,game,C3E20,.L15097648,352941640,32,asm
us,game,C3E20,.L15097668,352941672,108,asm
us,game,C3E20,.L150976D4,352941780,196,asm
us,game,C3E20,func_15097798.NON_MATCHING,352941976,0,asm
us,game,C3E20,func_15097798,352941976,376,asm
us,game,C4DC0,func_15097910.NON_MATCHING,352942352,0,asm
us,game,C4DC0,func_15097910,352942352,188,asm
us,game,C4DC0,func_150979CC.NON_MATCHING,352942540,0,asm
us,game,C4DC0,func_150979CC,352942540,192,asm
us,game,C4DC0,func_15097A8C.NON_MATCHING,352942732,0,asm
us,game,C4DC0,func_15097A8C,352942732,92,asm
us,game,C4DC0,.L15097AE8,352942824,64,asm
us,game,C4DC0,.L15097B28,352942888,28,asm
us,game,C4DC0,.L15097B44,352942916,20,asm
us,game,C4DC0,.L15097B58,352942936,24,asm
us,game,C4DC0,.L15097B70,352942960,20,asm
us,game,C4DC0,.L15097B84,352942980,20,asm
us,game,C4DC0,.L15097B98,352943000,32,asm
us,game,C4DC0,.L15097BB8,352943032,20,asm
us,game,C4DC0,.L15097BCC,352943052,96,asm
us,game,C4DC0,.L15097C2C,352943148,44,asm
us,game,C4DC0,.L15097C58,352943192,36,asm
us,game,C4DC0,.L15097C7C,352943228,36,asm
us,game,C4DC0,.L15097CA0,352943264,36,asm
us,game,C4DC0,.L15097CC4,352943300,188,asm
us,game,C4DC0,.L15097D80,352943488,168,asm
us,game,C4DC0,.L15097E28,352943656,164,asm
us,game,C4DC0,.L15097ECC,352943820,12,asm
us,game,C4DC0,.L15097ED8,352943832,116,asm
us,game,C4DC0,.L15097F4C,352943948,100,asm
us,game,C4DC0,.L15097FB0,352944048,20,asm
us,game,C4DC0,.L15097FC4,352944068,128,asm
us,game,C4DC0,.L15098044,352944196,248,asm
us,game,C4DC0,.L1509813C,352944444,248,asm
us,game,C4DC0,.L15098234,352944692,200,asm
us,game,C4DC0,.L150982FC,352944892,164,asm
us,game,C4DC0,.L150983A0,352945056,44,asm
us,game,C4DC0,.L150983CC,352945100,176,asm
us,game,C4DC0,.L1509847C,352945276,40,asm
us,game,C4DC0,.L150984A4,352945316,40,asm
us,game,C4DC0,.L150984CC,352945356,40,asm
us,game,C4DC0,.L150984F4,352945396,12,asm
us,game,C4DC0,.L15098500,352945408,36,asm
us,game,C4DC0,.L15098524,352945444,36,asm
us,game,C4DC0,.L15098548,352945480,52,asm
us,game,C4DC0,.L1509857C,352945532,36,asm
us,game,C4DC0,.L150985A0,352945568,12,asm
us,game,C4DC0,.L150985AC,352945580,80,asm
us,game,C4DC0,.L150985FC,352945660,12,asm
us,game,C4DC0,.L15098608,352945672,60,asm
us,game,C4DC0,.L15098644,352945732,84,asm
us,game,C4DC0,.L15098698,352945816,44,asm
us,game,C4DC0,.L150986C4,352945860,28,asm
us,game,C4DC0,.L150986E0,352945888,20,asm
us,game,C4DC0,.L150986F4,352945908,52,asm
us,game,C4DC0,.L15098728,352945960,48,asm
us,game,C4DC0,.L15098758,352946008,12,asm
us,game,C4DC0,.L15098764,352946020,24,asm
us,game,C4DC0,.L1509877C,352946044,112,asm
us,game,C4DC0,.L150987EC,352946156,92,asm
us,game,C4DC0,.L15098848,352946248,28,asm
us,game,C4DC0,.L15098864,352946276,120,asm
us,game,C4DC0,.L150988DC,352946396,28,asm
us,game,C4DC0,.L150988F8,352946424,64,asm
us,game,C4DC0,.L15098938,352946488,64,asm
us,game,C4DC0,.L15098978,352946552,16,asm
us,game,C4DC0,.L15098988,352946568,12,asm
us,game,C4DC0,.L15098994,352946580,28,asm
us,game,C4DC0,.L150989B0,352946608,28,asm
us,game,C4DC0,.L150989CC,352946636,80,asm
us,game,C4DC0,.L15098A1C,352946716,12,asm
us,game,C4DC0,.L15098A28,352946728,60,asm
us,game,C4DC0,.L15098A64,352946788,12,asm
us,game,C4DC0,.L15098A70,352946800,240,asm
us,game,C4DC0,.L15098B60,352947040,12,asm
us,game,C4DC0,.L15098B6C,352947052,12,asm
us,game,C4DC0,.L15098B78,352947064,12,asm
us,game,C4DC0,.L15098B84,352947076,48,asm
us,game,C4DC0,.L15098BB4,352947124,464,asm
us,game,C4DC0,.L15098D84,352947588,108,asm
us,game,C4DC0,.L15098DF0,352947696,64,asm
us,game,C4DC0,.L15098E30,352947760,12,asm
us,game,C4DC0,.L15098E3C,352947772,12,asm
us,game,C4DC0,.L15098E48,352947784,12,asm
us,game,C4DC0,.L15098E54,352947796,60,asm
us,game,C4DC0,.L15098E90,352947856,56,asm
us,game,C4DC0,.L15098EC8,352947912,40,asm
us,game,C4DC0,.L15098EF0,352947952,88,asm
us,game,C4DC0,.L15098F48,352948040,24,asm
us,game,C4DC0,.L15098F60,352948064,12,asm
us,game,C4DC0,.L15098F6C,352948076,56,asm
us,game,C4DC0,.L15098FA4,352948132,24,asm
us,game,C4DC0,.L15098FBC,352948156,24,asm
us,game,C4DC0,.L15098FD4,352948180,132,asm
us,game,C4DC0,.L15099058,352948312,192,asm
us,game,C4DC0,.L15099118,352948504,16,asm
us,game,C4DC0,.L15099128,352948520,28,asm
us,game,C4DC0,.L15099144,352948548,16,asm
us,game,C4DC0,.L15099154,352948564,32,asm
us,game,C4DC0,.L15099174,352948596,12,asm
us,game,C4DC0,.L15099180,352948608,20,asm
us,game,C4DC0,.L15099194,352948628,32,asm
us,game,C4DC0,.L150991B4,352948660,20,asm
us,game,C4DC0,.L150991C8,352948680,40,asm
us,game,C4DC0,.L150991F0,352948720,120,asm
us,game,C4DC0,.L15099268,352948840,12,asm
us,game,C4DC0,.L15099274,352948852,32,asm
us,game,C4DC0,.L15099294,352948884,16,asm
us,game,C4DC0,.L150992A4,352948900,72,asm
us,game,C4DC0,.L150992EC,352948972,12,asm
us,game,C4DC0,.L150992F8,352948984,12,asm
us,game,C4DC0,.L15099304,352948996,136,asm
us,game,C4DC0,.L1509938C,352949132,20,asm
us,game,C4DC0,.L150993A0,352949152,12,asm
us,game,C4DC0,.L150993AC,352949164,28,asm
us,game,C4DC0,.L150993C8,352949192,60,asm
us,game,C4DC0,.L15099404,352949252,32,asm
us,game,C4DC0,.L15099424,352949284,44,asm
us,game,C4DC0,.L15099450,352949328,60,asm
us,game,C4DC0,.L1509948C,352949388,28,asm
us,game,C4DC0,.L150994A8,352949416,24,asm
us,game,C4DC0,.L150994C0,352949440,292,asm
us,game,C4DC0,.L150995E4,352949732,12,asm
us,game,C4DC0,.L150995F0,352949744,16,asm
us,game,C4DC0,.L15099600,352949760,56,asm
us,game,C4DC0,.L15099638,352949816,24,asm
us,game,C4DC0,.L15099650,352949840,36,asm
us,game,C4DC0,.L15099674,352949876,36,asm
us,game,C4DC0,.L15099698,352949912,156,asm
us,game,C4DC0,.L15099734,352950068,16,asm
us,game,C4DC0,.L15099744,352950084,24,asm
us,game,C4DC0,.L1509975C,352950108,100,asm
us,game,C4DC0,.L150997C0,352950208,56,asm
us,game,C4DC0,.L150997F8,352950264,44,asm
us,game,C4DC0,.L15099824,352950308,40,asm
us,game,C4DC0,.L1509984C,352950348,160,asm
us,game,C4DC0,.L150998EC,352950508,16,asm
us,game,C4DC0,.L150998FC,352950524,12,asm
us,game,C4DC0,.L15099908,352950536,16,asm
us,game,C4DC0,.L15099918,352950552,16,asm
us,game,C4DC0,.L15099928,352950568,16,asm
us,game,C4DC0,.L15099938,352950584,56,asm
us,game,C4DC0,.L15099970,352950640,12,asm
us,game,C4DC0,.L1509997C,352950652,40,asm
us,game,C4DC0,.L150999A4,352950692,12,asm
us,game,C4DC0,.L150999B0,352950704,16,asm
us,game,C4DC0,.L150999C0,352950720,76,asm
us,game,C4DC0,.L15099A0C,352950796,12,asm
us,game,C4DC0,.L15099A18,352950808,20,asm
us,game,C4DC0,.L15099A2C,352950828,20,asm
us,game,C4DC0,.L15099A40,352950848,12,asm
us,game,C4DC0,.L15099A4C,352950860,44,asm
us,game,C4DC0,.L15099A78,352950904,16,asm
us,game,C4DC0,.L15099A88,352950920,168,asm
us,game,C4DC0,.L15099B30,352951088,172,asm
us,game,C4DC0,.L15099BDC,352951260,32,asm
us,game,C4DC0,.L15099BFC,352951292,24,asm
us,game,C4DC0,func_15099C14.NON_MATCHING,352951316,0,asm
us,game,C4DC0,func_15099C14,352951316,224,asm
us,game,C4DC0,.L15099CF4,352951540,28,asm
us,game,C4DC0,.L15099D10,352951568,8,asm
us,game,C4DC0,.L15099D18,352951576,8,asm
us,game,C4DC0,.L15099D20,352951584,8,asm
us,game,C4DC0,.L15099D28,352951592,20,asm
us,game,C4DC0,.L15099D3C,352951612,20,asm
us,game,C4DC0,.L15099D50,352951632,60,asm
us,game,C4DC0,.L15099D8C,352951692,24,asm
us,game,C4DC0,.L15099DA4,352951716,40,asm
us,game,C4DC0,.L15099DCC,352951756,28,asm
us,game,C4DC0,.L15099DE8,352951784,120,asm
us,game,C4DC0,.L15099E60,352951904,100,asm
us,game,C4DC0,.L15099EC4,352952004,72,asm
us,game,C4DC0,.L15099F0C,352952076,112,asm
us,game,C4DC0,.L15099F7C,352952188,128,asm
us,game,C4DC0,.L15099FFC,352952316,120,asm
us,game,C4DC0,.L1509A074,352952436,20,asm
us,game,C4DC0,.L1509A088,352952456,8,asm
us,game,C4DC0,.L1509A090,352952464,8,asm
us,game,C4DC0,.L1509A098,352952472,32,asm
us,game,C4DC0,.L1509A0B8,352952504,8,asm
us,game,C4DC0,.L1509A0C0,352952512,32,asm
us,game,C4DC0,.L1509A0E0,352952544,16,asm
us,game,C4DC0,.L1509A0F0,352952560,52,asm
us,game,C4DC0,.L1509A124,352952612,20,asm
us,game,C4DC0,.L1509A138,352952632,12,asm
us,game,C4DC0,.L1509A144,352952644,12,asm
us,game,C4DC0,.L1509A150,352952656,12,asm
us,game,C4DC0,.L1509A15C,352952668,112,asm
us,game,C4DC0,.L1509A1CC,352952780,8,asm
us,game,C4DC0,.L1509A1D4,352952788,20,asm
us,game,C4DC0,.L1509A1E8,352952808,52,asm
us,game,C4DC0,.L1509A21C,352952860,20,asm
us,game,C4DC0,.L1509A230,352952880,8,asm
us,game,C4DC0,.L1509A238,352952888,84,asm
us,game,C4DC0,.L1509A28C,352952972,96,asm
us,game,C4DC0,.L1509A2EC,352953068,8,asm
us,game,C4DC0,.L1509A2F4,352953076,60,asm
us,game,C4DC0,.L1509A330,352953136,44,asm
us,game,C4DC0,.L1509A35C,352953180,80,asm
us,game,C4DC0,.L1509A3AC,352953260,8,asm
us,game,C4DC0,.L1509A3B4,352953268,20,asm
us,game,C4DC0,.L1509A3C8,352953288,84,asm
us,game,C4DC0,.L1509A41C,352953372,56,asm
us,game,C4DC0,.L1509A454,352953428,12,asm
us,game,C4DC0,.L1509A460,352953440,12,asm
us,game,C4DC0,.L1509A46C,352953452,8,asm
us,game,C4DC0,.L1509A474,352953460,8,asm
us,game,C4DC0,.L1509A47C,352953468,8,asm
us,game,C4DC0,.L1509A484,352953476,8,asm
us,game,C4DC0,.L1509A48C,352953484,40,asm
us,game,C4DC0,.L1509A4B4,352953524,120,asm
us,game,C4DC0,.L1509A52C,352953644,308,asm
us,game,C4DC0,.L1509A660,352953952,16,asm
us,game,C4DC0,.L1509A670,352953968,144,asm
us,game,C4DC0,.L1509A700,352954112,336,asm
us,game,C4DC0,.L1509A850,352954448,100,asm
us,game,C4DC0,.L1509A8B4,352954548,296,asm
us,game,C4DC0,.L1509A9DC,352954844,112,asm
us,game,C4DC0,.L1509AA4C,352954956,224,asm
us,game,C4DC0,.L1509AB2C,352955180,240,asm
us,game,C4DC0,.L1509AC1C,352955420,20,asm
us,game,C4DC0,.L1509AC30,352955440,20,asm
us,game,C4DC0,.L1509AC44,352955460,28,asm
us,game,C4DC0,.L1509AC60,352955488,60,asm
us,game,C4DC0,.L1509AC9C,352955548,8,asm
us,game,C4DC0,.L1509ACA4,352955556,8,asm
us,game,C4DC0,.L1509ACAC,352955564,4,asm
us,game,C4DC0,.L1509ACB0,352955568,8,asm
us,game,C4DC0,.L1509ACB8,352955576,16,asm
us,game,C4DC0,.L1509ACC8,352955592,16,asm
us,game,C4DC0,.L1509ACD8,352955608,80,asm
us,game,C4DC0,.L1509AD28,352955688,8,asm
us,game,C4DC0,.L1509AD30,352955696,32,asm
us,game,C4DC0,.L1509AD50,352955728,20,asm
us,game,C4DC0,.L1509AD64,352955748,44,asm
us,game,C4DC0,.L1509AD90,352955792,32,asm
us,game,C4DC0,.L1509ADB0,352955824,68,asm
us,game,C4DC0,.L1509ADF4,352955892,160,asm
us,game,C4DC0,.L1509AE94,352956052,32,asm
us,game,C4DC0,.L1509AEB4,352956084,32,asm
us,game,C4DC0,.L1509AED4,352956116,8,asm
us,game,C4DC0,.L1509AEDC,352956124,12,asm
us,game,C4DC0,.L1509AEE8,352956136,12,asm
us,game,C4DC0,.L1509AEF4,352956148,12,asm
us,game,C4DC0,.L1509AF00,352956160,8,asm
us,game,C4DC0,.L1509AF08,352956168,104,asm
us,game,C4DC0,.L1509AF70,352956272,624,asm
us,game,C4DC0,.L1509B1E0,352956896,8,asm
us,game,C4DC0,.L1509B1E8,352956904,12,asm
us,game,C4DC0,.L1509B1F4,352956916,40,asm
us,game,C4DC0,.L1509B21C,352956956,244,asm
us,game,C4DC0,.L1509B310,352957200,12,asm
us,game,C4DC0,.L1509B31C,352957212,20,asm
us,game,C4DC0,.L1509B330,352957232,184,asm
us,game,C4DC0,.L1509B3E8,352957416,8,asm
us,game,C4DC0,.L1509B3F0,352957424,20,asm
us,game,C4DC0,.L1509B404,352957444,20,asm
us,game,C4DC0,.L1509B418,352957464,64,asm
us,game,C4DC0,.L1509B458,352957528,32,asm
us,game,C4DC0,.L1509B478,352957560,40,asm
us,game,game_C8950,func_1509B4A0,352957600,208,c
us,game,game_C8950,func_1509B570,352957808,60,c
us,game,game_C8950,func_1509B5AC,352957868,0,asm
us,game,game_C8950,func_1509B5AC.NON_MATCHING,352957868,344,c
us,game,game_C8950,func_1509B704,352958212,96,c
us,game,game_C8950,func_1509B764.NON_MATCHING,352958308,0,c
us,game,game_C8950,func_1509B764,352958308,172,asm
us,game,game_C8950,func_1509B810.NON_MATCHING,352958480,0,c
us,game,game_C8950,func_1509B810,352958480,236,asm
us,game,game_C8950,func_1509B8FC,352958716,84,c
us,game,game_C8950,func_1509B950,352958800,0,asm
us,game,game_C8950,func_1509B950.NON_MATCHING,352958800,180,c
us,game,game_C8950,func_1509BA04,352958980,0,asm
us,game,game_C8950,func_1509BA04.NON_MATCHING,352958980,412,c
us,game,game_C8950,func_1509BBA0,352959392,0,asm
us,game,game_C8950,func_1509BBA0.NON_MATCHING,352959392,672,c
us,game,game_C8950,func_1509BE40,352960064,0,asm
us,game,game_C8950,func_1509BE40.NON_MATCHING,352960064,368,c
us,game,game_C8950,func_1509BFB0,352960432,0,asm
us,game,game_C8950,func_1509BFB0.NON_MATCHING,352960432,368,c
us,game,game_C8950,func_1509C120.NON_MATCHING,352960800,0,c
us,game,game_C8950,func_1509C120,352960800,264,asm
us,game,game_C8950,func_1509C228,352961064,124,c
us,game,game_C8950,func_1509C2A4,352961188,252,c
us,game,game_C8950,func_1509C3A0,352961440,116,c
us,game,game_C8950,func_1509C414,352961556,44,c
us,game,C98F0,func_1509C440.NON_MATCHING,352961600,0,asm
us,game,C98F0,func_1509C440,352961600,56,asm
us,game,C98F0,.L1509C478,352961656,192,asm
us,game,C98F0,.L1509C538,352961848,152,asm
us,game,C98F0,.L1509C5D0,352962000,176,asm
us,game,C98F0,.L1509C680,352962176,188,asm
us,game,C98F0,.L1509C73C,352962364,108,asm
us,game,C98F0,.L1509C7A8,352962472,32,asm
us,game,C98F0,func_1509C7C8,352962504,0,asm
us,game,C98F0,func_1509C7C8.NON_MATCHING,352962504,40,asm
us,game,C98F0,.L1509C7F0,352962544,80,asm
us,game,C98F0,.L1509C840,352962624,52,asm
us,game,C98F0,.L1509C874,352962676,52,asm
us,game,C98F0,.L1509C8A8,352962728,20,asm
us,game,C98F0,.L1509C8BC,352962748,12,asm
us,game,C98F0,.L1509C8C8,352962760,52,asm
us,game,C98F0,func_1509C8FC.NON_MATCHING,352962812,0,asm
us,game,C98F0,func_1509C8FC,352962812,276,asm
us,game,C9EC0,func_1509CA10,352963088,0,asm
us,game,C9EC0,func_1509CA10.NON_MATCHING,352963088,32,asm
us,game,C9EC0,func_1509CA30,352963120,0,asm
us,game,C9EC0,func_1509CA30.NON_MATCHING,352963120,32,asm
us,game,C9EC0,func_1509CA50.NON_MATCHING,352963152,0,asm
us,game,C9EC0,func_1509CA50,352963152,40,asm
us,game,C9EC0,func_1509CA78.NON_MATCHING,352963192,0,asm
us,game,C9EC0,func_1509CA78,352963192,32,asm
us,game,C9EC0,func_1509CA98,352963224,0,asm
us,game,C9EC0,func_1509CA98.NON_MATCHING,352963224,208,asm
us,game,C9EC0,func_1509CB68.NON_MATCHING,352963432,0,asm
us,game,C9EC0,func_1509CB68,352963432,108,asm
us,game,C9EC0,func_1509CBD4.NON_MATCHING,352963540,0,asm
us,game,C9EC0,func_1509CBD4,352963540,192,asm
us,game,C9EC0,func_1509CC94,352963732,0,asm
us,game,C9EC0,func_1509CC94.NON_MATCHING,352963732,32,asm
us,game,C9EC0,func_1509CCB4,352963764,0,asm
us,game,C9EC0,func_1509CCB4.NON_MATCHING,352963764,64,asm
us,game,C9EC0,func_1509CCF4.NON_MATCHING,352963828,0,asm
us,game,C9EC0,func_1509CCF4,352963828,232,asm
us,game,C9EC0,func_1509CDDC,352964060,0,asm
us,game,C9EC0,func_1509CDDC.NON_MATCHING,352964060,136,asm
us,game,C9EC0,func_1509CE64.NON_MATCHING,352964196,0,asm
us,game,C9EC0,func_1509CE64,352964196,196,asm
us,game,C9EC0,func_1509CF28.NON_MATCHING,352964392,0,asm
us,game,C9EC0,func_1509CF28,352964392,300,asm
us,game,C9EC0,func_1509D054,352964692,0,asm
us,game,C9EC0,func_1509D054.NON_MATCHING,352964692,56,asm
us,game,C9EC0,func_1509D08C,352964748,0,asm
us,game,C9EC0,func_1509D08C.NON_MATCHING,352964748,244,asm
us,game,C9EC0,func_1509D180,352964992,0,asm
us,game,C9EC0,func_1509D180.NON_MATCHING,352964992,52,asm
us,game,C9EC0,.L1509D1B4,352965044,20,asm
us,game,C9EC0,.L1509D1C8,352965064,16,asm
us,game,C9EC0,.L1509D1D8,352965080,20,asm
us,game,C9EC0,.L1509D1EC,352965100,44,asm
us,game,C9EC0,.L1509D218,352965144,44,asm
us,game,C9EC0,.L1509D244,352965188,16,asm
us,game,C9EC0,.L1509D254,352965204,44,asm
us,game,C9EC0,.L1509D280,352965248,16,asm
us,game,C9EC0,.L1509D290,352965264,48,asm
us,game,C9EC0,.L1509D2C0,352965312,56,asm
us,game,C9EC0,.L1509D2F8,352965368,176,asm
us,game,C9EC0,.L1509D3A8,352965544,72,asm
us,game,C9EC0,.L1509D3F0,352965616,92,asm
us,game,C9EC0,.L1509D44C,352965708,16,asm
us,game,C9EC0,.L1509D45C,352965724,96,asm
us,game,C9EC0,.L1509D4BC,352965820,24,asm
us,game,C9EC0,.L1509D4D4,352965844,16,asm
us,game,C9EC0,.L1509D4E4,352965860,36,asm
us,game,C9EC0,.L1509D508,352965896,44,asm
us,game,C9EC0,.L1509D534,352965940,16,asm
us,game,C9EC0,.L1509D544,352965956,16,asm
us,game,C9EC0,.L1509D554,352965972,16,asm
us,game,C9EC0,.L1509D564,352965988,76,asm
us,game,C9EC0,.L1509D5B0,352966064,96,asm
us,game,C9EC0,.L1509D610,352966160,100,asm
us,game,C9EC0,.L1509D674,352966260,116,asm
us,game,C9EC0,.L1509D6E8,352966376,16,asm
us,game,C9EC0,.L1509D6F8,352966392,16,asm
us,game,C9EC0,.L1509D708,352966408,40,asm
us,game,C9EC0,.L1509D730,352966448,24,asm
us,game,C9EC0,.L1509D748,352966472,32,asm
us,game,C9EC0,.L1509D768,352966504,24,asm
us,game,C9EC0,func_1509D780.NON_MATCHING,352966528,0,asm
us,game,C9EC0,func_1509D780,352966528,48,asm
us,game,C9EC0,.L1509D7B0,352966576,16,asm
us,game,C9EC0,.L1509D7C0,352966592,16,asm
us,game,C9EC0,.L1509D7D0,352966608,24,asm
us,game,C9EC0,.L1509D7E8,352966632,40,asm
us,game,C9EC0,.L1509D810,352966672,24,asm
us,game,C9EC0,.L1509D828,352966696,16,asm
us,game,C9EC0,.L1509D838,352966712,12,asm
us,game,C9EC0,.L1509D844,352966724,16,asm
us,game,C9EC0,.L1509D854,352966740,16,asm
us,game,C9EC0,.L1509D864,352966756,48,asm
us,game,C9EC0,.L1509D894,352966804,16,asm
us,game,C9EC0,.L1509D8A4,352966820,16,asm
us,game,C9EC0,.L1509D8B4,352966836,24,asm
us,game,C9EC0,.L1509D8CC,352966860,32,asm
us,game,C9EC0,.L1509D8EC,352966892,16,asm
us,game,C9EC0,func_1509D8FC.NON_MATCHING,352966908,0,asm
us,game,C9EC0,func_1509D8FC,352966908,52,asm
us,game,C9EC0,.L1509D930,352966960,48,asm
us,game,C9EC0,.L1509D960,352967008,64,asm
us,game,C9EC0,.L1509D9A0,352967072,28,asm
us,game,C9EC0,.L1509D9BC,352967100,88,asm
us,game,C9EC0,.L1509DA14,352967188,40,asm
us,game,C9EC0,.L1509DA3C,352967228,44,asm
us,game,C9EC0,.L1509DA68,352967272,88,asm
us,game,C9EC0,.L1509DAC0,352967360,72,asm
us,game,C9EC0,.L1509DB08,352967432,140,asm
us,game,C9EC0,.L1509DB94,352967572,24,asm
us,game,C9EC0,.L1509DBAC,352967596,16,asm
us,game,C9EC0,func_1509DBBC.NON_MATCHING,352967612,0,asm
us,game,C9EC0,func_1509DBBC,352967612,340,asm
us,game,game_CB1C0,func_1509DD10,352967952,16,c
us,game,game_CB1C0,func_1509DD20,352967968,16,c
us,game,game_CB1C0,func_1509DD30,352967984,16,c
us,game,game_CB1C0,func_1509DD40,352968000,16,c
us,game,game_CB1C0,func_1509DD50,352968016,116,c
us,game,game_CB1C0,func_1509DDC4,352968132,56,c
us,game,game_CB1C0,func_1509DDFC,352968188,0,asm
us,game,game_CB1C0,func_1509DDFC.NON_MATCHING,352968188,200,c
us,game,game_CB1C0,func_1509DEC4,352968388,92,c
us,game,CB3D0,func_1509DF20,352968480,0,asm
us,game,CB3D0,func_1509DF20.NON_MATCHING,352968480,148,asm
us,game,CB3D0,func_1509DFB4.NON_MATCHING,352968628,0,asm
us,game,CB3D0,func_1509DFB4,352968628,16,asm
us,game,CB3D0,func_1509DFC4,352968644,0,asm
us,game,CB3D0,func_1509DFC4.NON_MATCHING,352968644,52,asm
us,game,CB3D0,.L1509DFF8,352968696,16,asm
us,game,CB3D0,.L1509E008,352968712,92,asm
us,game,CB3D0,.L1509E064,352968804,16,asm
us,game,CB3D0,.L1509E074,352968820,16,asm
us,game,CB3D0,.L1509E084,352968836,16,asm
us,game,CB3D0,.L1509E094,352968852,16,asm
us,game,CB3D0,.L1509E0A4,352968868,16,asm
us,game,CB3D0,.L1509E0B4,352968884,16,asm
us,game,CB3D0,.L1509E0C4,352968900,16,asm
us,game,CB3D0,.L1509E0D4,352968916,36,asm
us,game,CB3D0,.L1509E0F8,352968952,16,asm
us,game,CB3D0,.L1509E108,352968968,16,asm
us,game,CB3D0,.L1509E118,352968984,20,asm
us,game,CB3D0,.L1509E12C,352969004,16,asm
us,game,CB3D0,.L1509E13C,352969020,16,asm
us,game,CB3D0,.L1509E14C,352969036,20,asm
us,game,CB3D0,.L1509E160,352969056,80,asm
us,game,CB3D0,.L1509E1B0,352969136,24,asm
us,game,CB3D0,.L1509E1C8,352969160,28,asm
us,game,CB3D0,.L1509E1E4,352969188,20,asm
us,game,CB3D0,.L1509E1F8,352969208,20,asm
us,game,CB3D0,.L1509E20C,352969228,20,asm
us,game,CB3D0,.L1509E220,352969248,20,asm
us,game,CB3D0,.L1509E234,352969268,16,asm
us,game,CB3D0,.L1509E244,352969284,180,asm
us,game,CB3D0,.L1509E2F8,352969464,180,asm
us,game,CB3D0,.L1509E3AC,352969644,48,asm
us,game,CB3D0,func_1509E3DC.NON_MATCHING,352969692,0,asm
us,game,CB3D0,func_1509E3DC,352969692,44,asm
us,game,CB3D0,.L1509E408,352969736,28,asm
us,game,CB3D0,.L1509E424,352969764,84,asm
us,game,CB3D0,.L1509E478,352969848,16,asm
us,game,CB3D0,.L1509E488,352969864,16,asm
us,game,CB3D0,.L1509E498,352969880,20,asm
us,game,CB3D0,.L1509E4AC,352969900,12,asm
us,game,CB3D0,.L1509E4B8,352969912,16,asm
us,game,CB3D0,.L1509E4C8,352969928,16,asm
us,game,CB3D0,.L1509E4D8,352969944,8,asm
us,game,CB3D0,.L1509E4E0,352969952,16,asm
us,game,CB3D0,.L1509E4F0,352969968,16,asm
us,game,CB3D0,.L1509E500,352969984,16,asm
us,game,CB3D0,.L1509E510,352970000,16,asm
us,game,CB3D0,.L1509E520,352970016,20,asm
us,game,CB3D0,.L1509E534,352970036,16,asm
us,game,CB3D0,.L1509E544,352970052,20,asm
us,game,CB3D0,.L1509E558,352970072,20,asm
us,game,CB3D0,.L1509E56C,352970092,16,asm
us,game,CB3D0,.L1509E57C,352970108,52,asm
us,game,CB3D0,.L1509E5B0,352970160,64,asm
us,game,CB3D0,.L1509E5F0,352970224,80,asm
us,game,CBAF0,func_1509E640,352970304,0,asm
us,game,CBAF0,func_1509E640.NON_MATCHING,352970304,176,asm
us,game,CBAF0,func_1509E6F0,352970480,0,asm
us,game,CBAF0,func_1509E6F0.NON_MATCHING,352970480,64,asm
us,game,CBAF0,func_1509E730,352970544,0,asm
us,game,CBAF0,func_1509E730.NON_MATCHING,352970544,56,asm
us,game,CBAF0,.L1509E768,352970600,24,asm
us,game,CBAF0,.L1509E780,352970624,24,asm
us,game,CBAF0,.L1509E798,352970648,24,asm
us,game,CBAF0,.L1509E7B0,352970672,20,asm
us,game,CBAF0,.L1509E7C4,352970692,72,asm
us,game,CBAF0,.L1509E80C,352970764,80,asm
us,game,CBAF0,.L1509E85C,352970844,68,asm
us,game,CBAF0,func_1509E8A0,352970912,0,asm
us,game,CBAF0,func_1509E8A0.NON_MATCHING,352970912,96,asm
us,game,CBDB0,func_1509E900.NON_MATCHING,352971008,0,asm
us,game,CBDB0,func_1509E900,352971008,84,asm
us,game,CBDB0,.L1509E954,352971092,36,asm
us,game,CBDB0,.L1509E978,352971128,16,asm
us,game,CBDB0,.L1509E988,352971144,64,asm
us,game,CBDB0,.L1509E9C8,352971208,120,asm
us,game,CBDB0,.L1509EA40,352971328,152,asm
us,game,CBDB0,.L1509EAD8,352971480,64,asm
us,game,CBDB0,.L1509EB18,352971544,16,asm
us,game,CBDB0,.L1509EB28,352971560,36,asm
us,game,CBDB0,.L1509EB4C,352971596,52,asm
us,game,CBDB0,.L1509EB80,352971648,44,asm
us,game,CBDB0,.L1509EBAC,352971692,16,asm
us,game,CBDB0,.L1509EBBC,352971708,88,asm
us,game,CBDB0,.L1509EC14,352971796,24,asm
us,game,CBDB0,.L1509EC2C,352971820,32,asm
us,game,CBDB0,.L1509EC4C,352971852,60,asm
us,game,CBDB0,.L1509EC88,352971912,96,asm
us,game,CBDB0,.L1509ECE8,352972008,96,asm
us,game,CBDB0,.L1509ED48,352972104,12,asm
us,game,CBDB0,.L1509ED54,352972116,32,asm
us,game,CBDB0,func_1509ED74,352972148,0,asm
us,game,CBDB0,func_1509ED74.NON_MATCHING,352972148,92,asm
us,game,CBDB0,.L1509EDD0,352972240,20,asm
us,game,CBDB0,.L1509EDE4,352972260,44,asm
us,game,CBDB0,.L1509EE10,352972304,92,asm
us,game,CBDB0,.L1509EE6C,352972396,36,asm
us,game,CBDB0,.L1509EE90,352972432,32,asm
us,game,CBDB0,.L1509EEB0,352972464,8,asm
us,game,CBDB0,.L1509EEB8,352972472,32,asm
us,game,CBDB0,.L1509EED8,352972504,8,asm
us,game,CBDB0,.L1509EEE0,352972512,16,asm
us,game,CBDB0,.L1509EEF0,352972528,16,asm
us,game,CBDB0,.L1509EF00,352972544,8,asm
us,game,CBDB0,.L1509EF08,352972552,8,asm
us,game,CBDB0,.L1509EF10,352972560,8,asm
us,game,CBDB0,.L1509EF18,352972568,20,asm
us,game,CBDB0,.L1509EF2C,352972588,60,asm
us,game,CBDB0,.L1509EF68,352972648,96,asm
us,game,CBDB0,.L1509EFC8,352972744,40,asm
us,game,CBDB0,func_1509EFF0.NON_MATCHING,352972784,0,asm
us,game,CBDB0,func_1509EFF0,352972784,100,asm
us,game,CBDB0,.L1509F054,352972884,56,asm
us,game,CBDB0,.L1509F08C,352972940,228,asm
us,game,CBDB0,.L1509F170,352973168,84,asm
us,game,CBDB0,.L1509F1C4,352973252,44,asm
us,game,CBDB0,.L1509F1F0,352973296,88,asm
us,game,CBDB0,func_1509F248,352973384,0,asm
us,game,CBDB0,func_1509F248.NON_MATCHING,352973384,60,asm
us,game,CBDB0,func_1509F284,352973444,0,asm
us,game,CBDB0,func_1509F284.NON_MATCHING,352973444,184,asm
us,game,CBDB0,func_1509F33C,352973628,0,asm
us,game,CBDB0,func_1509F33C.NON_MATCHING,352973628,24,asm
us,game,CBDB0,func_1509F354,352973652,0,asm
us,game,CBDB0,func_1509F354.NON_MATCHING,352973652,296,asm
us,game,CBDB0,func_1509F47C.NON_MATCHING,352973948,0,asm
us,game,CBDB0,func_1509F47C,352973948,108,asm
us,game,CBDB0,func_1509F4E8.NON_MATCHING,352974056,0,asm
us,game,CBDB0,func_1509F4E8,352974056,192,asm
us,game,CBDB0,func_1509F5A8.NON_MATCHING,352974248,0,asm
us,game,CBDB0,func_1509F5A8,352974248,76,asm
us,game,CBDB0,func_1509F5F4.NON_MATCHING,352974324,0,asm
us,game,CBDB0,func_1509F5F4,352974324,108,asm
us,game,CBDB0,func_1509F660,352974432,0,asm
us,game,CBDB0,func_1509F660.NON_MATCHING,352974432,80,asm
us,game,CBDB0,func_1509F6B0,352974512,0,asm
us,game,CBDB0,func_1509F6B0.NON_MATCHING,352974512,56,asm
us,game,CBDB0,func_1509F6E8,352974568,0,asm
us,game,CBDB0,func_1509F6E8.NON_MATCHING,352974568,148,asm
us,game,CBDB0,func_1509F77C,352974716,0,asm
us,game,CBDB0,func_1509F77C.NON_MATCHING,352974716,132,asm
us,game,CBDB0,func_1509F800.NON_MATCHING,352974848,0,asm
us,game,CBDB0,func_1509F800,352974848,24,asm
us,game,CBDB0,func_1509F818.NON_MATCHING,352974872,0,asm
us,game,CBDB0,func_1509F818,352974872,56,asm
us,game,CCD00,func_1509F850.NON_MATCHING,352974928,0,asm
us,game,CCD00,func_1509F850,352974928,56,asm
us,game,CCD00,.L1509F888,352974984,128,asm
us,game,CCD00,.L1509F908,352975112,96,asm
us,game,CCD00,.L1509F968,352975208,88,asm
us,game,CCD00,.L1509F9C0,352975296,56,asm
us,game,CCD00,.L1509F9F8,352975352,44,asm
us,game,CCD00,.L1509FA24,352975396,20,asm
us,game,CCD00,.L1509FA38,352975416,48,asm
us,game,CCD00,.L1509FA68,352975464,64,asm
us,game,CCD00,.L1509FAA8,352975528,128,asm
us,game,CCD00,.L1509FB28,352975656,16,asm
us,game,CCD00,.L1509FB38,352975672,140,asm
us,game,CCD00,.L1509FBC4,352975812,72,asm
us,game,CCD00,.L1509FC0C,352975884,16,asm
us,game,CCD00,.L1509FC1C,352975900,28,asm
us,game,CCD00,.L1509FC38,352975928,92,asm
us,game,CCD00,.L1509FC94,352976020,84,asm
us,game,CCD00,.L1509FCE8,352976104,40,asm
us,game,CCD00,.L1509FD10,352976144,92,asm
us,game,CCD00,.L1509FD6C,352976236,44,asm
us,game,CCD00,.L1509FD98,352976280,16,asm
us,game,CCD00,.L1509FDA8,352976296,16,asm
us,game,CCD00,.L1509FDB8,352976312,24,asm
us,game,CCD00,.L1509FDD0,352976336,60,asm
us,game,CCD00,func_1509FE0C.NON_MATCHING,352976396,0,asm
us,game,CCD00,func_1509FE0C,352976396,52,asm
us,game,CCD00,.L1509FE40,352976448,40,asm
us,game,CCD00,.L1509FE68,352976488,24,asm
us,game,CCD00,.L1509FE80,352976512,12,asm
us,game,CCD00,.L1509FE8C,352976524,92,asm
us,game,CCD00,.L1509FEE8,352976616,16,asm
us,game,CCD00,.L1509FEF8,352976632,12,asm
us,game,CCD00,.L1509FF04,352976644,12,asm
us,game,CCD00,.L1509FF10,352976656,12,asm
us,game,CCD00,.L1509FF1C,352976668,180,asm
us,game,CCD00,.L1509FFD0,352976848,12,asm
us,game,CCD00,.L1509FFDC,352976860,12,asm
us,game,CCD00,.L1509FFE8,352976872,20,asm
us,game,CCD00,.L1509FFFC,352976892,12,asm
us,game,CCD00,.L150A0008,352976904,24,asm
us,game,CCD00,.L150A0020,352976928,32,asm
us,game,CCD00,.L150A0040,352976960,20,asm
us,game,CCD00,.L150A0054,352976980,20,asm
us,game,CCD00,.L150A0068,352977000,48,asm
us,game,CCD00,.L150A0098,352977048,48,asm
us,game,CCD00,.L150A00C8,352977096,40,asm
us,game,CD5A0,func_150A00F0,352977136,0,asm
us,game,CD5A0,func_150A00F0.NON_MATCHING,352977136,172,asm
us,game,CD5A0,func_150A019C,352977308,0,asm
us,game,CD5A0,func_150A019C.NON_MATCHING,352977308,200,asm
us,game,CD5A0,func_150A0264,352977508,0,asm
us,game,CD5A0,func_150A0264.NON_MATCHING,352977508,108,asm
us,game,CD5A0,func_150A02D0,352977616,0,asm
us,game,CD5A0,func_150A02D0.NON_MATCHING,352977616,164,asm
us,game,CD5A0,func_150A0374.NON_MATCHING,352977780,0,asm
us,game,CD5A0,func_150A0374,352977780,60,asm
us,game,CD860,func_150A03B0,352977840,0,asm
us,game,CD860,func_150A03B0.NON_MATCHING,352977840,56,asm
us,game,CD860,.L150A03E8,352977896,20,asm
us,game,CD860,.L150A03FC,352977916,20,asm
us,game,CD860,.L150A0410,352977936,24,asm
us,game,CD860,.L150A0428,352977960,28,asm
us,game,CD860,.L150A0444,352977988,44,asm
us,game,CD860,.L150A0470,352978032,104,asm
us,game,CD860,func_150A04D8,352978136,0,asm
us,game,CD860,func_150A04D8.NON_MATCHING,352978136,68,asm
us,game,CD860,.L150A051C,352978204,164,asm
us,game,CD860,.L150A05C0,352978368,60,asm
us,game,CD860,.L150A05FC,352978428,64,asm
us,game,CD860,.L150A063C,352978492,56,asm
us,game,CD860,.L150A0674,352978548,112,asm
us,game,CD860,.L150A06E4,352978660,40,asm
us,game,CD860,.L150A070C,352978700,120,asm
us,game,CD860,.L150A0784,352978820,40,asm
us,game,CD860,.L150A07AC,352978860,36,asm
us,game,CD860,.L150A07D0,352978896,236,asm
us,game,CD860,.L150A08BC,352979132,192,asm
us,game,CD860,.L150A097C,352979324,84,asm
us,game,CDE80,func_150A09D0,352979408,0,asm
us,game,CDE80,func_150A09D0.NON_MATCHING,352979408,836,asm
us,game,CDE80,func_150A0D14,352980244,0,asm
us,game,CDE80,func_150A0D14.NON_MATCHING,352980244,120,asm
us,game,CDE80,func_150A0D8C,352980364,0,asm
us,game,CDE80,func_150A0D8C.NON_MATCHING,352980364,692,asm
us,game,CDE80,func_150A1040,352981056,0,asm
us,game,CDE80,func_150A1040.NON_MATCHING,352981056,12,asm
us,game,CDE80,func_150A104C,352981068,0,asm
us,game,CDE80,func_150A104C.NON_MATCHING,352981068,376,asm
us,game,CDE80,func_150A11C4,352981444,0,asm
us,game,CDE80,func_150A11C4.NON_MATCHING,352981444,1404,asm
us,game,CDE80,.L150A1740,352982848,52,asm
us,game,CDE80,.L150A1774,352982900,36,asm
us,game,CDE80,.L150A1798,352982936,20,asm
us,game,CDE80,.L150A17AC,352982956,20,asm
us,game,CDE80,.L150A17C0,352982976,20,asm
us,game,CDE80,.L150A17D4,352982996,16,asm
us,game,CDE80,.L150A17E4,352983012,16,asm
us,game,CDE80,.L150A17F4,352983028,472,asm
us,game,CDE80,.L150A19CC,352983500,16,asm
us,game,CDE80,.L150A19DC,352983516,20,asm
us,game,CDE80,.L150A19F0,352983536,68,asm
us,game,CDE80,.L150A1A34,352983604,20,asm
us,game,CDE80,.L150A1A48,352983624,16,asm
us,game,CDE80,.L150A1A58,352983640,104,asm
us,game,CDE80,.L150A1AC0,352983744,104,asm
us,game,CDE80,.L150A1B28,352983848,28,asm
us,game,CDE80,.L150A1B44,352983876,20,asm
us,game,CDE80,.L150A1B58,352983896,164,asm
us,game,CDE80,.L150A1BFC,352984060,36,asm
us,game,CDE80,.L150A1C20,352984096,40,asm
us,game,CDE80,.L150A1C48,352984136,36,asm
us,game,CDE80,.L150A1C6C,352984172,140,asm
us,game,CDE80,.L150A1CF8,352984312,168,asm
us,game,CDE80,func_150A1DA0.NON_MATCHING,352984480,0,asm
us,game,CDE80,func_150A1DA0,352984480,1604,asm
us,game,CDE80,func_150A23E4.NON_MATCHING,352986084,0,asm
us,game,CDE80,func_150A23E4,352986084,220,asm
us,game,CDE80,func_150A24C0.NON_MATCHING,352986304,0,asm
us,game,CDE80,func_150A24C0,352986304,276,asm
us,game,CDE80,func_150A25D4,352986580,0,asm
us,game,CDE80,func_150A25D4.NON_MATCHING,352986580,64,asm
us,game,CDE80,.L150A2614,352986644,36,asm
us,game,CDE80,.L150A2638,352986680,60,asm
us,game,CDE80,.L150A2674,352986740,40,asm
us,game,CDE80,.L150A269C,352986780,168,asm
us,game,CDE80,.L150A2744,352986948,20,asm
us,game,CDE80,.L150A2758,352986968,20,asm
us,game,CDE80,.L150A276C,352986988,12,asm
us,game,CDE80,.L150A2778,352987000,20,asm
us,game,CDE80,func_150A278C.NON_MATCHING,352987020,0,asm
us,game,CDE80,func_150A278C,352987020,216,asm
us,game,CDE80,func_150A2864,352987236,0,asm
us,game,CDE80,func_150A2864.NON_MATCHING,352987236,220,asm
us,game,CDE80,func_150A2940.NON_MATCHING,352987456,0,asm
us,game,CDE80,func_150A2940,352987456,136,asm
us,game,CDE80,func_150A29C8,352987592,0,asm
us,game,CDE80,func_150A29C8.NON_MATCHING,352987592,292,asm
us,game,CDE80,func_150A2AEC.NON_MATCHING,352987884,0,asm
us,game,CDE80,func_150A2AEC,352987884,440,asm
us,game,CDE80,func_150A2CA4.NON_MATCHING,352988324,0,asm
us,game,CDE80,func_150A2CA4,352988324,224,asm
us,game,CDE80,func_150A2D84,352988548,0,asm
us,game,CDE80,func_150A2D84.NON_MATCHING,352988548,200,asm
us,game,CDE80,func_150A2E4C,352988748,0,asm
us,game,CDE80,func_150A2E4C.NON_MATCHING,352988748,152,asm
us,game,CDE80,func_150A2EE4,352988900,0,asm
us,game,CDE80,func_150A2EE4.NON_MATCHING,352988900,192,asm
us,game,CDE80,func_150A2FA4,352989092,0,asm
us,game,CDE80,func_150A2FA4.NON_MATCHING,352989092,180,asm
us,game,CDE80,func_150A3058.NON_MATCHING,352989272,0,asm
us,game,CDE80,func_150A3058,352989272,316,asm
us,game,CDE80,func_150A3194,352989588,0,asm
us,game,CDE80,func_150A3194.NON_MATCHING,352989588,288,asm
us,game,CDE80,func_150A32B4,352989876,0,asm
us,game,CDE80,func_150A32B4.NON_MATCHING,352989876,124,asm
us,game,CDE80,func_150A3330,352990000,0,asm
us,game,CDE80,func_150A3330.NON_MATCHING,352990000,104,asm
us,game,CDE80,func_150A3398.NON_MATCHING,352990104,0,asm
us,game,CDE80,func_150A3398,352990104,172,asm
us,game,CDE80,func_150A3444,352990276,0,asm
us,game,CDE80,func_150A3444.NON_MATCHING,352990276,108,asm
us,game,CDE80,func_150A34B0.NON_MATCHING,352990384,0,asm
us,game,CDE80,func_150A34B0,352990384,84,asm
us,game,CDE80,func_150A3504.NON_MATCHING,352990468,0,asm
us,game,CDE80,func_150A3504,352990468,1388,asm
us,game,D0F20,func_150A3A70,352991856,0,asm
us,game,D0F20,func_150A3A70.NON_MATCHING,352991856,1364,asm
us,game,D0F20,func_150A3FC4,352993220,0,asm
us,game,D0F20,func_150A3FC4.NON_MATCHING,352993220,1052,asm
us,game,D0F20,func_150A43E0.NON_MATCHING,352994272,0,asm
us,game,D0F20,func_150A43E0,352994272,272,asm
us,game,D0F20,func_150A44F0.NON_MATCHING,352994544,0,asm
us,game,D0F20,func_150A44F0,352994544,1556,asm
us,game,D0F20,func_150A4B04,352996100,0,asm
us,game,D0F20,func_150A4B04.NON_MATCHING,352996100,1180,asm
us,game,D0F20,func_150A4FA0.NON_MATCHING,352997280,0,asm
us,game,D0F20,func_150A4FA0,352997280,288,asm
us,game,D2570,func_150A50C0,352997568,0,asm
us,game,D2570,func_150A50C0.NON_MATCHING,352997568,156,asm
us,game,D2570,func_150A515C,352997724,0,asm
us,game,D2570,func_150A515C.NON_MATCHING,352997724,540,asm
us,game,D2570,func_150A5378.NON_MATCHING,352998264,0,asm
us,game,D2570,func_150A5378,352998264,912,asm
us,game,D2570,func_150A5708,352999176,0,asm
us,game,D2570,func_150A5708.NON_MATCHING,352999176,288,asm
us,game,D2570,func_150A5828.NON_MATCHING,352999464,0,asm
us,game,D2570,func_150A5828,352999464,656,asm
us,game,D2570,func_150A5AB8.NON_MATCHING,353000120,0,asm
us,game,D2570,func_150A5AB8,353000120,216,asm
us,game,D3040,func_150A5B90.NON_MATCHING,353000336,0,asm
us,game,D3040,func_150A5B90,353000336,692,asm
us,game,D3040,func_150A5E44,353001028,0,asm
us,game,D3040,func_150A5E44.NON_MATCHING,353001028,760,asm
us,game,D3040,func_150A613C.NON_MATCHING,353001788,0,asm
us,game,D3040,func_150A613C,353001788,212,asm
us,game,D3040,func_150A6210,353002000,0,asm
us,game,D3040,func_150A6210.NON_MATCHING,353002000,324,asm
us,game,D3040,func_150A6354,353002324,0,asm
us,game,D3040,func_150A6354.NON_MATCHING,353002324,12,asm
us,game,D3040,func_150A6360,353002336,0,asm
us,game,D3040,func_150A6360.NON_MATCHING,353002336,416,asm
us,game,D3040,func_150A6500.NON_MATCHING,353002752,0,asm
us,game,D3040,func_150A6500,353002752,104,asm
us,game,D3040,func_150A6568.NON_MATCHING,353002856,0,asm
us,game,D3040,func_150A6568,353002856,504,asm
us,game,D3040,func_150A6760,353003360,0,asm
us,game,D3040,func_150A6760.NON_MATCHING,353003360,256,asm
us,game,D3D10,func_150A6860,353003616,0,asm
us,game,D3D10,func_150A6860.NON_MATCHING,353003616,1856,asm
us,game,D4450,func_150A6FA0.NON_MATCHING,353005472,0,asm
us,game,D4450,func_150A6FA0,353005472,288,asm
us,game,D4450,func_150A70C0,353005760,0,asm
us,game,D4450,func_150A70C0.NON_MATCHING,353005760,264,asm
us,game,D4450,func_150A71C8.NON_MATCHING,353006024,0,asm
us,game,D4450,func_150A71C8,353006024,408,asm
us,game,D4450,func_150A7360,353006432,0,asm
us,game,D4450,func_150A7360.NON_MATCHING,353006432,444,asm
us,game,D4450,func_150A751C,353006876,0,asm
us,game,D4450,func_150A751C.NON_MATCHING,353006876,468,asm
us,game,D4450,func_150A76F0.NON_MATCHING,353007344,0,asm
us,game,D4450,func_150A76F0,353007344,128,asm
us,game,game_D4C20,func_150A7770.NON_MATCHING,353007472,0,c
us,game,game_D4C20,func_150A7770,353007472,32,asm
us,game,guMtxF2L,guMtxF2L.NON_MATCHING,353007504,0,c
us,game,guMtxF2L,guMtxF2L,353007504,464,asm
us,game,D4E10,func_150A7960.NON_MATCHING,353007968,0,asm
us,game,D4E10,func_150A7960,353007968,160,asm
us,game,D4E10,func_150A7A00.NON_MATCHING,353008128,0,asm
us,game,D4E10,func_150A7A00,353008128,20,asm
us,game,D4E10,func_150A7A14.NON_MATCHING,353008148,0,asm
us,game,D4E10,func_150A7A14,353008148,52,asm
us,game,D4E10,func_150A7A48.NON_MATCHING,353008200,0,asm
us,game,D4E10,func_150A7A48,353008200,312,asm
us,game,game_D5030,func_150A7B80,353008512,0,asm
us,game,game_D5030,func_150A7B80.NON_MATCHING,353008512,64,c
us,game,guMtxIdentF,guMtxIdentF.NON_MATCHING,353008576,0,c
us,game,guMtxIdentF,guMtxIdentF,353008576,80,asm
us,game,D50C0,func_150A7C10,353008656,0,asm
us,game,D50C0,func_150A7C10.NON_MATCHING,353008656,160,asm
us,game,game_D5160,func_150A7CB0.NON_MATCHING,353008816,0,c
us,game,game_D5160,func_150A7CB0,353008816,80,asm
us,game,game_D51B0,func_150A7D00,353008896,0,asm
us,game,game_D51B0,func_150A7D00.NON_MATCHING,353008896,160,c
us,game,game_D5250,func_150A7DA0.NON_MATCHING,353009056,0,c
us,game,game_D5250,func_150A7DA0,353009056,80,asm
us,game,D52A0,func_150A7DF0.NON_MATCHING,353009136,0,asm
us,game,D52A0,func_150A7DF0,353009136,608,asm
us,game,game_D5500,func_150A8050,353009744,0,asm
us,game,game_D5500,func_150A8050.NON_MATCHING,353009744,336,c
us,game,D5650,func_150A81A0.NON_MATCHING,353010080,0,asm
us,game,D5650,func_150A81A0,353010080,48,asm
us,game,D5650,func_150A81D0.NON_MATCHING,353010128,0,asm
us,game,D5650,func_150A81D0,353010128,1864,asm
us,game,D5650,func_150A8918,353011992,0,asm
us,game,D5650,func_150A8918.NON_MATCHING,353011992,256,asm
us,game,D5650,func_150A8A18.NON_MATCHING,353012248,0,asm
us,game,D5650,func_150A8A18,353012248,2756,asm
us,game,D5650,func_150A94DC,353015004,0,asm
us,game,D5650,func_150A94DC.NON_MATCHING,353015004,1192,asm
us,game,D5650,func_150A9984.NON_MATCHING,353016196,0,asm
us,game,D5650,func_150A9984,353016196,392,asm
us,game,D5650,func_150A9B0C.NON_MATCHING,353016588,0,asm
us,game,D5650,func_150A9B0C,353016588,308,asm
us,game,D70F0,D_150A9C40.NON_MATCHING,353016896,0,asm
us,game,D70F0,D_150A9C40,353016896,2096,asm
us,game,D70F0,func_150AA470.NON_MATCHING,353018992,96,asm
us,game,D7980,func_150AA4D0.NON_MATCHING,353019088,0,asm
us,game,D7980,func_150AA4D0,353019088,216,asm
us,game,D7980,func_150AA5A8,353019304,0,asm
us,game,D7980,func_150AA5A8.NON_MATCHING,353019304,156,asm
us,game,D7980,func_150AA644,353019460,0,asm
us,game,D7980,func_150AA644.NON_MATCHING,353019460,52,asm
us,game,D7980,func_150AA678.NON_MATCHING,353019512,0,asm
us,game,D7980,func_150AA678,353019512,256,asm
us,game,D7980,func_150AA778.NON_MATCHING,353019768,0,asm
us,game,D7980,func_150AA778,353019768,156,asm
us,game,D7980,func_150AA814,353019924,0,asm
us,game,D7980,func_150AA814.NON_MATCHING,353019924,396,asm
us,game,D7980,func_150AA9A0,353020320,0,asm
us,game,D7980,func_150AA9A0.NON_MATCHING,353020320,128,asm
us,game,D7980,func_150AAA20.NON_MATCHING,353020448,0,asm
us,game,D7980,func_150AAA20,353020448,888,asm
us,game,D7980,func_150AAD98,353021336,0,asm
us,game,D7980,func_150AAD98.NON_MATCHING,353021336,1112,asm
us,game,D86A0,func_150AB1F0,353022448,0,asm
us,game,D86A0,func_150AB1F0.NON_MATCHING,353022448,2864,asm
us,game,D86A0,func_150ABD20.NON_MATCHING,353025312,0,asm
us,game,D86A0,func_150ABD20,353025312,1188,asm
us,game,D86A0,func_150AC1C4.NON_MATCHING,353026500,0,asm
us,game,D86A0,func_150AC1C4,353026500,384,asm
us,game,D86A0,func_150AC344,353026884,0,asm
us,game,D86A0,func_150AC344.NON_MATCHING,353026884,160,asm
us,game,D86A0,func_150AC3E4,353027044,0,asm
us,game,D86A0,func_150AC3E4.NON_MATCHING,353027044,1484,asm
us,game,D86A0,func_150AC9B0.NON_MATCHING,353028528,0,asm
us,game,D86A0,func_150AC9B0,353028528,16,asm
us,game,D86A0,func_150AC9C0.NON_MATCHING,353028544,0,asm
us,game,D86A0,func_150AC9C0,353028544,2468,asm
us,game,D86A0,func_150AD364,353031012,0,asm
us,game,D86A0,func_150AD364.NON_MATCHING,353031012,1036,asm
us,game,DAC20,func_150AD770,353032048,0,asm
us,game,DAC20,func_150AD770.NON_MATCHING,353032048,16,asm
us,game,DAC30,func_150AD780.NON_MATCHING,353032064,0,asm
us,game,DAC30,func_150AD780,353032064,12,asm
us,game,DAC30,func_150AD78C,353032076,0,asm
us,game,DAC30,func_150AD78C.NON_MATCHING,353032076,292,asm
us,game,DAD60,func_150AD8B0,353032368,0,asm
us,game,DAD60,func_150AD8B0.NON_MATCHING,353032368,80,asm
us,game,DADB0,func_150AD900.NON_MATCHING,353032448,0,asm
us,game,DADB0,func_150AD900,353032448,48,asm
us,game,DADB0,func_150AD930.NON_MATCHING,353032496,0,asm
us,game,DADB0,func_150AD930,353032496,48,asm
us,game,DAE10,func_150AD960.NON_MATCHING,353032544,0,asm
us,game,DAE10,func_150AD960,353032544,64,asm
us,game,game_DAE50,func_150AD9A0,353032608,0,asm
us,game,game_DAE50,func_150AD9A0.NON_MATCHING,353032608,128,c
us,game,game_DAE50,func_150ADA20.NON_MATCHING,353032736,0,c
us,game,game_DAE50,func_150ADA20,353032736,72,asm
us,game,game_DAE50,func_150ADA68,353032808,0,asm
us,game,game_DAE50,func_150ADA68.NON_MATCHING,353032808,100,c
us,game,game_DAE50,func_150ADACC.NON_MATCHING,353032908,0,c
us,game,game_DAE50,func_150ADACC,353032908,36,asm
us,game,DAFA0,func_150ADAF0.NON_MATCHING,353032944,0,asm
us,game,DAFA0,func_150ADAF0,353032944,160,asm
us,game,DAFA0,.L150ADB90,353033104,8,asm
us,game,DAFA0,.L150ADB98,353033112,12,asm
us,game,DAFA0,.L150ADBA4,353033124,12,asm
us,game,DAFA0,.L150ADBB0,353033136,12,asm
us,game,DAFA0,.L150ADBBC,353033148,112,asm
us,game,DAFA0,.L150ADC2C,353033260,44,asm
us,game,DAFA0,.L150ADC58,353033304,28,asm
us,game,DAFA0,.L150ADC74,353033332,20,asm
us,game,DAFA0,.L150ADC88,353033352,20,asm
us,game,DAFA0,.L150ADC9C,353033372,60,asm
us,game,DAFA0,.L150ADCD8,353033432,44,asm
us,game,DAFA0,.L150ADD04,353033476,32,asm
us,game,DAFA0,.L150ADD24,353033508,20,asm
us,game,DAFA0,.L150ADD38,353033528,20,asm
us,game,DAFA0,.L150ADD4C,353033548,60,asm
us,game,DAFA0,.L150ADD88,353033608,44,asm
us,game,DAFA0,.L150ADDB4,353033652,32,asm
us,game,DAFA0,.L150ADDD4,353033684,20,asm
us,game,DAFA0,.L150ADDE8,353033704,20,asm
us,game,DAFA0,.L150ADDFC,353033724,1156,asm
us,game,DAFA0,func_150AE280,353034880,0,asm
us,game,DAFA0,func_150AE280.NON_MATCHING,353034880,220,asm
us,game,DAFA0,func_150AE35C.NON_MATCHING,353035100,0,asm
us,game,DAFA0,func_150AE35C,353035100,16,asm
us,game,DAFA0,func_150AE36C,353035116,0,asm
us,game,DAFA0,func_150AE36C.NON_MATCHING,353035116,580,asm
us,game,game_DBA60,func_150AE5B0,353035696,480,c
us,game,game_DBA60,func_150AE790.NON_MATCHING,353036176,0,c
us,game,game_DBA60,func_150AE790,353036176,1036,asm
us,game,game_DBA60,func_150AEB9C.NON_MATCHING,353037212,0,c
us,game,game_DBA60,func_150AEB9C,353037212,304,asm
us,game,game_DBA60,func_150AECCC,353037516,128,c
us,game,game_DBA60,func_150AED4C,353037644,80,c
us,game,game_DBA60,func_150AED9C,353037724,0,asm
us,game,game_DBA60,func_150AED9C.NON_MATCHING,353037724,60,c
us,game,game_DBA60,func_150AEDD8,353037784,32,c
us,game,game_DBA60,func_150AEDF8,353037816,0,asm
us,game,game_DBA60,func_150AEDF8.NON_MATCHING,353037816,184,c
us,game,DC360,func_150AEEB0,353038000,0,asm
us,game,DC360,func_150AEEB0.NON_MATCHING,353038000,784,asm
us,game,DC360,func_150AF1C0,353038784,0,asm
us,game,DC360,func_150AF1C0.NON_MATCHING,353038784,64,asm
us,game,DC6B0,func_150AF200.NON_MATCHING,353038848,0,asm
us,game,DC6B0,func_150AF200,353038848,224,asm
us,game,DC6B0,func_150AF2E0.NON_MATCHING,353039072,0,asm
us,game,DC6B0,func_150AF2E0,353039072,72,asm
us,game,DC6B0,func_150AF328,353039144,0,asm
us,game,DC6B0,func_150AF328.NON_MATCHING,353039144,956,asm
us,game,DC6B0,func_150AF6E4.NON_MATCHING,353040100,0,asm
us,game,DC6B0,func_150AF6E4,353040100,84,asm
us,game,DC6B0,func_150AF738,353040184,0,asm
us,game,DC6B0,func_150AF738.NON_MATCHING,353040184,88,asm
us,game,DC6B0,func_150AF790,353040272,0,asm
us,game,DC6B0,func_150AF790.NON_MATCHING,353040272,52,asm
us,game,DC6B0,func_150AF7C4,353040324,0,asm
us,game,DC6B0,func_150AF7C4.NON_MATCHING,353040324,1072,asm
us,game,DC6B0,func_150AFBF4.NON_MATCHING,353041396,0,asm
us,game,DC6B0,func_150AFBF4,353041396,116,asm
us,game,DC6B0,func_150AFC68,353041512,0,asm
us,game,DC6B0,func_150AFC68.NON_MATCHING,353041512,328,asm
us,game,DC6B0,func_150AFDB0,353041840,0,asm
us,game,DC6B0,func_150AFDB0.NON_MATCHING,353041840,180,asm
us,game,DC6B0,func_150AFE64,353042020,0,asm
us,game,DC6B0,func_150AFE64.NON_MATCHING,353042020,472,asm
us,game,DC6B0,func_150B003C,353042492,0,asm
us,game,DC6B0,func_150B003C.NON_MATCHING,353042492,88,asm
us,game,DC6B0,func_150B0094,353042580,0,asm
us,game,DC6B0,func_150B0094.NON_MATCHING,353042580,556,asm
us,game,DC6B0,func_150B02C0.NON_MATCHING,353043136,0,asm
us,game,DC6B0,func_150B02C0,353043136,48,asm
us,game,DC6B0,func_150B02F0,353043184,0,asm
us,game,DC6B0,func_150B02F0.NON_MATCHING,353043184,44,asm
us,game,DC6B0,func_150B031C,353043228,0,asm
us,game,DC6B0,func_150B031C.NON_MATCHING,353043228,44,asm
us,game,DC6B0,func_150B0348.NON_MATCHING,353043272,0,asm
us,game,DC6B0,func_150B0348,353043272,708,asm
us,game,DC6B0,func_150B060C,353043980,0,asm
us,game,DC6B0,func_150B060C.NON_MATCHING,353043980,164,asm
us,game,DDB60,func_150B06B0.NON_MATCHING,353044144,0,asm
us,game,DDB60,func_150B06B0,353044144,944,asm
us,game,DDB60,func_150B0A60.NON_MATCHING,353045088,0,asm
us,game,DDB60,func_150B0A60,353045088,468,asm
us,game,DDB60,func_150B0C34,353045556,0,asm
us,game,DDB60,func_150B0C34.NON_MATCHING,353045556,36,asm
us,game,DDB60,func_150B0C58.NON_MATCHING,353045592,0,asm
us,game,DDB60,func_150B0C58,353045592,136,asm
us,game,DDB60,func_150B0CE0,353045728,0,asm
us,game,DDB60,func_150B0CE0.NON_MATCHING,353045728,64,asm
us,game,DDB60,func_150B0D20,353045792,0,asm
us,game,DDB60,func_150B0D20.NON_MATCHING,353045792,976,asm
us,game,DE5A0,func_150B10F0,353046768,0,asm
us,game,DE5A0,func_150B10F0.NON_MATCHING,353046768,524,asm
us,game,DE5A0,func_150B12FC.NON_MATCHING,353047292,0,asm
us,game,DE5A0,func_150B12FC,353047292,392,asm
us,game,DE5A0,func_150B1484,353047684,0,asm
us,game,DE5A0,func_150B1484.NON_MATCHING,353047684,856,asm
us,game,DE5A0,func_150B17DC,353048540,0,asm
us,game,DE5A0,func_150B17DC.NON_MATCHING,353048540,516,asm
us,game,DE5A0,func_150B19E0,353049056,0,asm
us,game,DE5A0,func_150B19E0.NON_MATCHING,353049056,976,asm
us,game,DF260,func_150B1DB0.NON_MATCHING,353050032,0,asm
us,game,DF260,func_150B1DB0,353050032,112,asm
us,game,DF260,func_150B1E20,353050144,0,asm
us,game,DF260,func_150B1E20.NON_MATCHING,353050144,192,asm
us,game,DF260,func_150B1EE0.NON_MATCHING,353050336,0,asm
us,game,DF260,func_150B1EE0,353050336,176,asm
us,game,DF260,func_150B1F90,353050512,0,asm
us,game,DF260,func_150B1F90.NON_MATCHING,353050512,944,asm
us,game,DF260,func_150B2340.NON_MATCHING,353051456,0,asm
us,game,DF260,func_150B2340,353051456,320,asm
us,game,DF930,func_150B2480.NON_MATCHING,353051776,0,asm
us,game,DF930,func_150B2480,353051776,20,asm
us,game,DF930,func_150B2494.NON_MATCHING,353051796,0,asm
us,game,DF930,func_150B2494,353051796,220,asm
us,game,DF930,func_150B2570,353052016,0,asm
us,game,DF930,func_150B2570.NON_MATCHING,353052016,464,asm
us,game,DFBF0,func_150B2740.NON_MATCHING,353052480,0,asm
us,game,DFBF0,func_150B2740,353052480,1908,asm
us,game,DFBF0,func_150B2EB4.NON_MATCHING,353054388,0,asm
us,game,DFBF0,func_150B2EB4,353054388,724,asm
us,game,DFBF0,func_150B3188,353055112,0,asm
us,game,DFBF0,func_150B3188.NON_MATCHING,353055112,1316,asm
us,game,DFBF0,func_150B36AC,353056428,0,asm
us,game,DFBF0,func_150B36AC.NON_MATCHING,353056428,224,asm
us,game,DFBF0,func_150B378C.NON_MATCHING,353056652,0,asm
us,game,DFBF0,func_150B378C,353056652,60,asm
us,game,DFBF0,func_150B37C8.NON_MATCHING,353056712,0,asm
us,game,DFBF0,func_150B37C8,353056712,744,asm
us,game,E0F60,func_150B3AB0.NON_MATCHING,353057456,0,asm
us,game,E0F60,func_150B3AB0,353057456,348,asm
us,game,E0F60,func_150B3C0C,353057804,0,asm
us,game,E0F60,func_150B3C0C.NON_MATCHING,353057804,452,asm
us,game,E1280,func_150B3DD0.NON_MATCHING,353058256,0,asm
us,game,E1280,func_150B3DD0,353058256,164,asm
us,game,E1280,func_150B3E74.NON_MATCHING,353058420,0,asm
us,game,E1280,func_150B3E74,353058420,116,asm
us,game,E1280,func_150B3EE8,353058536,0,asm
us,game,E1280,func_150B3EE8.NON_MATCHING,353058536,116,asm
us,game,E1280,func_150B3F5C.NON_MATCHING,353058652,0,asm
us,game,E1280,func_150B3F5C,353058652,396,asm
us,game,E1280,func_150B40E8.NON_MATCHING,353059048,0,asm
us,game,E1280,func_150B40E8,353059048,428,asm
us,game,E1280,func_150B4294.NON_MATCHING,353059476,0,asm
us,game,E1280,func_150B4294,353059476,1148,asm
us,game,E1280,func_150B4710.NON_MATCHING,353060624,0,asm
us,game,E1280,func_150B4710,353060624,2384,asm
us,game,E1280,func_150B5060,353063008,0,asm
us,game,E1280,func_150B5060.NON_MATCHING,353063008,40,asm
us,game,E1280,func_150B5088,353063048,0,asm
us,game,E1280,func_150B5088.NON_MATCHING,353063048,772,asm
us,game,E1280,func_150B538C.NON_MATCHING,353063820,0,asm
us,game,E1280,func_150B538C,353063820,68,asm
us,game,E2880,func_150B53D0,353063888,0,asm
us,game,E2880,func_150B53D0.NON_MATCHING,353063888,216,asm
us,game,E2880,func_150B54A8.NON_MATCHING,353064104,0,asm
us,game,E2880,func_150B54A8,353064104,796,asm
us,game,E2880,func_150B57C4.NON_MATCHING,353064900,0,asm
us,game,E2880,func_150B57C4,353064900,36,asm
us,game,E2880,func_150B57E8.NON_MATCHING,353064936,0,asm
us,game,E2880,func_150B57E8,353064936,44,asm
us,game,E2880,func_150B5814.NON_MATCHING,353064980,0,asm
us,game,E2880,func_150B5814,353064980,44,asm
us,game,E2880,func_150B5840.NON_MATCHING,353065024,0,asm
us,game,E2880,func_150B5840,353065024,176,asm
us,game,E2DA0,func_150B58F0.NON_MATCHING,353065200,0,asm
us,game,E2DA0,func_150B58F0,353065200,96,asm
us,game,E2DA0,func_150B5950.NON_MATCHING,353065296,0,asm
us,game,E2DA0,func_150B5950,353065296,236,asm
us,game,E2DA0,func_150B5A3C.NON_MATCHING,353065532,0,asm
us,game,E2DA0,func_150B5A3C,353065532,508,asm
us,game,E2DA0,func_150B5C38.NON_MATCHING,353066040,0,asm
us,game,E2DA0,func_150B5C38,353066040,508,asm
us,game,E2DA0,func_150B5E34.NON_MATCHING,353066548,0,asm
us,game,E2DA0,func_150B5E34,353066548,460,asm
us,game,E2DA0,func_150B6000.NON_MATCHING,353067008,0,asm
us,game,E2DA0,func_150B6000,353067008,224,asm
us,game,E2DA0,func_150B60E0.NON_MATCHING,353067232,0,asm
us,game,E2DA0,func_150B60E0,353067232,48,asm
us,game,E2DA0,func_150B6110.NON_MATCHING,353067280,0,asm
us,game,E2DA0,func_150B6110,353067280,832,asm
us,game,E2DA0,func_150B6450.NON_MATCHING,353068112,0,asm
us,game,E2DA0,func_150B6450,353068112,60,asm
us,game,E2DA0,func_150B648C.NON_MATCHING,353068172,0,asm
us,game,E2DA0,func_150B648C,353068172,592,asm
us,game,E2DA0,func_150B66DC,353068764,0,asm
us,game,E2DA0,func_150B66DC.NON_MATCHING,353068764,120,asm
us,game,E2DA0,func_150B6754,353068884,0,asm
us,game,E2DA0,func_150B6754.NON_MATCHING,353068884,140,asm
us,game,E3C90,func_150B67E0.NON_MATCHING,353069024,0,asm
us,game,E3C90,func_150B67E0,353069024,992,asm
us,game,E4070,func_150B6BC0,353070016,0,asm
us,game,E4070,func_150B6BC0.NON_MATCHING,353070016,56,asm
us,game,E4070,.L150B6BF8,353070072,16,asm
us,game,E4070,.L150B6C08,353070088,16,asm
us,game,E4070,.L150B6C18,353070104,16,asm
us,game,E4070,.L150B6C28,353070120,16,asm
us,game,E4070,.L150B6C38,353070136,16,asm
us,game,E4070,.L150B6C48,353070152,16,asm
us,game,E4070,.L150B6C58,353070168,16,asm
us,game,E4070,.L150B6C68,353070184,16,asm
us,game,E4070,.L150B6C78,353070200,8,asm
us,game,E4070,.L150B6C80,353070208,16,asm
us,game,E4070,func_150B6C90,353070224,0,asm
us,game,E4070,func_150B6C90.NON_MATCHING,353070224,164,asm
us,game,E4070,func_150B6D34,353070388,0,asm
us,game,E4070,func_150B6D34.NON_MATCHING,353070388,68,asm
us,game,E4070,func_150B6D78,353070456,0,asm
us,game,E4070,func_150B6D78.NON_MATCHING,353070456,132,asm
us,game,E4070,func_150B6DFC,353070588,0,asm
us,game,E4070,func_150B6DFC.NON_MATCHING,353070588,64,asm
us,game,E4070,func_150B6E3C.NON_MATCHING,353070652,0,asm
us,game,E4070,func_150B6E3C,353070652,608,asm
us,game,E4070,func_150B709C,353071260,0,asm
us,game,E4070,func_150B709C.NON_MATCHING,353071260,268,asm
us,game,E4070,func_150B71A8,353071528,0,asm
us,game,E4070,func_150B71A8.NON_MATCHING,353071528,120,asm
us,game,E4070,func_150B7220.NON_MATCHING,353071648,0,asm
us,game,E4070,func_150B7220,353071648,464,asm
us,game,E4070,func_150B73F0.NON_MATCHING,353072112,0,asm
us,game,E4070,func_150B73F0,353072112,148,asm
us,game,E4070,func_150B7484.NON_MATCHING,353072260,0,asm
us,game,E4070,func_150B7484,353072260,220,asm
us,game,E4070,func_150B7560.NON_MATCHING,353072480,0,asm
us,game,E4070,func_150B7560,353072480,252,asm
us,game,E4070,func_150B765C,353072732,0,asm
us,game,E4070,func_150B765C.NON_MATCHING,353072732,48,asm
us,game,E4070,func_150B768C.NON_MATCHING,353072780,0,asm
us,game,E4070,func_150B768C,353072780,48,asm
us,game,E4070,func_150B76BC.NON_MATCHING,353072828,0,asm
us,game,E4070,func_150B76BC,353072828,236,asm
us,game,E4070,func_150B77A8.NON_MATCHING,353073064,0,asm
us,game,E4070,func_150B77A8,353073064,372,asm
us,game,E4070,func_150B791C,353073436,0,asm
us,game,E4070,func_150B791C.NON_MATCHING,353073436,548,asm
us,game,E4070,func_150B7B40,353073984,0,asm
us,game,E4070,func_150B7B40.NON_MATCHING,353073984,1936,asm
us,game,E4070,func_150B82D0,353075920,0,asm
us,game,E4070,func_150B82D0.NON_MATCHING,353075920,752,asm
us,game,E4070,func_150B85C0,353076672,0,asm
us,game,E4070,func_150B85C0.NON_MATCHING,353076672,476,asm
us,game,E4070,func_150B879C.NON_MATCHING,353077148,0,asm
us,game,E4070,func_150B879C,353077148,580,asm
us,game,E5E90,func_150B89E0.NON_MATCHING,353077728,0,asm
us,game,E5E90,func_150B89E0,353077728,1380,asm
us,game,E5E90,func_150B8F44,353079108,0,asm
us,game,E5E90,func_150B8F44.NON_MATCHING,353079108,1564,asm
us,game,E5E90,func_150B9560,353080672,0,asm
us,game,E5E90,func_150B9560.NON_MATCHING,353080672,156,asm
us,game,E5E90,func_150B95FC,353080828,0,asm
us,game,E5E90,func_150B95FC.NON_MATCHING,353080828,32,asm
us,game,E5E90,func_150B961C,353080860,0,asm
us,game,E5E90,func_150B961C.NON_MATCHING,353080860,32,asm
us,game,E5E90,func_150B963C,353080892,0,asm
us,game,E5E90,func_150B963C.NON_MATCHING,353080892,1752,asm
us,game,E5E90,func_150B9D14.NON_MATCHING,353082644,0,asm
us,game,E5E90,func_150B9D14,353082644,120,asm
us,game,E5E90,func_150B9D8C.NON_MATCHING,353082764,0,asm
us,game,E5E90,func_150B9D8C,353082764,324,asm
us,game,E7380,func_150B9ED0.NON_MATCHING,353083088,0,asm
us,game,E7380,func_150B9ED0,353083088,1164,asm
us,game,E7380,func_150BA35C,353084252,0,asm
us,game,E7380,func_150BA35C.NON_MATCHING,353084252,32,asm
us,game,E7380,func_150BA37C,353084284,0,asm
us,game,E7380,func_150BA37C.NON_MATCHING,353084284,168,asm
us,game,E7380,func_150BA424.NON_MATCHING,353084452,0,asm
us,game,E7380,func_150BA424,353084452,156,asm
us,game,E7970,func_150BA4C0,353084608,0,asm
us,game,E7970,func_150BA4C0.NON_MATCHING,353084608,156,asm
us,game,E7970,func_150BA55C.NON_MATCHING,353084764,0,asm
us,game,E7970,func_150BA55C,353084764,916,asm
us,game,E7970,func_150BA8F0,353085680,0,asm
us,game,E7970,func_150BA8F0.NON_MATCHING,353085680,64,asm
us,game,E7970,func_150BA930.NON_MATCHING,353085744,0,asm
us,game,E7970,func_150BA930,353085744,208,asm
us,game,E7970,func_150BAA00,353085952,0,asm
us,game,E7970,func_150BAA00.NON_MATCHING,353085952,20,asm
us,game,E7970,func_150BAA14,353085972,0,asm
us,game,E7970,func_150BAA14.NON_MATCHING,353085972,460,asm
us,game,E8090,func_150BABE0,353086432,0,asm
us,game,E8090,func_150BABE0.NON_MATCHING,353086432,1036,asm
us,game,E8090,func_150BAFEC.NON_MATCHING,353087468,0,asm
us,game,E8090,func_150BAFEC,353087468,628,asm
us,game,E8090,func_150BB260,353088096,0,asm
us,game,E8090,func_150BB260.NON_MATCHING,353088096,424,asm
us,game,E8090,func_150BB408,353088520,0,asm
us,game,E8090,func_150BB408.NON_MATCHING,353088520,72,asm
us,game,E8090,func_150BB450,353088592,0,asm
us,game,E8090,func_150BB450.NON_MATCHING,353088592,72,asm
us,game,E8090,func_150BB498,353088664,0,asm
us,game,E8090,func_150BB498.NON_MATCHING,353088664,616,asm
us,game,E8BB0,func_150BB700.NON_MATCHING,353089280,0,asm
us,game,E8BB0,func_150BB700,353089280,96,asm
us,game,E8C10,func_150BB760,353089376,0,asm
us,game,E8C10,func_150BB760.NON_MATCHING,353089376,1020,asm
us,game,E8C10,func_150BBB5C.NON_MATCHING,353090396,0,asm
us,game,E8C10,func_150BBB5C,353090396,2348,asm
us,game,E8C10,func_150BC488.NON_MATCHING,353092744,0,asm
us,game,E8C10,func_150BC488,353092744,1844,asm
us,game,E8C10,func_150BCBBC.NON_MATCHING,353094588,0,asm
us,game,E8C10,func_150BCBBC,353094588,1020,asm
us,game,E8C10,func_150BCFB8.NON_MATCHING,353095608,0,asm
us,game,E8C10,func_150BCFB8,353095608,184,asm
us,game,E8C10,func_150BD070,353095792,0,asm
us,game,E8C10,func_150BD070.NON_MATCHING,353095792,1744,asm
us,game,E8C10,func_150BD740,353097536,0,asm
us,game,E8C10,func_150BD740.NON_MATCHING,353097536,532,asm
us,game,E8C10,func_150BD954,353098068,0,asm
us,game,E8C10,func_150BD954.NON_MATCHING,353098068,488,asm
us,game,E8C10,func_150BDB3C,353098556,0,asm
us,game,E8C10,func_150BDB3C.NON_MATCHING,353098556,52,asm
us,game,EB020,func_150BDB70,353098608,0,asm
us,game,EB020,func_150BDB70.NON_MATCHING,353098608,800,asm
us,game,EB340,func_150BDE90.NON_MATCHING,353099408,0,asm
us,game,EB340,func_150BDE90,353099408,124,asm
us,game,EB340,func_150BDF0C,353099532,0,asm
us,game,EB340,func_150BDF0C.NON_MATCHING,353099532,580,asm
us,game,EB340,func_150BE150.NON_MATCHING,353100112,0,asm
us,game,EB340,func_150BE150,353100112,116,asm
us,game,EB340,func_150BE1C4,353100228,0,asm
us,game,EB340,func_150BE1C4.NON_MATCHING,353100228,76,asm
us,game,EB340,func_150BE210.NON_MATCHING,353100304,0,asm
us,game,EB340,func_150BE210,353100304,216,asm
us,game,EB340,func_150BE2E8.NON_MATCHING,353100520,0,asm
us,game,EB340,func_150BE2E8,353100520,336,asm
us,game,EB340,func_150BE438.NON_MATCHING,353100856,0,asm
us,game,EB340,func_150BE438,353100856,92,asm
us,game,EB340,func_150BE494,353100948,0,asm
us,game,EB340,func_150BE494.NON_MATCHING,353100948,956,asm
us,game,EBD00,func_150BE850.NON_MATCHING,353101904,0,asm
us,game,EBD00,func_150BE850,353101904,352,asm
us,game,EBE60,func_150BE9B0,353102256,0,asm
us,game,EBE60,func_150BE9B0.NON_MATCHING,353102256,248,asm
us,game,EBE60,func_150BEAA8,353102504,0,asm
us,game,EBE60,func_150BEAA8.NON_MATCHING,353102504,36,asm
us,game,EBE60,func_150BEACC,353102540,0,asm
us,game,EBE60,func_150BEACC.NON_MATCHING,353102540,356,asm
us,game,EBE60,func_150BEC30,353102896,0,asm
us,game,EBE60,func_150BEC30.NON_MATCHING,353102896,248,asm
us,game,EBE60,func_150BED28,353103144,0,asm
us,game,EBE60,func_150BED28.NON_MATCHING,353103144,36,asm
us,game,EBE60,func_150BED4C,353103180,0,asm
us,game,EBE60,func_150BED4C.NON_MATCHING,353103180,356,asm
us,game,EBE60,func_150BEEB0.NON_MATCHING,353103536,0,asm
us,game,EBE60,func_150BEEB0,353103536,192,asm
us,game,EC420,func_150BEF70.NON_MATCHING,353103728,0,asm
us,game,EC420,func_150BEF70,353103728,12,asm
us,game,EC420,func_150BEF7C.NON_MATCHING,353103740,0,asm
us,game,EC420,func_150BEF7C,353103740,376,asm
us,game,EC420,func_150BF0F4.NON_MATCHING,353104116,0,asm
us,game,EC420,func_150BF0F4,353104116,296,asm
us,game,EC420,func_150BF21C.NON_MATCHING,353104412,0,asm
us,game,EC420,func_150BF21C,353104412,1348,asm
us,game,EC420,func_150BF760,353105760,0,asm
us,game,EC420,func_150BF760.NON_MATCHING,353105760,796,asm
us,game,EC420,func_150BFA7C,353106556,0,asm
us,game,EC420,func_150BFA7C.NON_MATCHING,353106556,1380,asm
us,game,EC420,func_150BFFE0.NON_MATCHING,353107936,0,asm
us,game,EC420,func_150BFFE0,353107936,508,asm
us,game,EC420,func_150C01DC.NON_MATCHING,353108444,0,asm
us,game,EC420,func_150C01DC,353108444,740,asm
us,game,EC420,func_150C04C0.NON_MATCHING,353109184,0,asm
us,game,EC420,func_150C04C0,353109184,392,asm
us,game,EC420,func_150C0648.NON_MATCHING,353109576,0,asm
us,game,EC420,func_150C0648,353109576,872,asm
us,game,EDE60,func_150C09B0,353110448,0,asm
us,game,EDE60,func_150C09B0.NON_MATCHING,353110448,64,asm
us,game,EDE60,func_150C09F0,353110512,0,asm
us,game,EDE60,func_150C09F0.NON_MATCHING,353110512,44,asm
us,game,EDE60,func_150C0A1C.NON_MATCHING,353110556,0,asm
us,game,EDE60,func_150C0A1C,353110556,44,asm
us,game,EDE60,func_150C0A48,353110600,0,asm
us,game,EDE60,func_150C0A48.NON_MATCHING,353110600,120,asm
us,game,EDE60,func_150C0AC0,353110720,0,asm
us,game,EDE60,func_150C0AC0.NON_MATCHING,353110720,376,asm
us,game,EDE60,func_150C0C38.NON_MATCHING,353111096,0,asm
us,game,EDE60,func_150C0C38,353111096,1376,asm
us,game,EDE60,func_150C1198.NON_MATCHING,353112472,0,asm
us,game,EDE60,func_150C1198,353112472,200,asm
us,game,EE710,func_150C1260.NON_MATCHING,353112672,0,asm
us,game,EE710,func_150C1260,353112672,1024,asm
us,game,EEB10,func_150C1660,353113696,0,asm
us,game,EEB10,func_150C1660.NON_MATCHING,353113696,96,asm
us,game,EEB10,func_150C16C0.NON_MATCHING,353113792,0,asm
us,game,EEB10,func_150C16C0,353113792,696,asm
us,game,EEB10,func_150C1978,353114488,0,asm
us,game,EEB10,func_150C1978.NON_MATCHING,353114488,72,asm
us,game,EEE70,func_150C19C0,353114560,0,asm
us,game,EEE70,func_150C19C0.NON_MATCHING,353114560,108,asm
us,game,EEE70,func_150C1A2C.NON_MATCHING,353114668,0,asm
us,game,EEE70,func_150C1A2C,353114668,20,asm
us,game,EEE70,func_150C1A40,353114688,0,asm
us,game,EEE70,func_150C1A40.NON_MATCHING,353114688,1012,asm
us,game,EEE70,func_150C1E34.NON_MATCHING,353115700,0,asm
us,game,EEE70,func_150C1E34,353115700,300,asm
us,game,game_EF410,func_150C1F60,353116000,0,asm
us,game,game_EF410,func_150C1F60.NON_MATCHING,353116000,816,c
us,game,game_EF410,func_150C2290,353116816,0,asm
us,game,game_EF410,func_150C2290.NON_MATCHING,353116816,404,c
us,game,game_EF410,func_150C2424,353117220,0,asm
us,game,game_EF410,func_150C2424.NON_MATCHING,353117220,248,c
us,game,game_EF410,func_150C251C,353117468,0,asm
us,game,game_EF410,func_150C251C.NON_MATCHING,353117468,60,c
us,game,game_EF410,func_150C2558.NON_MATCHING,353117528,0,c
us,game,game_EF410,func_150C2558,353117528,424,asm
us,game,game_EF410,func_150C2700.NON_MATCHING,353117952,0,c
us,game,game_EF410,func_150C2700,353117952,260,asm
us,game,game_EF410,func_150C2804,353118212,0,asm
us,game,game_EF410,func_150C2804.NON_MATCHING,353118212,148,c
us,game,game_EF410,func_150C2898.NON_MATCHING,353118360,0,c
us,game,game_EF410,func_150C2898,353118360,344,asm
us,game,game_EF410,func_150C29F0,353118704,0,asm
us,game,game_EF410,func_150C29F0.NON_MATCHING,353118704,528,c
us,game,game_EF410,func_150C2C00,353119232,0,asm
us,game,game_EF410,func_150C2C00.NON_MATCHING,353119232,972,c
us,game,game_EF410,func_150C2FCC.NON_MATCHING,353120204,0,c
us,game,game_EF410,func_150C2FCC,353120204,192,asm
us,game,game_EF410,func_150C308C.NON_MATCHING,353120396,0,c
us,game,game_EF410,func_150C308C,353120396,212,asm
us,game,game_EF410,func_150C3160.NON_MATCHING,353120608,0,c
us,game,game_EF410,func_150C3160,353120608,208,asm
us,game,game_EF410,func_150C3230.NON_MATCHING,353120816,0,c
us,game,game_EF410,func_150C3230,353120816,836,asm
us,game,game_EF410,func_150C3574.NON_MATCHING,353121652,0,c
us,game,game_EF410,func_150C3574,353121652,1056,asm
us,game,game_EF410,func_150C3994.NON_MATCHING,353122708,0,c
us,game,game_EF410,func_150C3994,353122708,948,asm
us,game,game_EF410,func_150C3D48,353123656,20,c
us,game,game_EF410,func_150C3D5C.NON_MATCHING,353123676,0,c
us,game,game_EF410,func_150C3D5C,353123676,964,asm
us,game,F15D0,func_150C4120.NON_MATCHING,353124640,0,asm
us,game,F15D0,func_150C4120,353124640,900,asm
us,game,F15D0,func_150C44A4,353125540,0,asm
us,game,F15D0,func_150C44A4.NON_MATCHING,353125540,1588,asm
us,game,F15D0,func_150C4AD8.NON_MATCHING,353127128,0,asm
us,game,F15D0,func_150C4AD8,353127128,48,asm
us,game,F15D0,func_150C4B08,353127176,0,asm
us,game,F15D0,func_150C4B08.NON_MATCHING,353127176,44,asm
us,game,F15D0,func_150C4B34,353127220,0,asm
us,game,F15D0,func_150C4B34.NON_MATCHING,353127220,44,asm
us,game,F15D0,func_150C4B60,353127264,0,asm
us,game,F15D0,func_150C4B60.NON_MATCHING,353127264,144,asm
us,game,game_F20A0,func_150C4BF0,353127408,304,c
us,game,F21D0,func_150C4D20,353127712,0,asm
us,game,F21D0,func_150C4D20.NON_MATCHING,353127712,380,asm
us,game,F21D0,func_150C4E9C.NON_MATCHING,353128092,0,asm
us,game,F21D0,func_150C4E9C,353128092,912,asm
us,game,F21D0,func_150C522C.NON_MATCHING,353129004,0,asm
us,game,F21D0,func_150C522C,353129004,84,asm
us,game,F21D0,func_150C5280.NON_MATCHING,353129088,0,asm
us,game,F21D0,func_150C5280,353129088,76,asm
us,game,F21D0,func_150C52CC.NON_MATCHING,353129164,0,asm
us,game,F21D0,func_150C52CC,353129164,68,asm
us,game,F21D0,func_150C5310,353129232,0,asm
us,game,F21D0,func_150C5310.NON_MATCHING,353129232,96,asm
us,game,F2820,func_150C5370.NON_MATCHING,353129328,0,asm
us,game,F2820,func_150C5370,353129328,192,asm
us,game,F2820,func_150C5430.NON_MATCHING,353129520,0,asm
us,game,F2820,func_150C5430,353129520,32,asm
us,game,F2820,func_150C5450,353129552,0,asm
us,game,F2820,func_150C5450.NON_MATCHING,353129552,32,asm
us,game,F2820,func_150C5470,353129584,0,asm
us,game,F2820,func_150C5470.NON_MATCHING,353129584,80,asm
us,game,F2820,func_150C54C0.NON_MATCHING,353129664,0,asm
us,game,F2820,func_150C54C0,353129664,80,asm
us,game,F2820,func_150C5510.NON_MATCHING,353129744,0,asm
us,game,F2820,func_150C5510,353129744,44,asm
us,game,F2820,func_150C553C.NON_MATCHING,353129788,0,asm
us,game,F2820,func_150C553C,353129788,44,asm
us,game,F2820,func_150C5568,353129832,0,asm
us,game,F2820,func_150C5568.NON_MATCHING,353129832,316,asm
us,game,F2820,func_150C56A4,353130148,0,asm
us,game,F2820,func_150C56A4.NON_MATCHING,353130148,1252,asm
us,game,F2820,func_150C5B88,353131400,0,asm
us,game,F2820,func_150C5B88.NON_MATCHING,353131400,76,asm
us,game,F2820,func_150C5BD4.NON_MATCHING,353131476,0,asm
us,game,F2820,func_150C5BD4,353131476,160,asm
us,game,F2820,func_150C5C74,353131636,0,asm
us,game,F2820,func_150C5C74.NON_MATCHING,353131636,40,asm
us,game,F2820,func_150C5C9C,353131676,0,asm
us,game,F2820,func_150C5C9C.NON_MATCHING,353131676,40,asm
us,game,F2820,func_150C5CC4.NON_MATCHING,353131716,0,asm
us,game,F2820,func_150C5CC4,353131716,72,asm
us,game,F2820,func_150C5D0C,353131788,0,asm
us,game,F2820,func_150C5D0C.NON_MATCHING,353131788,180,asm
us,game,F3270,func_150C5DC0.NON_MATCHING,353131968,0,asm
us,game,F3270,func_150C5DC0,353131968,76,asm
us,game,F3270,func_150C5E0C,353132044,0,asm
us,game,F3270,func_150C5E0C.NON_MATCHING,353132044,240,asm
us,game,F3270,func_150C5EFC,353132284,0,asm
us,game,F3270,func_150C5EFC.NON_MATCHING,353132284,68,asm
us,game,F3270,func_150C5F40.NON_MATCHING,353132352,0,asm
us,game,F3270,func_150C5F40,353132352,84,asm
us,game,F3270,func_150C5F94.NON_MATCHING,353132436,0,asm
us,game,F3270,func_150C5F94,353132436,324,asm
us,game,F3270,func_150C60D8,353132760,0,asm
us,game,F3270,func_150C60D8.NON_MATCHING,353132760,788,asm
us,game,F3270,func_150C63EC,353133548,0,asm
us,game,F3270,func_150C63EC.NON_MATCHING,353133548,36,asm
us,game,F3270,func_150C6410.NON_MATCHING,353133584,0,asm
us,game,F3270,func_150C6410,353133584,40,asm
us,game,F3270,func_150C6438.NON_MATCHING,353133624,0,asm
us,game,F3270,func_150C6438,353133624,40,asm
us,game,F3270,func_150C6460,353133664,0,asm
us,game,F3270,func_150C6460.NON_MATCHING,353133664,656,asm
us,game,F3BA0,func_150C66F0.NON_MATCHING,353134320,0,asm
us,game,F3BA0,func_150C66F0,353134320,76,asm
us,game,F3BA0,func_150C673C,353134396,0,asm
us,game,F3BA0,func_150C673C.NON_MATCHING,353134396,240,asm
us,game,F3BA0,func_150C682C,353134636,0,asm
us,game,F3BA0,func_150C682C.NON_MATCHING,353134636,68,asm
us,game,F3BA0,func_150C6870.NON_MATCHING,353134704,0,asm
us,game,F3BA0,func_150C6870,353134704,84,asm
us,game,F3BA0,func_150C68C4,353134788,0,asm
us,game,F3BA0,func_150C68C4.NON_MATCHING,353134788,324,asm
us,game,F3BA0,func_150C6A08,353135112,0,asm
us,game,F3BA0,func_150C6A08.NON_MATCHING,353135112,788,asm
us,game,F3BA0,func_150C6D1C.NON_MATCHING,353135900,0,asm
us,game,F3BA0,func_150C6D1C,353135900,36,asm
us,game,F3BA0,func_150C6D40.NON_MATCHING,353135936,0,asm
us,game,F3BA0,func_150C6D40,353135936,40,asm
us,game,F3BA0,func_150C6D68,353135976,0,asm
us,game,F3BA0,func_150C6D68.NON_MATCHING,353135976,40,asm
us,game,F3BA0,func_150C6D90,353136016,0,asm
us,game,F3BA0,func_150C6D90.NON_MATCHING,353136016,656,asm
us,game,F44D0,func_150C7020,353136672,0,asm
us,game,F44D0,func_150C7020.NON_MATCHING,353136672,416,asm
us,game,F44D0,func_150C71C0,353137088,0,asm
us,game,F44D0,func_150C71C0.NON_MATCHING,353137088,400,asm
us,game,F4800,func_150C7350.NON_MATCHING,353137488,0,asm
us,game,F4800,func_150C7350,353137488,144,asm
us,game,F4890,func_150C73E0.NON_MATCHING,353137632,0,asm
us,game,F4890,func_150C73E0,353137632,656,asm
us,game,F4B20,func_150C7670,353138288,0,asm
us,game,F4B20,func_150C7670.NON_MATCHING,353138288,204,asm
us,game,F4B20,func_150C773C.NON_MATCHING,353138492,0,asm
us,game,F4B20,func_150C773C,353138492,52,asm
us,game,F4C20,func_150C7770.NON_MATCHING,353138544,0,asm
us,game,F4C20,func_150C7770,353138544,256,asm
us,game,F4D20,func_150C7870.NON_MATCHING,353138800,0,asm
us,game,F4D20,func_150C7870,353138800,112,asm
us,game,F4D20,func_150C78E0,353138912,0,asm
us,game,F4D20,func_150C78E0.NON_MATCHING,353138912,80,asm
us,game,F4D20,func_150C7930.NON_MATCHING,353138992,0,asm
us,game,F4D20,func_150C7930,353138992,56,asm
us,game,F4D20,func_150C7968,353139048,0,asm
us,game,F4D20,func_150C7968.NON_MATCHING,353139048,84,asm
us,game,F4D20,func_150C79BC,353139132,0,asm
us,game,F4D20,func_150C79BC.NON_MATCHING,353139132,724,asm
us,game,F4D20,func_150C7C90.NON_MATCHING,353139856,0,asm
us,game,F4D20,func_150C7C90,353139856,236,asm
us,game,F4D20,func_150C7D7C,353140092,0,asm
us,game,F4D20,func_150C7D7C.NON_MATCHING,353140092,132,asm
us,game,F52B0,func_150C7E00,353140224,0,asm
us,game,F52B0,func_150C7E00.NON_MATCHING,353140224,1360,asm
us,game,F5800,func_150C8350,353141584,0,asm
us,game,F5800,func_150C8350.NON_MATCHING,353141584,420,asm
us,game,F5800,func_150C84F4.NON_MATCHING,353142004,0,asm
us,game,F5800,func_150C84F4,353142004,40,asm
us,game,F5800,func_150C851C,353142044,0,asm
us,game,F5800,func_150C851C.NON_MATCHING,353142044,228,asm
us,game,F5800,func_150C8600,353142272,0,asm
us,game,F5800,func_150C8600.NON_MATCHING,353142272,304,asm
us,game,F5800,func_150C8730.NON_MATCHING,353142576,0,asm
us,game,F5800,func_150C8730,353142576,416,asm
us,game,F5800,func_150C88D0.NON_MATCHING,353142992,0,asm
us,game,F5800,func_150C88D0,353142992,408,asm
us,game,F5800,func_150C8A68.NON_MATCHING,353143400,0,asm
us,game,F5800,func_150C8A68,353143400,848,asm
us,game,F5800,func_150C8DB8,353144248,0,asm
us,game,F5800,func_150C8DB8.NON_MATCHING,353144248,3068,asm
us,game,F5800,func_150C99B4,353147316,0,asm
us,game,F5800,func_150C99B4.NON_MATCHING,353147316,552,asm
us,game,F5800,func_150C9BDC,353147868,0,asm
us,game,F5800,func_150C9BDC.NON_MATCHING,353147868,488,asm
us,game,F5800,func_150C9DC4,353148356,0,asm
us,game,F5800,func_150C9DC4.NON_MATCHING,353148356,696,asm
us,game,F5800,func_150CA07C,353149052,0,asm
us,game,F5800,func_150CA07C.NON_MATCHING,353149052,212,asm
us,game,F5800,func_150CA150.NON_MATCHING,353149264,0,asm
us,game,F5800,func_150CA150,353149264,2016,asm
us,game,F5800,func_150CA930,353151280,0,asm
us,game,F5800,func_150CA930.NON_MATCHING,353151280,160,asm
us,game,F5800,func_150CA9D0,353151440,0,asm
us,game,F5800,func_150CA9D0.NON_MATCHING,353151440,52,asm
us,game,F5800,func_150CAA04,353151492,0,asm
us,game,F5800,func_150CAA04.NON_MATCHING,353151492,548,asm
us,game,F5800,func_150CAC28.NON_MATCHING,353152040,0,asm
us,game,F5800,func_150CAC28,353152040,424,asm
us,game,F5800,func_150CADD0,353152464,0,asm
us,game,F5800,func_150CADD0.NON_MATCHING,353152464,568,asm
us,game,F5800,func_150CB008,353153032,0,asm
us,game,F5800,func_150CB008.NON_MATCHING,353153032,216,asm
us,game,F8590,func_150CB0E0,353153248,0,asm
us,game,F8590,func_150CB0E0.NON_MATCHING,353153248,256,asm
us,game,F8590,func_150CB1E0,353153504,0,asm
us,game,F8590,func_150CB1E0.NON_MATCHING,353153504,20,asm
us,game,F8590,func_150CB1F4,353153524,0,asm
us,game,F8590,func_150CB1F4.NON_MATCHING,353153524,1496,asm
us,game,F8590,func_150CB7CC,353155020,0,asm
us,game,F8590,func_150CB7CC.NON_MATCHING,353155020,52,asm
us,game,F8590,func_150CB800,353155072,0,asm
us,game,F8590,func_150CB800.NON_MATCHING,353155072,560,asm
us,game,F8590,func_150CBA30,353155632,0,asm
us,game,F8590,func_150CBA30.NON_MATCHING,353155632,140,asm
us,game,F8590,func_150CBABC,353155772,0,asm
us,game,F8590,func_150CBABC.NON_MATCHING,353155772,548,asm
us,game,F8590,func_150CBCE0.NON_MATCHING,353156320,0,asm
us,game,F8590,func_150CBCE0,353156320,424,asm
us,game,F8590,func_150CBE88.NON_MATCHING,353156744,0,asm
us,game,F8590,func_150CBE88,353156744,212,asm
us,game,F8590,func_150CBF5C.NON_MATCHING,353156956,0,asm
us,game,F8590,func_150CBF5C,353156956,36,asm
us,game,F9430,func_150CBF80,353156992,0,asm
us,game,F9430,func_150CBF80.NON_MATCHING,353156992,1720,asm
us,game,F9430,func_150CC638.NON_MATCHING,353158712,0,asm
us,game,F9430,func_150CC638,353158712,128,asm
us,game,F9430,func_150CC6B8.NON_MATCHING,353158840,0,asm
us,game,F9430,func_150CC6B8,353158840,540,asm
us,game,F9430,func_150CC8D4,353159380,0,asm
us,game,F9430,func_150CC8D4.NON_MATCHING,353159380,424,asm
us,game,F9430,func_150CCA7C.NON_MATCHING,353159804,0,asm
us,game,F9430,func_150CCA7C,353159804,568,asm
us,game,F9430,func_150CCCB4.NON_MATCHING,353160372,0,asm
us,game,F9430,func_150CCCB4,353160372,220,asm
us,game,FA240,func_150CCD90.NON_MATCHING,353160592,0,asm
us,game,FA240,func_150CCD90,353160592,288,asm
us,game,FA360,func_150CCEB0,353160880,0,asm
us,game,FA360,func_150CCEB0.NON_MATCHING,353160880,716,asm
us,game,FA360,func_150CD17C.NON_MATCHING,353161596,0,asm
us,game,FA360,func_150CD17C,353161596,1056,asm
us,game,FA360,func_150CD59C.NON_MATCHING,353162652,0,asm
us,game,FA360,func_150CD59C,353162652,604,asm
us,game,FA360,func_150CD7F8.NON_MATCHING,353163256,0,asm
us,game,FA360,func_150CD7F8,353163256,884,asm
us,game,FA360,func_150CDB6C,353164140,0,asm
us,game,FA360,func_150CDB6C.NON_MATCHING,353164140,68,asm
us,game,FB060,func_150CDBB0,353164208,0,asm
us,game,FB060,func_150CDBB0.NON_MATCHING,353164208,324,asm
us,game,FB060,func_150CDCF4,353164532,0,asm
us,game,FB060,func_150CDCF4.NON_MATCHING,353164532,540,asm
us,game,FB060,func_150CDF10,353165072,0,asm
us,game,FB060,func_150CDF10.NON_MATCHING,353165072,576,asm
us,game,FB600,func_150CE150,353165648,0,asm
us,game,FB600,func_150CE150.NON_MATCHING,353165648,176,asm
us,game,FB600,func_150CE200.NON_MATCHING,353165824,0,asm
us,game,FB600,func_150CE200,353165824,592,asm
us,game,FB600,func_150CE450,353166416,0,asm
us,game,FB600,func_150CE450.NON_MATCHING,353166416,580,asm
us,game,FB600,func_150CE694,353166996,0,asm
us,game,FB600,func_150CE694.NON_MATCHING,353166996,172,asm
us,game,FB600,func_150CE740.NON_MATCHING,353167168,0,asm
us,game,FB600,func_150CE740,353167168,2000,asm
us,game,game_FC3C0,func_150CEF10,353169168,80,c
us,game,FC410,func_150CEF60,353169248,0,asm
us,game,FC410,func_150CEF60.NON_MATCHING,353169248,224,asm
us,game,FC410,func_150CF040.NON_MATCHING,353169472,0,asm
us,game,FC410,func_150CF040,353169472,64,asm
us,game,FC410,func_150CF080.NON_MATCHING,353169536,0,asm
us,game,FC410,func_150CF080,353169536,32,asm
us,game,FC550,func_150CF0A0,353169568,0,asm
us,game,FC550,func_150CF0A0.NON_MATCHING,353169568,160,asm
us,game,FC5F0,func_150CF140.NON_MATCHING,353169728,0,asm
us,game,FC5F0,func_150CF140,353169728,836,asm
us,game,FC5F0,func_150CF484,353170564,0,asm
us,game,FC5F0,func_150CF484.NON_MATCHING,353170564,172,asm
us,game,FC5F0,func_150CF530.NON_MATCHING,353170736,0,asm
us,game,FC5F0,func_150CF530,353170736,72,asm
us,game,FC5F0,func_150CF578,353170808,0,asm
us,game,FC5F0,func_150CF578.NON_MATCHING,353170808,112,asm
us,game,FC5F0,func_150CF5E8,353170920,0,asm
us,game,FC5F0,func_150CF5E8.NON_MATCHING,353170920,152,asm
us,game,FC5F0,func_150CF680,353171072,0,asm
us,game,FC5F0,func_150CF680.NON_MATCHING,353171072,384,asm
us,game,FC5F0,func_150CF800.NON_MATCHING,353171456,0,asm
us,game,FC5F0,func_150CF800,353171456,1004,asm
us,game,FC5F0,func_150CFBEC,353172460,0,asm
us,game,FC5F0,func_150CFBEC.NON_MATCHING,353172460,76,asm
us,game,FC5F0,func_150CFC38,353172536,0,asm
us,game,FC5F0,func_150CFC38.NON_MATCHING,353172536,40,asm
us,game,FC5F0,func_150CFC60,353172576,0,asm
us,game,FC5F0,func_150CFC60.NON_MATCHING,353172576,192,asm
us,game,FC5F0,func_150CFD20,353172768,0,asm
us,game,FC5F0,func_150CFD20.NON_MATCHING,353172768,60,asm
us,game,FC5F0,func_150CFD5C,353172828,0,asm
us,game,FC5F0,func_150CFD5C.NON_MATCHING,353172828,40,asm
us,game,FC5F0,func_150CFD84,353172868,0,asm
us,game,FC5F0,func_150CFD84.NON_MATCHING,353172868,52,asm
us,game,FC5F0,func_150CFDB8.NON_MATCHING,353172920,0,asm
us,game,FC5F0,func_150CFDB8,353172920,132,asm
us,game,FC5F0,func_150CFE3C,353173052,0,asm
us,game,FC5F0,func_150CFE3C.NON_MATCHING,353173052,92,asm
us,game,FC5F0,func_150CFE98.NON_MATCHING,353173144,0,asm
us,game,FC5F0,func_150CFE98,353173144,120,asm
us,game,FC5F0,func_150CFF10,353173264,0,asm
us,game,FC5F0,func_150CFF10.NON_MATCHING,353173264,292,asm
us,game,FC5F0,func_150D0034.NON_MATCHING,353173556,0,asm
us,game,FC5F0,func_150D0034,353173556,140,asm
us,game,FC5F0,func_150D00C0.NON_MATCHING,353173696,0,asm
us,game,FC5F0,func_150D00C0,353173696,116,asm
us,game,FC5F0,func_150D0134.NON_MATCHING,353173812,0,asm
us,game,FC5F0,func_150D0134,353173812,108,asm
us,game,FC5F0,func_150D01A0.NON_MATCHING,353173920,0,asm
us,game,FC5F0,func_150D01A0,353173920,276,asm
us,game,FC5F0,func_150D02B4,353174196,0,asm
us,game,FC5F0,func_150D02B4.NON_MATCHING,353174196,120,asm
us,game,FC5F0,func_150D032C.NON_MATCHING,353174316,0,asm
us,game,FC5F0,func_150D032C,353174316,408,asm
us,game,FC5F0,func_150D04C4,353174724,0,asm
us,game,FC5F0,func_150D04C4.NON_MATCHING,353174724,112,asm
us,game,FC5F0,func_150D0534,353174836,0,asm
us,game,FC5F0,func_150D0534.NON_MATCHING,353174836,284,asm
us,game,FDB00,func_150D0650.NON_MATCHING,353175120,0,asm
us,game,FDB00,func_150D0650,353175120,224,asm
us,game,FDBE0,func_150D0730,353175344,0,asm
us,game,FDBE0,func_150D0730.NON_MATCHING,353175344,400,asm
us,game,FDD70,func_150D08C0,353175744,0,asm
us,game,FDD70,func_150D08C0.NON_MATCHING,353175744,1488,asm
us,game,FDD70,func_150D0E90.NON_MATCHING,353177232,0,asm
us,game,FDD70,func_150D0E90,353177232,596,asm
us,game,FDD70,func_150D10E4,353177828,0,asm
us,game,FDD70,func_150D10E4.NON_MATCHING,353177828,208,asm
us,game,FDD70,func_150D11B4.NON_MATCHING,353178036,0,asm
us,game,FDD70,func_150D11B4,353178036,80,asm
us,game,FDD70,func_150D1204,353178116,0,asm
us,game,FDD70,func_150D1204.NON_MATCHING,353178116,412,asm
us,game,FE850,func_150D13A0,353178528,0,asm
us,game,FE850,func_150D13A0.NON_MATCHING,353178528,112,asm
us,game,FE850,func_150D1410.NON_MATCHING,353178640,0,asm
us,game,FE850,func_150D1410,353178640,92,asm
us,game,FE850,func_150D146C,353178732,0,asm
us,game,FE850,func_150D146C.NON_MATCHING,353178732,48,asm
us,game,FE850,func_150D149C.NON_MATCHING,353178780,0,asm
us,game,FE850,func_150D149C,353178780,148,asm
us,game,FE9E0,func_150D1530.NON_MATCHING,353178928,0,asm
us,game,FE9E0,func_150D1530,353178928,736,asm
us,game,FECC0,func_150D1810.NON_MATCHING,353179664,0,asm
us,game,FECC0,func_150D1810,353179664,816,asm
us,game,FEFF0,func_150D1B40,353180480,0,asm
us,game,FEFF0,func_150D1B40.NON_MATCHING,353180480,144,asm
us,game,FEFF0,func_150D1BD0.NON_MATCHING,353180624,0,asm
us,game,FEFF0,func_150D1BD0,353180624,96,asm
us,game,FF0E0,func_150D1C30.NON_MATCHING,353180720,0,asm
us,game,FF0E0,func_150D1C30,353180720,828,asm
us,game,FF0E0,func_150D1F6C.NON_MATCHING,353181548,0,asm
us,game,FF0E0,func_150D1F6C,353181548,232,asm
us,game,FF0E0,func_150D2054,353181780,0,asm
us,game,FF0E0,func_150D2054.NON_MATCHING,353181780,92,asm
us,game,FF0E0,func_150D20B0.NON_MATCHING,353181872,0,asm
us,game,FF0E0,func_150D20B0,353181872,44,asm
us,game,FF0E0,func_150D20DC,353181916,0,asm
us,game,FF0E0,func_150D20DC.NON_MATCHING,353181916,52,asm
us,game,FF5C0,func_150D2110.NON_MATCHING,353181968,0,asm
us,game,FF5C0,func_150D2110,353181968,188,asm
us,game,FF5C0,func_150D21CC.NON_MATCHING,353182156,0,asm
us,game,FF5C0,func_150D21CC,353182156,176,asm
us,game,FF5C0,func_150D227C.NON_MATCHING,353182332,0,asm
us,game,FF5C0,func_150D227C,353182332,44,asm
us,game,FF5C0,func_150D22A8.NON_MATCHING,353182376,0,asm
us,game,FF5C0,func_150D22A8,353182376,44,asm
us,game,FF5C0,func_150D22D4,353182420,0,asm
us,game,FF5C0,func_150D22D4.NON_MATCHING,353182420,32,asm
us,game,FF5C0,func_150D22F4,353182452,0,asm
us,game,FF5C0,func_150D22F4.NON_MATCHING,353182452,128,asm
us,game,FF5C0,func_150D2374,353182580,0,asm
us,game,FF5C0,func_150D2374.NON_MATCHING,353182580,220,asm
us,game,FF900,func_150D2450,353182800,0,asm
us,game,FF900,func_150D2450.NON_MATCHING,353182800,672,asm
us,game,FFBA0,func_150D26F0.NON_MATCHING,353183472,0,asm
us,game,FFBA0,func_150D26F0,353183472,156,asm
us,game,FFBA0,func_150D278C,353183628,0,asm
us,game,FFBA0,func_150D278C.NON_MATCHING,353183628,408,asm
us,game,FFBA0,func_150D2924.NON_MATCHING,353184036,0,asm
us,game,FFBA0,func_150D2924,353184036,1096,asm
us,game,FFBA0,func_150D2D6C,353185132,0,asm
us,game,FFBA0,func_150D2D6C.NON_MATCHING,353185132,1040,asm
us,game,FFBA0,func_150D317C.NON_MATCHING,353186172,0,asm
us,game,FFBA0,func_150D317C,353186172,384,asm
us,game,FFBA0,func_150D32FC,353186556,0,asm
us,game,FFBA0,func_150D32FC.NON_MATCHING,353186556,100,asm
us,game,100810,func_150D3360.NON_MATCHING,353186656,0,asm
us,game,100810,func_150D3360,353186656,1800,asm
us,game,100810,func_150D3A68.NON_MATCHING,353188456,0,asm
us,game,100810,func_150D3A68,353188456,1388,asm
us,game,100810,func_150D3FD4.NON_MATCHING,353189844,0,asm
us,game,100810,func_150D3FD4,353189844,812,asm
us,game,100810,func_150D4300,353190656,0,asm
us,game,100810,func_150D4300.NON_MATCHING,353190656,1728,asm
us,game,100810,func_150D49C0,353192384,0,asm
us,game,100810,func_150D49C0.NON_MATCHING,353192384,288,asm
us,game,100810,func_150D4AE0,353192672,0,asm
us,game,100810,func_150D4AE0.NON_MATCHING,353192672,244,asm
us,game,100810,func_150D4BD4,353192916,0,asm
us,game,100810,func_150D4BD4.NON_MATCHING,353192916,44,asm
us,game,100810,func_150D4C00,353192960,0,asm
us,game,100810,func_150D4C00.NON_MATCHING,353192960,44,asm
us,game,100810,func_150D4C2C.NON_MATCHING,353193004,0,asm
us,game,100810,func_150D4C2C,353193004,152,asm
us,game,100810,func_150D4CC4,353193156,0,asm
us,game,100810,func_150D4CC4.NON_MATCHING,353193156,148,asm
us,game,100810,func_150D4D58,353193304,0,asm
us,game,100810,func_150D4D58.NON_MATCHING,353193304,972,asm
us,game,100810,func_150D5124.NON_MATCHING,353194276,0,asm
us,game,100810,func_150D5124,353194276,796,asm
us,game,1028F0,func_150D5440,353195072,0,asm
us,game,1028F0,func_150D5440.NON_MATCHING,353195072,136,asm
us,game,1028F0,func_150D54C8.NON_MATCHING,353195208,0,asm
us,game,1028F0,func_150D54C8,353195208,1188,asm
us,game,1028F0,func_150D596C,353196396,0,asm
us,game,1028F0,func_150D596C.NON_MATCHING,353196396,192,asm
us,game,1028F0,func_150D5A2C,353196588,0,asm
us,game,1028F0,func_150D5A2C.NON_MATCHING,353196588,32,asm
us,game,1028F0,func_150D5A4C.NON_MATCHING,353196620,0,asm
us,game,1028F0,func_150D5A4C,353196620,32,asm
us,game,1028F0,func_150D5A6C.NON_MATCHING,353196652,0,asm
us,game,1028F0,func_150D5A6C,353196652,2332,asm
us,game,1028F0,func_150D6388,353198984,0,asm
us,game,1028F0,func_150D6388.NON_MATCHING,353198984,172,asm
us,game,1028F0,func_150D6434.NON_MATCHING,353199156,0,asm
us,game,1028F0,func_150D6434,353199156,180,asm
us,game,1028F0,func_150D64E8.NON_MATCHING,353199336,0,asm
us,game,1028F0,func_150D64E8,353199336,264,asm
us,game,1028F0,func_150D65F0,353199600,0,asm
us,game,1028F0,func_150D65F0.NON_MATCHING,353199600,180,asm
us,game,1028F0,func_150D66A4.NON_MATCHING,353199780,0,asm
us,game,1028F0,func_150D66A4,353199780,140,asm
us,game,1028F0,func_150D6730,353199920,0,asm
us,game,1028F0,func_150D6730.NON_MATCHING,353199920,1384,asm
us,game,1028F0,func_150D6C98.NON_MATCHING,353201304,0,asm
us,game,1028F0,func_150D6C98,353201304,44,asm
us,game,1028F0,func_150D6CC4.NON_MATCHING,353201348,0,asm
us,game,1028F0,func_150D6CC4,353201348,412,asm
us,game,1028F0,func_150D6E60,353201760,0,asm
us,game,1028F0,func_150D6E60.NON_MATCHING,353201760,172,asm
us,game,1028F0,func_150D6F0C.NON_MATCHING,353201932,0,asm
us,game,1028F0,func_150D6F0C,353201932,348,asm
us,game,1028F0,func_150D7068.NON_MATCHING,353202280,0,asm
us,game,1028F0,func_150D7068,353202280,184,asm
us,game,1045D0,func_150D7120.NON_MATCHING,353202464,0,asm
us,game,1045D0,func_150D7120,353202464,364,asm
us,game,1045D0,func_150D728C.NON_MATCHING,353202828,0,asm
us,game,1045D0,func_150D728C,353202828,404,asm
us,game,1048D0,func_150D7420,353203232,0,asm
us,game,1048D0,func_150D7420.NON_MATCHING,353203232,188,asm
us,game,1048D0,func_150D74DC.NON_MATCHING,353203420,0,asm
us,game,1048D0,func_150D74DC,353203420,176,asm
us,game,1048D0,func_150D758C.NON_MATCHING,353203596,0,asm
us,game,1048D0,func_150D758C,353203596,164,asm
us,game,1048D0,func_150D7630,353203760,0,asm
us,game,1048D0,func_150D7630.NON_MATCHING,353203760,44,asm
us,game,1048D0,func_150D765C,353203804,0,asm
us,game,1048D0,func_150D765C.NON_MATCHING,353203804,308,asm
us,game,1048D0,func_150D7790.NON_MATCHING,353204112,0,asm
us,game,1048D0,func_150D7790,353204112,408,asm
us,game,1048D0,func_150D7928.NON_MATCHING,353204520,0,asm
us,game,1048D0,func_150D7928,353204520,2440,asm
us,game,105760,func_150D82B0,353206960,0,asm
us,game,105760,func_150D82B0.NON_MATCHING,353206960,12,asm
us,game,105760,func_150D82BC.NON_MATCHING,353206972,0,asm
us,game,105760,func_150D82BC,353206972,284,asm
us,game,105760,func_150D83D8.NON_MATCHING,353207256,0,asm
us,game,105760,func_150D83D8,353207256,440,asm
us,game,105760,func_150D8590.NON_MATCHING,353207696,0,asm
us,game,105760,func_150D8590,353207696,28,asm
us,game,105760,func_150D85AC,353207724,0,asm
us,game,105760,func_150D85AC.NON_MATCHING,353207724,768,asm
us,game,105760,func_150D88AC.NON_MATCHING,353208492,0,asm
us,game,105760,func_150D88AC,353208492,52,asm
us,game,105760,func_150D88E0,353208544,0,asm
us,game,105760,func_150D88E0.NON_MATCHING,353208544,320,asm
us,game,105760,func_150D8A20.NON_MATCHING,353208864,0,asm
us,game,105760,func_150D8A20,353208864,20,asm
us,game,105760,func_150D8A34.NON_MATCHING,353208884,0,asm
us,game,105760,func_150D8A34,353208884,220,asm
us,game,105FC0,func_150D8B10.NON_MATCHING,353209104,0,asm
us,game,105FC0,func_150D8B10,353209104,44,asm
us,game,105FC0,func_150D8B3C.NON_MATCHING,353209148,0,asm
us,game,105FC0,func_150D8B3C,353209148,76,asm
us,game,105FC0,func_150D8B88,353209224,0,asm
us,game,105FC0,func_150D8B88.NON_MATCHING,353209224,508,asm
us,game,105FC0,func_150D8D84.NON_MATCHING,353209732,0,asm
us,game,105FC0,func_150D8D84,353209732,152,asm
us,game,105FC0,func_150D8E1C.NON_MATCHING,353209884,0,asm
us,game,105FC0,func_150D8E1C,353209884,48,asm
us,game,105FC0,func_150D8E4C,353209932,0,asm
us,game,105FC0,func_150D8E4C.NON_MATCHING,353209932,352,asm
us,game,105FC0,func_150D8FAC.NON_MATCHING,353210284,0,asm
us,game,105FC0,func_150D8FAC,353210284,1152,asm
us,game,105FC0,func_150D942C.NON_MATCHING,353211436,0,asm
us,game,105FC0,func_150D942C,353211436,2128,asm
us,game,105FC0,func_150D9C7C,353213564,0,asm
us,game,105FC0,func_150D9C7C.NON_MATCHING,353213564,2056,asm
us,game,105FC0,func_150DA484,353215620,0,asm
us,game,105FC0,func_150DA484.NON_MATCHING,353215620,48,asm
us,game,105FC0,func_150DA4B4.NON_MATCHING,353215668,0,asm
us,game,105FC0,func_150DA4B4,353215668,44,asm
us,game,105FC0,func_150DA4E0.NON_MATCHING,353215712,0,asm
us,game,105FC0,func_150DA4E0,353215712,44,asm
us,game,105FC0,func_150DA50C.NON_MATCHING,353215756,0,asm
us,game,105FC0,func_150DA50C,353215756,224,asm
us,game,105FC0,func_150DA5EC,353215980,0,asm
us,game,105FC0,func_150DA5EC.NON_MATCHING,353215980,60,asm
us,game,105FC0,func_150DA628.NON_MATCHING,353216040,0,asm
us,game,105FC0,func_150DA628,353216040,84,asm
us,game,105FC0,func_150DA67C.NON_MATCHING,353216124,0,asm
us,game,105FC0,func_150DA67C,353216124,2036,asm
us,game,108320,func_150DAE70,353218160,0,asm
us,game,108320,func_150DAE70.NON_MATCHING,353218160,676,asm
us,game,108320,func_150DB114,353218836,0,asm
us,game,108320,func_150DB114.NON_MATCHING,353218836,452,asm
us,game,108320,func_150DB2D8.NON_MATCHING,353219288,0,asm
us,game,108320,func_150DB2D8,353219288,576,asm
us,game,108320,func_150DB518.NON_MATCHING,353219864,0,asm
us,game,108320,func_150DB518,353219864,280,asm
us,game,108320,func_150DB630.NON_MATCHING,353220144,0,asm
us,game,108320,func_150DB630,353220144,228,asm
us,game,108320,func_150DB714.NON_MATCHING,353220372,0,asm
us,game,108320,func_150DB714,353220372,716,asm
us,game,108E90,func_150DB9E0,353221088,0,asm
us,game,108E90,func_150DB9E0.NON_MATCHING,353221088,640,asm
us,game,108E90,func_150DBC60,353221728,0,asm
us,game,108E90,func_150DBC60.NON_MATCHING,353221728,272,asm
us,game,108E90,func_150DBD70.NON_MATCHING,353222000,0,asm
us,game,108E90,func_150DBD70,353222000,76,asm
us,game,108E90,.L150DBDBC,353222076,832,asm
us,game,108E90,.L150DC0FC,353222908,1116,asm
us,game,108E90,func_150DC558.NON_MATCHING,353224024,0,asm
us,game,108E90,func_150DC558,353224024,2376,asm
us,game,108E90,func_150DCEA0,353226400,0,asm
us,game,108E90,func_150DCEA0.NON_MATCHING,353226400,1952,asm
us,game,108E90,func_150DD640.NON_MATCHING,353228352,0,asm
us,game,108E90,func_150DD640,353228352,2192,asm
us,game,108E90,func_150DDED0,353230544,0,asm
us,game,108E90,func_150DDED0.NON_MATCHING,353230544,184,asm
us,game,108E90,func_150DDF88.NON_MATCHING,353230728,0,asm
us,game,108E90,func_150DDF88,353230728,36,asm
us,game,108E90,func_150DDFAC.NON_MATCHING,353230764,0,asm
us,game,108E90,func_150DDFAC,353230764,384,asm
us,game,108E90,func_150DE12C,353231148,0,asm
us,game,108E90,func_150DE12C.NON_MATCHING,353231148,376,asm
us,game,108E90,func_150DE2A4,353231524,0,asm
us,game,108E90,func_150DE2A4.NON_MATCHING,353231524,32,asm
us,game,108E90,func_150DE2C4.NON_MATCHING,353231556,0,asm
us,game,108E90,func_150DE2C4,353231556,76,asm
us,game,game_10B7C0,func_150DE310,353231632,16,c
us,game,10B7D0,func_150DE320.NON_MATCHING,353231648,0,asm
us,game,10B7D0,func_150DE320,353231648,12,asm
us,game,10B7D0,func_150DE32C.NON_MATCHING,353231660,0,asm
us,game,10B7D0,func_150DE32C,353231660,300,asm
us,game,10B7D0,func_150DE458.NON_MATCHING,353231960,0,asm
us,game,10B7D0,func_150DE458,353231960,640,asm
us,game,10B7D0,func_150DE6D8,353232600,0,asm
us,game,10B7D0,func_150DE6D8.NON_MATCHING,353232600,232,asm
us,game,10B7D0,func_150DE7C0,353232832,0,asm
us,game,10B7D0,func_150DE7C0.NON_MATCHING,353232832,780,asm
us,game,10B7D0,func_150DEACC,353233612,0,asm
us,game,10B7D0,func_150DEACC.NON_MATCHING,353233612,140,asm
us,game,10B7D0,func_150DEB58.NON_MATCHING,353233752,0,asm
us,game,10B7D0,func_150DEB58,353233752,136,asm
us,game,10B7D0,func_150DEBE0,353233888,0,asm
us,game,10B7D0,func_150DEBE0.NON_MATCHING,353233888,72,asm
us,game,10B7D0,func_150DEC28,353233960,0,asm
us,game,10B7D0,func_150DEC28.NON_MATCHING,353233960,104,asm
us,game,game_10C140,func_150DEC90,353234064,48,c
us,game,10C170,func_150DECC0,353234112,0,asm
us,game,10C170,func_150DECC0.NON_MATCHING,353234112,1652,asm
us,game,10C170,func_150DF334.NON_MATCHING,353235764,0,asm
us,game,10C170,func_150DF334,353235764,388,asm
us,game,10C170,func_150DF4B8.NON_MATCHING,353236152,0,asm
us,game,10C170,func_150DF4B8,353236152,872,asm
us,game,10CCD0,func_150DF820,353237024,0,asm
us,game,10CCD0,func_150DF820.NON_MATCHING,353237024,160,asm
us,game,10CD70,func_150DF8C0,353237184,0,asm
us,game,10CD70,func_150DF8C0.NON_MATCHING,353237184,96,asm
us,game,10CD70,func_150DF920,353237280,0,asm
us,game,10CD70,func_150DF920.NON_MATCHING,353237280,688,asm
us,game,10CD70,func_150DFBD0,353237968,0,asm
us,game,10CD70,func_150DFBD0.NON_MATCHING,353237968,216,asm
us,game,10CD70,func_150DFCA8.NON_MATCHING,353238184,0,asm
us,game,10CD70,func_150DFCA8,353238184,252,asm
us,game,10CD70,func_150DFDA4,353238436,0,asm
us,game,10CD70,func_150DFDA4.NON_MATCHING,353238436,44,asm
us,game,10CD70,func_150DFDD0,353238480,0,asm
us,game,10CD70,func_150DFDD0.NON_MATCHING,353238480,300,asm
us,game,10CD70,func_150DFEFC,353238780,0,asm
us,game,10CD70,func_150DFEFC.NON_MATCHING,353238780,964,asm
us,game,10CD70,func_150E02C0.NON_MATCHING,353239744,0,asm
us,game,10CD70,func_150E02C0,353239744,64,asm
us,game,10CD70,func_150E0300,353239808,0,asm
us,game,10CD70,func_150E0300.NON_MATCHING,353239808,72,asm
us,game,10CD70,func_150E0348.NON_MATCHING,353239880,0,asm
us,game,10CD70,func_150E0348,353239880,176,asm
us,game,10CD70,func_150E03F8.NON_MATCHING,353240056,0,asm
us,game,10CD70,func_150E03F8,353240056,512,asm
us,game,10CD70,func_150E05F8,353240568,0,asm
us,game,10CD70,func_150E05F8.NON_MATCHING,353240568,224,asm
us,game,10CD70,func_150E06D8,353240792,0,asm
us,game,10CD70,func_150E06D8.NON_MATCHING,353240792,408,asm
us,game,10DD20,func_150E0870,353241200,0,asm
us,game,10DD20,func_150E0870.NON_MATCHING,353241200,880,asm
us,game,10DD20,func_150E0BE0.NON_MATCHING,353242080,0,asm
us,game,10DD20,func_150E0BE0,353242080,432,asm
us,game,10E240,func_150E0D90.NON_MATCHING,353242512,0,asm
us,game,10E240,func_150E0D90,353242512,720,asm
us,game,10E240,func_150E1060.NON_MATCHING,353243232,0,asm
us,game,10E240,func_150E1060,353243232,236,asm
us,game,10E240,func_150E114C,353243468,0,asm
us,game,10E240,func_150E114C.NON_MATCHING,353243468,1060,asm
us,game,10EA20,func_150E1570,353244528,0,asm
us,game,10EA20,func_150E1570.NON_MATCHING,353244528,656,asm
us,game,game_10ECB0,func_150E1800,353245184,96,c
us,game,10ED10,func_150E1860.NON_MATCHING,353245280,0,asm
us,game,10ED10,func_150E1860,353245280,592,asm
us,game,10EF60,func_150E1AB0,353245872,0,asm
us,game,10EF60,func_150E1AB0.NON_MATCHING,353245872,612,asm
us,game,10EF60,func_150E1D14.NON_MATCHING,353246484,0,asm
us,game,10EF60,func_150E1D14,353246484,3016,asm
us,game,10EF60,func_150E28DC.NON_MATCHING,353249500,0,asm
us,game,10EF60,func_150E28DC,353249500,1224,asm
us,game,10EF60,func_150E2DA4,353250724,0,asm
us,game,10EF60,func_150E2DA4.NON_MATCHING,353250724,16,asm
us,game,10EF60,func_150E2DB4,353250740,0,asm
us,game,10EF60,func_150E2DB4.NON_MATCHING,353250740,240,asm
us,game,10EF60,func_150E2EA4.NON_MATCHING,353250980,0,asm
us,game,10EF60,func_150E2EA4,353250980,236,asm
us,game,10EF60,func_150E2F90,353251216,0,asm
us,game,10EF60,func_150E2F90.NON_MATCHING,353251216,48,asm
us,game,10EF60,func_150E2FC0,353251264,0,asm
us,game,10EF60,func_150E2FC0.NON_MATCHING,353251264,96,asm
us,game,1104D0,func_150E3020,353251360,0,asm
us,game,1104D0,func_150E3020.NON_MATCHING,353251360,488,asm
us,game,1104D0,func_150E3208.NON_MATCHING,353251848,0,asm
us,game,1104D0,func_150E3208,353251848,200,asm
us,game,1104D0,func_150E32D0,353252048,0,asm
us,game,1104D0,func_150E32D0.NON_MATCHING,353252048,112,asm
us,game,1104D0,func_150E3340,353252160,0,asm
us,game,1104D0,func_150E3340.NON_MATCHING,353252160,140,asm
us,game,1104D0,func_150E33CC.NON_MATCHING,353252300,0,asm
us,game,1104D0,func_150E33CC,353252300,72,asm
us,game,1104D0,func_150E3414,353252372,0,asm
us,game,1104D0,func_150E3414.NON_MATCHING,353252372,256,asm
us,game,1104D0,func_150E3514,353252628,0,asm
us,game,1104D0,func_150E3514.NON_MATCHING,353252628,200,asm
us,game,1104D0,func_150E35DC.NON_MATCHING,353252828,0,asm
us,game,1104D0,func_150E35DC,353252828,224,asm
us,game,1104D0,func_150E36BC,353253052,0,asm
us,game,1104D0,func_150E36BC.NON_MATCHING,353253052,124,asm
us,game,1104D0,func_150E3738,353253176,0,asm
us,game,1104D0,func_150E3738.NON_MATCHING,353253176,2264,asm
us,game,1104D0,func_150E4010.NON_MATCHING,353255440,0,asm
us,game,1104D0,func_150E4010,353255440,268,asm
us,game,1104D0,func_150E411C.NON_MATCHING,353255708,0,asm
us,game,1104D0,func_150E411C,353255708,88,asm
us,game,1104D0,func_150E4174.NON_MATCHING,353255796,0,asm
us,game,1104D0,func_150E4174,353255796,76,asm
us,game,111670,func_150E41C0.NON_MATCHING,353255872,0,asm
us,game,111670,func_150E41C0,353255872,312,asm
us,game,111670,func_150E42F8.NON_MATCHING,353256184,0,asm
us,game,111670,func_150E42F8,353256184,540,asm
us,game,111670,func_150E4514,353256724,0,asm
us,game,111670,func_150E4514.NON_MATCHING,353256724,60,asm
us,game,111670,func_150E4550.NON_MATCHING,353256784,0,asm
us,game,111670,func_150E4550,353256784,984,asm
us,game,111670,func_150E4928,353257768,0,asm
us,game,111670,func_150E4928.NON_MATCHING,353257768,916,asm
us,game,111670,func_150E4CBC.NON_MATCHING,353258684,0,asm
us,game,111670,func_150E4CBC,353258684,328,asm
us,game,111670,func_150E4E04.NON_MATCHING,353259012,0,asm
us,game,111670,func_150E4E04,353259012,1876,asm
us,game,111670,func_150E5558.NON_MATCHING,353260888,0,asm
us,game,111670,func_150E5558,353260888,696,asm
us,game,111670,func_150E5810.NON_MATCHING,353261584,0,asm
us,game,111670,func_150E5810,353261584,720,asm
us,game,112F90,func_150E5AE0,353262304,0,asm
us,game,112F90,func_150E5AE0.NON_MATCHING,353262304,1264,asm
us,game,113480,func_150E5FD0,353263568,0,asm
us,game,113480,func_150E5FD0.NON_MATCHING,353263568,608,asm
us,game,113480,func_150E6230,353264176,0,asm
us,game,113480,func_150E6230.NON_MATCHING,353264176,368,asm
us,game,113480,func_150E63A0,353264544,0,asm
us,game,113480,func_150E63A0.NON_MATCHING,353264544,1020,asm
us,game,113480,func_150E679C,353265564,0,asm
us,game,113480,func_150E679C.NON_MATCHING,353265564,52,asm
us,game,113480,func_150E67D0.NON_MATCHING,353265616,0,asm
us,game,113480,func_150E67D0,353265616,224,asm
us,game,113D60,func_150E68B0.NON_MATCHING,353265840,0,asm
us,game,113D60,func_150E68B0,353265840,724,asm
us,game,113D60,func_150E6B84,353266564,0,asm
us,game,113D60,func_150E6B84.NON_MATCHING,353266564,688,asm
us,game,113D60,func_150E6E34,353267252,0,asm
us,game,113D60,func_150E6E34.NON_MATCHING,353267252,164,asm
us,game,113D60,func_150E6ED8,353267416,0,asm
us,game,113D60,func_150E6ED8.NON_MATCHING,353267416,64,asm
us,game,113D60,func_150E6F18.NON_MATCHING,353267480,0,asm
us,game,113D60,func_150E6F18,353267480,148,asm
us,game,113D60,func_150E6FAC.NON_MATCHING,353267628,0,asm
us,game,113D60,func_150E6FAC,353267628,288,asm
us,game,113D60,func_150E70CC,353267916,0,asm
us,game,113D60,func_150E70CC.NON_MATCHING,353267916,32,asm
us,game,113D60,func_150E70EC,353267948,0,asm
us,game,113D60,func_150E70EC.NON_MATCHING,353267948,248,asm
us,game,113D60,func_150E71E4,353268196,0,asm
us,game,113D60,func_150E71E4.NON_MATCHING,353268196,172,asm
us,game,113D60,func_150E7290,353268368,0,asm
us,game,113D60,func_150E7290.NON_MATCHING,353268368,784,asm
us,game,113D60,func_150E75A0,353269152,0,asm
us,game,113D60,func_150E75A0.NON_MATCHING,353269152,304,asm
us,game,113D60,func_150E76D0.NON_MATCHING,353269456,0,asm
us,game,113D60,func_150E76D0,353269456,708,asm
us,game,113D60,func_150E7994.NON_MATCHING,353270164,0,asm
us,game,113D60,func_150E7994,353270164,776,asm
us,game,113D60,func_150E7C9C.NON_MATCHING,353270940,0,asm
us,game,113D60,func_150E7C9C,353270940,848,asm
us,game,113D60,func_150E7FEC,353271788,0,asm
us,game,113D60,func_150E7FEC.NON_MATCHING,353271788,444,asm
us,game,113D60,func_150E81A8,353272232,0,asm
us,game,113D60,func_150E81A8.NON_MATCHING,353272232,516,asm
us,game,113D60,func_150E83AC,353272748,0,asm
us,game,113D60,func_150E83AC.NON_MATCHING,353272748,196,asm
us,game,113D60,func_150E8470.NON_MATCHING,353272944,0,asm
us,game,113D60,func_150E8470,353272944,948,asm
us,game,113D60,func_150E8824,353273892,0,asm
us,game,113D60,func_150E8824.NON_MATCHING,353273892,48,asm
us,game,113D60,func_150E8854,353273940,0,asm
us,game,113D60,func_150E8854.NON_MATCHING,353273940,108,asm
us,game,113D60,func_150E88C0,353274048,0,asm
us,game,113D60,func_150E88C0.NON_MATCHING,353274048,112,asm
us,game,113D60,func_150E8930.NON_MATCHING,353274160,0,asm
us,game,113D60,func_150E8930,353274160,336,asm
us,game,113D60,func_150E8A80.NON_MATCHING,353274496,0,asm
us,game,113D60,func_150E8A80,353274496,156,asm
us,game,113D60,func_150E8B1C,353274652,0,asm
us,game,113D60,func_150E8B1C.NON_MATCHING,353274652,576,asm
us,game,113D60,func_150E8D5C,353275228,0,asm
us,game,113D60,func_150E8D5C.NON_MATCHING,353275228,896,asm
us,game,113D60,func_150E90DC.NON_MATCHING,353276124,0,asm
us,game,113D60,func_150E90DC,353276124,156,asm
us,game,113D60,func_150E9178,353276280,0,asm
us,game,113D60,func_150E9178.NON_MATCHING,353276280,612,asm
us,game,113D60,func_150E93DC,353276892,0,asm
us,game,113D60,func_150E93DC.NON_MATCHING,353276892,832,asm
us,game,113D60,func_150E971C,353277724,0,asm
us,game,113D60,func_150E971C.NON_MATCHING,353277724,372,asm
us,game,116D40,func_150E9890.NON_MATCHING,353278096,0,asm
us,game,116D40,func_150E9890,353278096,1444,asm
us,game,116D40,func_150E9E34.NON_MATCHING,353279540,0,asm
us,game,116D40,func_150E9E34,353279540,428,asm
us,game,117490,func_150E9FE0.NON_MATCHING,353279968,0,asm
us,game,117490,func_150E9FE0,353279968,300,asm
us,game,117490,func_150EA10C,353280268,0,asm
us,game,117490,func_150EA10C.NON_MATCHING,353280268,16,asm
us,game,117490,func_150EA11C,353280284,0,asm
us,game,117490,func_150EA11C.NON_MATCHING,353280284,884,asm
us,game,117490,func_150EA490,353281168,0,asm
us,game,117490,func_150EA490.NON_MATCHING,353281168,112,asm
us,game,117490,func_150EA500,353281280,0,asm
us,game,117490,func_150EA500.NON_MATCHING,353281280,204,asm
us,game,117490,func_150EA5CC,353281484,0,asm
us,game,117490,func_150EA5CC.NON_MATCHING,353281484,788,asm
us,game,117490,func_150EA8E0,353282272,0,asm
us,game,117490,func_150EA8E0.NON_MATCHING,353282272,36,asm
us,game,117490,func_150EA904,353282308,0,asm
us,game,117490,func_150EA904.NON_MATCHING,353282308,64,asm
us,game,117490,func_150EA944,353282372,0,asm
us,game,117490,func_150EA944.NON_MATCHING,353282372,460,asm
us,game,117490,func_150EAB10,353282832,0,asm
us,game,117490,func_150EAB10.NON_MATCHING,353282832,788,asm
us,game,117490,func_150EAE24.NON_MATCHING,353283620,0,asm
us,game,117490,func_150EAE24,353283620,300,asm
us,game,118400,func_150EAF50.NON_MATCHING,353283920,0,asm
us,game,118400,func_150EAF50,353283920,224,asm
us,game,118400,func_150EB030.NON_MATCHING,353284144,0,asm
us,game,118400,func_150EB030,353284144,96,asm
us,game,118400,func_150EB090.NON_MATCHING,353284240,0,asm
us,game,118400,func_150EB090,353284240,304,asm
us,game,118670,func_150EB1C0.NON_MATCHING,353284544,0,asm
us,game,118670,func_150EB1C0,353284544,624,asm
us,game,1188E0,func_150EB430.NON_MATCHING,353285168,0,asm
us,game,1188E0,func_150EB430,353285168,84,asm
us,game,1188E0,func_150EB484,353285252,0,asm
us,game,1188E0,func_150EB484.NON_MATCHING,353285252,400,asm
us,game,1188E0,func_150EB614.NON_MATCHING,353285652,0,asm
us,game,1188E0,func_150EB614,353285652,688,asm
us,game,1188E0,func_150EB8C4,353286340,0,asm
us,game,1188E0,func_150EB8C4.NON_MATCHING,353286340,956,asm
us,game,1188E0,func_150EBC80.NON_MATCHING,353287296,0,asm
us,game,1188E0,func_150EBC80,353287296,576,asm
us,game,119370,func_150EBEC0.NON_MATCHING,353287872,0,asm
us,game,119370,func_150EBEC0,353287872,1300,asm
us,game,119370,func_150EC3D4,353289172,0,asm
us,game,119370,func_150EC3D4.NON_MATCHING,353289172,136,asm
us,game,119370,func_150EC45C.NON_MATCHING,353289308,0,asm
us,game,119370,func_150EC45C,353289308,84,asm
us,game,game_119960,func_150EC4B0,353289392,112,c
us,game,1199D0,func_150EC520,353289504,0,asm
us,game,1199D0,func_150EC520.NON_MATCHING,353289504,400,asm
us,game,1199D0,func_150EC6B0.NON_MATCHING,353289904,0,asm
us,game,1199D0,func_150EC6B0,353289904,952,asm
us,game,1199D0,func_150ECA68.NON_MATCHING,353290856,0,asm
us,game,1199D0,func_150ECA68,353290856,228,asm
us,game,1199D0,func_150ECB4C,353291084,0,asm
us,game,1199D0,func_150ECB4C.NON_MATCHING,353291084,64,asm
us,game,1199D0,func_150ECB8C,353291148,0,asm
us,game,1199D0,func_150ECB8C.NON_MATCHING,353291148,116,asm
us,game,1199D0,func_150ECC00.NON_MATCHING,353291264,0,asm
us,game,1199D0,func_150ECC00,353291264,112,asm
us,game,1199D0,func_150ECC70.NON_MATCHING,353291376,0,asm
us,game,1199D0,func_150ECC70,353291376,1376,asm
us,game,11A680,func_150ED1D0.NON_MATCHING,353292752,0,asm
us,game,11A680,func_150ED1D0,353292752,100,asm
us,game,11A680,func_150ED234,353292852,0,asm
us,game,11A680,func_150ED234.NON_MATCHING,353292852,100,asm
us,game,11A680,func_150ED298,353292952,0,asm
us,game,11A680,func_150ED298.NON_MATCHING,353292952,736,asm
us,game,11A680,func_150ED578,353293688,0,asm
us,game,11A680,func_150ED578.NON_MATCHING,353293688,192,asm
us,game,11A680,func_150ED638,353293880,0,asm
us,game,11A680,func_150ED638.NON_MATCHING,353293880,272,asm
us,game,11A680,func_150ED748.NON_MATCHING,353294152,0,asm
us,game,11A680,func_150ED748,353294152,5436,asm
us,game,11A680,func_150EEC84,353299588,0,asm
us,game,11A680,func_150EEC84.NON_MATCHING,353299588,292,asm
us,game,11A680,func_150EEDA8.NON_MATCHING,353299880,0,asm
us,game,11A680,func_150EEDA8,353299880,88,asm
us,game,11C2B0,func_150EEE00.NON_MATCHING,353299968,0,asm
us,game,11C2B0,func_150EEE00,353299968,320,asm
us,game,11C2B0,func_150EEF40.NON_MATCHING,353300288,0,asm
us,game,11C2B0,func_150EEF40,353300288,64,asm
us,game,11C2B0,func_150EEF80.NON_MATCHING,353300352,0,asm
us,game,11C2B0,func_150EEF80,353300352,1036,asm
us,game,11C2B0,func_150EF38C,353301388,0,asm
us,game,11C2B0,func_150EF38C.NON_MATCHING,353301388,1016,asm
us,game,11C2B0,func_150EF784,353302404,0,asm
us,game,11C2B0,func_150EF784.NON_MATCHING,353302404,44,asm
us,game,11C2B0,func_150EF7B0.NON_MATCHING,353302448,0,asm
us,game,11C2B0,func_150EF7B0,353302448,176,asm
us,game,11C2B0,func_150EF860.NON_MATCHING,353302624,0,asm
us,game,11C2B0,func_150EF860,353302624,176,asm
us,game,11C2B0,func_150EF910,353302800,0,asm
us,game,11C2B0,func_150EF910.NON_MATCHING,353302800,316,asm
us,game,11C2B0,func_150EFA4C,353303116,0,asm
us,game,11C2B0,func_150EFA4C.NON_MATCHING,353303116,308,asm
us,game,11C2B0,func_150EFB80.NON_MATCHING,353303424,0,asm
us,game,11C2B0,func_150EFB80,353303424,840,asm
us,game,11C2B0,func_150EFEC8,353304264,0,asm
us,game,11C2B0,func_150EFEC8.NON_MATCHING,353304264,548,asm
us,game,11C2B0,func_150F00EC,353304812,0,asm
us,game,11C2B0,func_150F00EC.NON_MATCHING,353304812,172,asm
us,game,11C2B0,func_150F0198,353304984,0,asm
us,game,11C2B0,func_150F0198.NON_MATCHING,353304984,200,asm
us,game,11C2B0,func_150F0260.NON_MATCHING,353305184,0,asm
us,game,11C2B0,func_150F0260,353305184,32,asm
us,game,11C2B0,func_150F0280,353305216,0,asm
us,game,11C2B0,func_150F0280.NON_MATCHING,353305216,32,asm
us,game,11C2B0,func_150F02A0.NON_MATCHING,353305248,0,asm
us,game,11C2B0,func_150F02A0,353305248,32,asm
us,game,11C2B0,func_150F02C0.NON_MATCHING,353305280,0,asm
us,game,11C2B0,func_150F02C0,353305280,44,asm
us,game,11C2B0,func_150F02EC,353305324,0,asm
us,game,11C2B0,func_150F02EC.NON_MATCHING,353305324,44,asm
us,game,11C2B0,func_150F0318,353305368,0,asm
us,game,11C2B0,func_150F0318.NON_MATCHING,353305368,16,asm
us,game,11C2B0,func_150F0328.NON_MATCHING,353305384,0,asm
us,game,11C2B0,func_150F0328,353305384,44,asm
us,game,11C2B0,func_150F0354.NON_MATCHING,353305428,0,asm
us,game,11C2B0,func_150F0354,353305428,44,asm
us,game,11C2B0,func_150F0380.NON_MATCHING,353305472,0,asm
us,game,11C2B0,func_150F0380,353305472,16,asm
us,game,11C2B0,func_150F0390.NON_MATCHING,353305488,0,asm
us,game,11C2B0,func_150F0390,353305488,44,asm
us,game,11C2B0,func_150F03BC,353305532,0,asm
us,game,11C2B0,func_150F03BC.NON_MATCHING,353305532,44,asm
us,game,11C2B0,func_150F03E8.NON_MATCHING,353305576,0,asm
us,game,11C2B0,func_150F03E8,353305576,16,asm
us,game,11C2B0,func_150F03F8,353305592,0,asm
us,game,11C2B0,func_150F03F8.NON_MATCHING,353305592,1004,asm
us,game,11C2B0,func_150F07E4,353306596,0,asm
us,game,11C2B0,func_150F07E4.NON_MATCHING,353306596,168,asm
us,game,11C2B0,func_150F088C,353306764,0,asm
us,game,11C2B0,func_150F088C.NON_MATCHING,353306764,172,asm
us,game,11C2B0,func_150F0938,353306936,0,asm
us,game,11C2B0,func_150F0938.NON_MATCHING,353306936,236,asm
us,game,11C2B0,func_150F0A24.NON_MATCHING,353307172,0,asm
us,game,11C2B0,func_150F0A24,353307172,456,asm
us,game,11C2B0,func_150F0BEC.NON_MATCHING,353307628,0,asm
us,game,11C2B0,func_150F0BEC,353307628,604,asm
us,game,11C2B0,func_150F0E48,353308232,0,asm
us,game,11C2B0,func_150F0E48.NON_MATCHING,353308232,472,asm
us,game,11C2B0,func_150F1020,353308704,0,asm
us,game,11C2B0,func_150F1020.NON_MATCHING,353308704,180,asm
us,game,11C2B0,func_150F10D4.NON_MATCHING,353308884,0,asm
us,game,11C2B0,func_150F10D4,353308884,156,asm
us,game,11C2B0,func_150F1170,353309040,0,asm
us,game,11C2B0,func_150F1170.NON_MATCHING,353309040,1160,asm
us,game,11C2B0,func_150F15F8,353310200,0,asm
us,game,11C2B0,func_150F15F8.NON_MATCHING,353310200,140,asm
us,game,11C2B0,func_150F1684.NON_MATCHING,353310340,0,asm
us,game,11C2B0,func_150F1684,353310340,88,asm
us,game,11C2B0,func_150F16DC,353310428,0,asm
us,game,11C2B0,func_150F16DC.NON_MATCHING,353310428,804,asm
us,game,11C2B0,func_150F1A00.NON_MATCHING,353311232,0,asm
us,game,11C2B0,func_150F1A00,353311232,328,asm
us,game,11C2B0,func_150F1B48,353311560,0,asm
us,game,11C2B0,func_150F1B48.NON_MATCHING,353311560,360,asm
us,game,11C2B0,func_150F1CB0,353311920,0,asm
us,game,11C2B0,func_150F1CB0.NON_MATCHING,353311920,96,asm
us,game,11C2B0,func_150F1D10.NON_MATCHING,353312016,0,asm
us,game,11C2B0,func_150F1D10,353312016,992,asm
us,game,11C2B0,func_150F20F0.NON_MATCHING,353313008,0,asm
us,game,11C2B0,func_150F20F0,353313008,320,asm
us,game,11C2B0,func_150F2230.NON_MATCHING,353313328,0,asm
us,game,11C2B0,func_150F2230,353313328,160,asm
us,game,11F780,func_150F22D0.NON_MATCHING,353313488,0,asm
us,game,11F780,func_150F22D0,353313488,64,asm
us,game,11F780,.L150F2310,353313552,8,asm
us,game,11F780,.L150F2318,353313560,8,asm
us,game,11F780,.L150F2320,353313568,8,asm
us,game,11F780,.L150F2328,353313576,8,asm
us,game,11F780,.L150F2330,353313584,8,asm
us,game,11F780,.L150F2338,353313592,68,asm
us,game,11F780,func_150F237C.NON_MATCHING,353313660,0,asm
us,game,11F780,func_150F237C,353313660,20,asm
us,game,11F780,func_150F2390,353313680,0,asm
us,game,11F780,func_150F2390.NON_MATCHING,353313680,80,asm
us,game,11F780,func_150F23E0.NON_MATCHING,353313760,0,asm
us,game,11F780,func_150F23E0,353313760,160,asm
us,game,11F780,func_150F2480.NON_MATCHING,353313920,0,asm
us,game,11F780,func_150F2480,353313920,152,asm
us,game,11F780,func_150F2518.NON_MATCHING,353314072,0,asm
us,game,11F780,func_150F2518,353314072,136,asm
us,game,11F780,func_150F25A0.NON_MATCHING,353314208,0,asm
us,game,11F780,func_150F25A0,353314208,256,asm
us,game,11F780,func_150F26A0.NON_MATCHING,353314464,0,asm
us,game,11F780,func_150F26A0,353314464,756,asm
us,game,11F780,func_150F2994,353315220,0,asm
us,game,11F780,func_150F2994.NON_MATCHING,353315220,204,asm
us,game,11FF10,func_150F2A60,353315424,0,asm
us,game,11FF10,func_150F2A60.NON_MATCHING,353315424,556,asm
us,game,11FF10,func_150F2C8C.NON_MATCHING,353315980,0,asm
us,game,11FF10,func_150F2C8C,353315980,136,asm
us,game,11FF10,func_150F2D14.NON_MATCHING,353316116,0,asm
us,game,11FF10,func_150F2D14,353316116,1152,asm
us,game,11FF10,func_150F3194,353317268,0,asm
us,game,11FF10,func_150F3194.NON_MATCHING,353317268,64,asm
us,game,11FF10,func_150F31D4.NON_MATCHING,353317332,0,asm
us,game,11FF10,func_150F31D4,353317332,64,asm
us,game,11FF10,func_150F3214,353317396,0,asm
us,game,11FF10,func_150F3214.NON_MATCHING,353317396,360,asm
us,game,11FF10,func_150F337C,353317756,0,asm
us,game,11FF10,func_150F337C.NON_MATCHING,353317756,52,asm
us,game,11FF10,func_150F33B0.NON_MATCHING,353317808,0,asm
us,game,11FF10,func_150F33B0,353317808,72,asm
us,game,11FF10,func_150F33F8.NON_MATCHING,353317880,0,asm
us,game,11FF10,func_150F33F8,353317880,168,asm
us,game,11FF10,func_150F34A0.NON_MATCHING,353318048,0,asm
us,game,11FF10,func_150F34A0,353318048,84,asm
us,game,11FF10,func_150F34F4.NON_MATCHING,353318132,0,asm
us,game,11FF10,func_150F34F4,353318132,3836,asm
us,game,11FF10,func_150F43F0.NON_MATCHING,353321968,0,asm
us,game,11FF10,func_150F43F0,353321968,384,asm
us,game,121A20,func_150F4570.NON_MATCHING,353322352,0,asm
us,game,121A20,func_150F4570,353322352,864,asm
us,game,121A20,func_150F48D0,353323216,0,asm
us,game,121A20,func_150F48D0.NON_MATCHING,353323216,360,asm
us,game,121A20,func_150F4A38.NON_MATCHING,353323576,0,asm
us,game,121A20,func_150F4A38,353323576,708,asm
us,game,121A20,func_150F4CFC,353324284,0,asm
us,game,121A20,func_150F4CFC.NON_MATCHING,353324284,96,asm
us,game,121A20,func_150F4D5C,353324380,0,asm
us,game,121A20,func_150F4D5C.NON_MATCHING,353324380,144,asm
us,game,121A20,func_150F4DEC.NON_MATCHING,353324524,0,asm
us,game,121A20,func_150F4DEC,353324524,948,asm
us,game,game_122650,func_150F51A0,353325472,28,c
us,game,game_122650,func_150F51BC,353325500,44,c
us,game,game_122650,func_150F51E8,353325544,200,c
us,game,122760,func_150F52B0,353325744,0,asm
us,game,122760,func_150F52B0.NON_MATCHING,353325744,96,asm
us,game,122760,func_150F5310,353325840,0,asm
us,game,122760,func_150F5310.NON_MATCHING,353325840,48,asm
us,game,1227F0,func_150F5340,353325888,0,asm
us,game,1227F0,func_150F5340.NON_MATCHING,353325888,224,asm
us,game,1228D0,func_150F5420,353326112,0,asm
us,game,1228D0,func_150F5420.NON_MATCHING,353326112,368,asm
us,game,1228D0,func_150F5590,353326480,0,asm
us,game,1228D0,func_150F5590.NON_MATCHING,353326480,56,asm
us,game,1228D0,func_150F55C8.NON_MATCHING,353326536,0,asm
us,game,1228D0,func_150F55C8,353326536,196,asm
us,game,1228D0,func_150F568C,353326732,0,asm
us,game,1228D0,func_150F568C.NON_MATCHING,353326732,36,asm
us,game,1228D0,func_150F56B0.NON_MATCHING,353326768,0,asm
us,game,1228D0,func_150F56B0,353326768,932,asm
us,game,1228D0,func_150F5A54.NON_MATCHING,353327700,0,asm
us,game,1228D0,func_150F5A54,353327700,436,asm
us,game,1228D0,func_150F5C08,353328136,0,asm
us,game,1228D0,func_150F5C08.NON_MATCHING,353328136,144,asm
us,game,1228D0,func_150F5C98.NON_MATCHING,353328280,0,asm
us,game,1228D0,func_150F5C98,353328280,1184,asm
us,game,1228D0,func_150F6138,353329464,0,asm
us,game,1228D0,func_150F6138.NON_MATCHING,353329464,64,asm
us,game,1228D0,func_150F6178.NON_MATCHING,353329528,0,asm
us,game,1228D0,func_150F6178,353329528,420,asm
us,game,1228D0,func_150F631C.NON_MATCHING,353329948,0,asm
us,game,1228D0,func_150F631C,353329948,76,asm
us,game,1228D0,func_150F6368.NON_MATCHING,353330024,0,asm
us,game,1228D0,func_150F6368,353330024,44,asm
us,game,1228D0,func_150F6394,353330068,0,asm
us,game,1228D0,func_150F6394.NON_MATCHING,353330068,44,asm
us,game,1228D0,func_150F63C0.NON_MATCHING,353330112,0,asm
us,game,1228D0,func_150F63C0,353330112,64,asm
us,game,1228D0,func_150F6400,353330176,0,asm
us,game,1228D0,func_150F6400.NON_MATCHING,353330176,32,asm
us,game,1228D0,func_150F6420,353330208,0,asm
us,game,1228D0,func_150F6420.NON_MATCHING,353330208,44,asm
us,game,1228D0,func_150F644C.NON_MATCHING,353330252,0,asm
us,game,1228D0,func_150F644C,353330252,44,asm
us,game,1228D0,func_150F6478,353330296,0,asm
us,game,1228D0,func_150F6478.NON_MATCHING,353330296,12,asm
us,game,1228D0,func_150F6484.NON_MATCHING,353330308,0,asm
us,game,1228D0,func_150F6484,353330308,44,asm
us,game,1228D0,func_150F64B0,353330352,0,asm
us,game,1228D0,func_150F64B0.NON_MATCHING,353330352,44,asm
us,game,1228D0,func_150F64DC,353330396,0,asm
us,game,1228D0,func_150F64DC.NON_MATCHING,353330396,884,asm
us,game,1228D0,func_150F6850,353331280,0,asm
us,game,1228D0,func_150F6850.NON_MATCHING,353331280,64,asm
us,game,1228D0,func_150F6890.NON_MATCHING,353331344,0,asm
us,game,1228D0,func_150F6890,353331344,204,asm
us,game,1228D0,func_150F695C.NON_MATCHING,353331548,0,asm
us,game,1228D0,func_150F695C,353331548,420,asm
us,game,game_123FB0,func_150F6B00,353331968,0,asm
us,game,game_123FB0,func_150F6B00.NON_MATCHING,353331968,688,c
us,game,124260,func_150F6DB0,353332656,0,asm
us,game,124260,func_150F6DB0.NON_MATCHING,353332656,52,asm
us,game,124260,func_150F6DE4.NON_MATCHING,353332708,0,asm
us,game,124260,func_150F6DE4,353332708,648,asm
us,game,124260,func_150F706C,353333356,0,asm
us,game,124260,func_150F706C.NON_MATCHING,353333356,676,asm
us,game,124260,func_150F7310.NON_MATCHING,353334032,0,asm
us,game,124260,func_150F7310,353334032,140,asm
us,game,124260,func_150F739C,353334172,0,asm
us,game,124260,func_150F739C.NON_MATCHING,353334172,112,asm
us,game,124260,func_150F740C.NON_MATCHING,353334284,0,asm
us,game,124260,func_150F740C,353334284,44,asm
us,game,124260,func_150F7438,353334328,0,asm
us,game,124260,func_150F7438.NON_MATCHING,353334328,56,asm
us,game,124920,func_150F7470.NON_MATCHING,353334384,0,asm
us,game,124920,func_150F7470,353334384,1092,asm
us,game,124920,func_150F78B4.NON_MATCHING,353335476,0,asm
us,game,124920,func_150F78B4,353335476,1388,asm
us,game,124920,func_150F7E20,353336864,0,asm
us,game,124920,func_150F7E20.NON_MATCHING,353336864,312,asm
us,game,124920,func_150F7F58,353337176,0,asm
us,game,124920,func_150F7F58.NON_MATCHING,353337176,52,asm
us,game,124920,func_150F7F8C,353337228,0,asm
us,game,124920,func_150F7F8C.NON_MATCHING,353337228,160,asm
us,game,124920,func_150F802C,353337388,0,asm
us,game,124920,func_150F802C.NON_MATCHING,353337388,400,asm
us,game,124920,func_150F81BC,353337788,0,asm
us,game,124920,func_150F81BC.NON_MATCHING,353337788,996,asm
us,game,124920,func_150F85A0.NON_MATCHING,353338784,0,asm
us,game,124920,func_150F85A0,353338784,684,asm
us,game,124920,func_150F884C.NON_MATCHING,353339468,0,asm
us,game,124920,func_150F884C,353339468,48,asm
us,game,124920,func_150F887C.NON_MATCHING,353339516,0,asm
us,game,124920,func_150F887C,353339516,176,asm
us,game,124920,func_150F892C,353339692,0,asm
us,game,124920,func_150F892C.NON_MATCHING,353339692,3572,asm
us,game,124920,func_150F9720.NON_MATCHING,353343264,0,asm
us,game,124920,func_150F9720,353343264,104,asm
us,game,124920,func_150F9788,353343368,0,asm
us,game,124920,func_150F9788.NON_MATCHING,353343368,12,asm
us,game,124920,func_150F9794,353343380,0,asm
us,game,124920,func_150F9794.NON_MATCHING,353343380,44,asm
us,game,124920,func_150F97C0,353343424,0,asm
us,game,124920,func_150F97C0.NON_MATCHING,353343424,44,asm
us,game,124920,func_150F97EC,353343468,0,asm
us,game,124920,func_150F97EC.NON_MATCHING,353343468,356,asm
us,game,124920,func_150F9950,353343824,0,asm
us,game,124920,func_150F9950.NON_MATCHING,353343824,208,asm
us,game,126ED0,func_150F9A20.NON_MATCHING,353344032,0,asm
us,game,126ED0,func_150F9A20,353344032,144,asm
us,game,126F60,func_150F9AB0.NON_MATCHING,353344176,0,asm
us,game,126F60,func_150F9AB0,353344176,256,asm
us,game,126F60,func_150F9BB0,353344432,0,asm
us,game,126F60,func_150F9BB0.NON_MATCHING,353344432,1544,asm
us,game,126F60,func_150FA1B8,353345976,0,asm
us,game,126F60,func_150FA1B8.NON_MATCHING,353345976,688,asm
us,game,126F60,func_150FA468.NON_MATCHING,353346664,0,asm
us,game,126F60,func_150FA468,353346664,184,asm
us,game,126F60,func_150FA520,353346848,0,asm
us,game,126F60,func_150FA520.NON_MATCHING,353346848,1312,asm
us,game,126F60,func_150FAA40,353348160,0,asm
us,game,126F60,func_150FAA40.NON_MATCHING,353348160,172,asm
us,game,126F60,func_150FAAEC,353348332,0,asm
us,game,126F60,func_150FAAEC.NON_MATCHING,353348332,504,asm
us,game,126F60,func_150FACE4,353348836,0,asm
us,game,126F60,func_150FACE4.NON_MATCHING,353348836,68,asm
us,game,126F60,func_150FAD28.NON_MATCHING,353348904,0,asm
us,game,126F60,func_150FAD28,353348904,80,asm
us,game,126F60,func_150FAD78.NON_MATCHING,353348984,0,asm
us,game,126F60,func_150FAD78,353348984,80,asm
us,game,126F60,func_150FADC8.NON_MATCHING,353349064,0,asm
us,game,126F60,func_150FADC8,353349064,80,asm
us,game,126F60,func_150FAE18,353349144,0,asm
us,game,126F60,func_150FAE18.NON_MATCHING,353349144,880,asm
us,game,126F60,func_150FB188.NON_MATCHING,353350024,0,asm
us,game,126F60,func_150FB188,353350024,96,asm
us,game,126F60,func_150FB1E8,353350120,0,asm
us,game,126F60,func_150FB1E8.NON_MATCHING,353350120,88,asm
us,game,126F60,func_150FB240,353350208,0,asm
us,game,126F60,func_150FB240.NON_MATCHING,353350208,92,asm
us,game,126F60,func_150FB29C.NON_MATCHING,353350300,0,asm
us,game,126F60,func_150FB29C,353350300,68,asm
us,game,126F60,func_150FB2E0,353350368,0,asm
us,game,126F60,func_150FB2E0.NON_MATCHING,353350368,68,asm
us,game,126F60,func_150FB324.NON_MATCHING,353350436,0,asm
us,game,126F60,func_150FB324,353350436,412,asm
us,game,128970,func_150FB4C0,353350848,0,asm
us,game,128970,func_150FB4C0.NON_MATCHING,353350848,1024,asm
us,game,128D70,func_150FB8C0,353351872,0,asm
us,game,128D70,func_150FB8C0.NON_MATCHING,353351872,2728,asm
us,game,128D70,func_150FC368.NON_MATCHING,353354600,0,asm
us,game,128D70,func_150FC368,353354600,208,asm
us,game,128D70,func_150FC438,353354808,0,asm
us,game,128D70,func_150FC438.NON_MATCHING,353354808,476,asm
us,game,128D70,func_150FC614,353355284,0,asm
us,game,128D70,func_150FC614.NON_MATCHING,353355284,516,asm
us,game,128D70,func_150FC818,353355800,0,asm
us,game,128D70,func_150FC818.NON_MATCHING,353355800,280,asm
us,game,128D70,func_150FC930,353356080,0,asm
us,game,128D70,func_150FC930.NON_MATCHING,353356080,68,asm
us,game,128D70,func_150FC974,353356148,0,asm
us,game,128D70,func_150FC974.NON_MATCHING,353356148,48,asm
us,game,128D70,func_150FC9A4.NON_MATCHING,353356196,0,asm
us,game,128D70,func_150FC9A4,353356196,44,asm
us,game,128D70,func_150FC9D0,353356240,0,asm
us,game,128D70,func_150FC9D0.NON_MATCHING,353356240,48,asm
us,game,game_129EB0,func_150FCA00,353356288,48,c
us,game,129EE0,func_150FCA30.NON_MATCHING,353356336,0,asm
us,game,129EE0,func_150FCA30,353356336,400,asm
us,game,129EE0,func_150FCBC0,353356736,0,asm
us,game,129EE0,func_150FCBC0.NON_MATCHING,353356736,860,asm
us,game,129EE0,func_150FCF1C.NON_MATCHING,353357596,0,asm
us,game,129EE0,func_150FCF1C,353357596,148,asm
us,game,129EE0,func_150FCFB0,353357744,0,asm
us,game,129EE0,func_150FCFB0.NON_MATCHING,353357744,36,asm
us,game,129EE0,func_150FCFD4,353357780,0,asm
us,game,129EE0,func_150FCFD4.NON_MATCHING,353357780,1344,asm
us,game,129EE0,func_150FD514.NON_MATCHING,353359124,0,asm
us,game,129EE0,func_150FD514,353359124,1528,asm
us,game,129EE0,func_150FDB0C,353360652,0,asm
us,game,129EE0,func_150FDB0C.NON_MATCHING,353360652,148,asm
us,game,129EE0,func_150FDBA0.NON_MATCHING,353360800,0,asm
us,game,129EE0,func_150FDBA0,353360800,140,asm
us,game,129EE0,func_150FDC2C,353360940,0,asm
us,game,129EE0,func_150FDC2C.NON_MATCHING,353360940,128,asm
us,game,129EE0,func_150FDCAC.NON_MATCHING,353361068,0,asm
us,game,129EE0,func_150FDCAC,353361068,44,asm
us,game,129EE0,func_150FDCD8.NON_MATCHING,353361112,0,asm
us,game,129EE0,func_150FDCD8,353361112,56,asm
us,game,12B1C0,func_150FDD10,353361168,0,asm
us,game,12B1C0,func_150FDD10.NON_MATCHING,353361168,144,asm
us,game,12B250,func_150FDDA0.NON_MATCHING,353361312,0,asm
us,game,12B250,func_150FDDA0,353361312,408,asm
us,game,12B250,func_150FDF38.NON_MATCHING,353361720,0,asm
us,game,12B250,func_150FDF38,353361720,384,asm
us,game,12B250,func_150FE0B8,353362104,0,asm
us,game,12B250,func_150FE0B8.NON_MATCHING,353362104,400,asm
us,game,12B250,func_150FE248.NON_MATCHING,353362504,0,asm
us,game,12B250,func_150FE248,353362504,64,asm
us,game,12B250,func_150FE288,353362568,0,asm
us,game,12B250,func_150FE288.NON_MATCHING,353362568,152,asm
us,game,12B7D0,func_150FE320.NON_MATCHING,353362720,0,asm
us,game,12B7D0,func_150FE320,353362720,380,asm
us,game,12B7D0,func_150FE49C,353363100,0,asm
us,game,12B7D0,func_150FE49C.NON_MATCHING,353363100,360,asm
us,game,12B7D0,func_150FE604,353363460,0,asm
us,game,12B7D0,func_150FE604.NON_MATCHING,353363460,400,asm
us,game,12B7D0,func_150FE794,353363860,0,asm
us,game,12B7D0,func_150FE794.NON_MATCHING,353363860,64,asm
us,game,12B7D0,func_150FE7D4,353363924,0,asm
us,game,12B7D0,func_150FE7D4.NON_MATCHING,353363924,140,asm
us,game,12BD10,func_150FE860.NON_MATCHING,353364064,0,asm
us,game,12BD10,func_150FE860,353364064,872,asm
us,game,12BD10,func_150FEBC8.NON_MATCHING,353364936,0,asm
us,game,12BD10,func_150FEBC8,353364936,96,asm
us,game,12BD10,func_150FEC28,353365032,0,asm
us,game,12BD10,func_150FEC28.NON_MATCHING,353365032,264,asm
us,game,12C1E0,func_150FED30,353365296,0,asm
us,game,12C1E0,func_150FED30.NON_MATCHING,353365296,672,asm
us,game,12C1E0,func_150FEFD0.NON_MATCHING,353365968,0,asm
us,game,12C1E0,func_150FEFD0,353365968,180,asm
us,game,12C1E0,func_150FF084.NON_MATCHING,353366148,0,asm
us,game,12C1E0,func_150FF084,353366148,516,asm
us,game,12C1E0,func_150FF288,353366664,0,asm
us,game,12C1E0,func_150FF288.NON_MATCHING,353366664,36,asm
us,game,12C1E0,func_150FF2AC,353366700,0,asm
us,game,12C1E0,func_150FF2AC.NON_MATCHING,353366700,40,asm
us,game,12C1E0,func_150FF2D4,353366740,0,asm
us,game,12C1E0,func_150FF2D4.NON_MATCHING,353366740,416,asm
us,game,12C1E0,func_150FF474.NON_MATCHING,353367156,0,asm
us,game,12C1E0,func_150FF474,353367156,576,asm
us,game,12C1E0,func_150FF6B4,353367732,0,asm
us,game,12C1E0,func_150FF6B4.NON_MATCHING,353367732,44,asm
us,game,12C1E0,func_150FF6E0,353367776,0,asm
us,game,12C1E0,func_150FF6E0.NON_MATCHING,353367776,352,asm
us,game,12C1E0,func_150FF840,353368128,0,asm
us,game,12C1E0,func_150FF840.NON_MATCHING,353368128,812,asm
us,game,12C1E0,func_150FFB6C.NON_MATCHING,353368940,0,asm
us,game,12C1E0,func_150FFB6C,353368940,112,asm
us,game,12C1E0,func_150FFBDC,353369052,0,asm
us,game,12C1E0,func_150FFBDC.NON_MATCHING,353369052,96,asm
us,game,12C1E0,func_150FFC3C,353369148,0,asm
us,game,12C1E0,func_150FFC3C.NON_MATCHING,353369148,140,asm
us,game,12C1E0,func_150FFCC8.NON_MATCHING,353369288,0,asm
us,game,12C1E0,func_150FFCC8,353369288,100,asm
us,game,12C1E0,func_150FFD2C.NON_MATCHING,353369388,0,asm
us,game,12C1E0,func_150FFD2C,353369388,88,asm
us,game,12C1E0,func_150FFD84,353369476,0,asm
us,game,12C1E0,func_150FFD84.NON_MATCHING,353369476,1020,asm
us,game,12D630,func_15100180.NON_MATCHING,353370496,0,asm
us,game,12D630,func_15100180,353370496,52,asm
us,game,12D630,func_151001B4,353370548,0,asm
us,game,12D630,func_151001B4.NON_MATCHING,353370548,124,asm
us,game,12D630,func_15100230,353370672,0,asm
us,game,12D630,func_15100230.NON_MATCHING,353370672,140,asm
us,game,12D630,func_151002BC,353370812,0,asm
us,game,12D630,func_151002BC.NON_MATCHING,353370812,116,asm
us,game,game_12D7E0,func_15100330,353370928,16,c
us,game,12D7F0,func_15100340,353370944,0,asm
us,game,12D7F0,func_15100340.NON_MATCHING,353370944,292,asm
us,game,12D7F0,func_15100464.NON_MATCHING,353371236,0,asm
us,game,12D7F0,func_15100464,353371236,412,asm
us,game,12DAB0,func_15100600.NON_MATCHING,353371648,0,asm
us,game,12DAB0,func_15100600,353371648,2704,asm
us,game,12DAB0,func_15101090.NON_MATCHING,353374352,0,asm
us,game,12DAB0,func_15101090,353374352,184,asm
us,game,12DAB0,func_15101148.NON_MATCHING,353374536,0,asm
us,game,12DAB0,func_15101148,353374536,160,asm
us,game,12DAB0,func_151011E8,353374696,0,asm
us,game,12DAB0,func_151011E8.NON_MATCHING,353374696,40,asm
us,game,12DAB0,func_15101210.NON_MATCHING,353374736,0,asm
us,game,12DAB0,func_15101210,353374736,40,asm
us,game,12DAB0,func_15101238,353374776,0,asm
us,game,12DAB0,func_15101238.NON_MATCHING,353374776,40,asm
us,game,12DAB0,func_15101260.NON_MATCHING,353374816,0,asm
us,game,12DAB0,func_15101260,353374816,40,asm
us,game,12DAB0,func_15101288,353374856,0,asm
us,game,12DAB0,func_15101288.NON_MATCHING,353374856,40,asm
us,game,12DAB0,func_151012B0,353374896,0,asm
us,game,12DAB0,func_151012B0.NON_MATCHING,353374896,40,asm
us,game,12DAB0,func_151012D8,353374936,0,asm
us,game,12DAB0,func_151012D8.NON_MATCHING,353374936,40,asm
us,game,12DAB0,func_15101300,353374976,0,asm
us,game,12DAB0,func_15101300.NON_MATCHING,353374976,40,asm
us,game,12DAB0,func_15101328,353375016,0,asm
us,game,12DAB0,func_15101328.NON_MATCHING,353375016,40,asm
us,game,12DAB0,func_15101350.NON_MATCHING,353375056,0,asm
us,game,12DAB0,func_15101350,353375056,40,asm
us,game,12DAB0,func_15101378.NON_MATCHING,353375096,0,asm
us,game,12DAB0,func_15101378,353375096,1612,asm
us,game,12DAB0,func_151019C4,353376708,0,asm
us,game,12DAB0,func_151019C4.NON_MATCHING,353376708,1420,asm
us,game,12DAB0,func_15101F50,353378128,0,asm
us,game,12DAB0,func_15101F50.NON_MATCHING,353378128,860,asm
us,game,12DAB0,func_151022AC.NON_MATCHING,353378988,0,asm
us,game,12DAB0,func_151022AC,353378988,840,asm
us,game,12DAB0,func_151025F4.NON_MATCHING,353379828,0,asm
us,game,12DAB0,func_151025F4,353379828,200,asm
us,game,12DAB0,func_151026BC,353380028,0,asm
us,game,12DAB0,func_151026BC.NON_MATCHING,353380028,76,asm
us,game,12DAB0,.L15102708,353380104,12,asm
us,game,12DAB0,.L15102714,353380116,12,asm
us,game,12DAB0,.L15102720,353380128,200,asm
us,game,12DAB0,func_151027E8,353380328,0,asm
us,game,12DAB0,func_151027E8.NON_MATCHING,353380328,52,asm
us,game,12DAB0,func_1510281C.NON_MATCHING,353380380,0,asm
us,game,12DAB0,func_1510281C,353380380,104,asm
us,game,12DAB0,func_15102884,353380484,0,asm
us,game,12DAB0,func_15102884.NON_MATCHING,353380484,40,asm
us,game,12DAB0,func_151028AC.NON_MATCHING,353380524,0,asm
us,game,12DAB0,func_151028AC,353380524,116,asm
us,game,12FDD0,func_15102920,353380640,0,asm
us,game,12FDD0,func_15102920.NON_MATCHING,353380640,536,asm
us,game,12FDD0,func_15102B38.NON_MATCHING,353381176,0,asm
us,game,12FDD0,func_15102B38,353381176,536,asm
us,game,12FDD0,func_15102D50.NON_MATCHING,353381712,0,asm
us,game,12FDD0,func_15102D50,353381712,64,asm
us,game,12FDD0,func_15102D90.NON_MATCHING,353381776,0,asm
us,game,12FDD0,func_15102D90,353381776,296,asm
us,game,12FDD0,func_15102EB8.NON_MATCHING,353382072,0,asm
us,game,12FDD0,func_15102EB8,353382072,924,asm
us,game,12FDD0,func_15103254.NON_MATCHING,353382996,0,asm
us,game,12FDD0,func_15103254,353382996,476,asm
us,game,1308E0,func_15103430,353383472,0,asm
us,game,1308E0,func_15103430.NON_MATCHING,353383472,608,asm
us,game,130B40,func_15103690.NON_MATCHING,353384080,0,asm
us,game,130B40,func_15103690,353384080,36,asm
us,game,130B40,func_151036B4.NON_MATCHING,353384116,0,asm
us,game,130B40,func_151036B4,353384116,296,asm
us,game,130B40,func_151037DC,353384412,0,asm
us,game,130B40,func_151037DC.NON_MATCHING,353384412,36,asm
us,game,game_130CB0,func_15103800,353384448,40,c
us,game,game_130CB0,func_15103828,353384488,232,c
us,game,game_130CB0,func_15103910.NON_MATCHING,353384720,0,c
us,game,game_130CB0,func_15103910,353384720,400,asm
us,game,game_130CB0,func_15103AA0.NON_MATCHING,353385120,0,c
us,game,game_130CB0,func_15103AA0,353385120,372,asm
us,game,game_130CB0,func_15103C14.NON_MATCHING,353385492,0,c
us,game,game_130CB0,func_15103C14,353385492,556,asm
us,game,1312F0,func_15103E40.NON_MATCHING,353386048,0,asm
us,game,1312F0,func_15103E40,353386048,816,asm
us,game,131620,func_15104170,353386864,0,asm
us,game,131620,func_15104170.NON_MATCHING,353386864,116,asm
us,game,131620,func_151041E4.NON_MATCHING,353386980,0,asm
us,game,131620,func_151041E4,353386980,680,asm
us,game,131620,func_1510448C,353387660,0,asm
us,game,131620,func_1510448C.NON_MATCHING,353387660,104,asm
us,game,131620,func_151044F4.NON_MATCHING,353387764,0,asm
us,game,131620,func_151044F4,353387764,44,asm
us,game,1319D0,func_15104520.NON_MATCHING,353387808,0,asm
us,game,1319D0,func_15104520,353387808,192,asm
us,game,131A90,func_151045E0,353388000,0,asm
us,game,131A90,func_151045E0.NON_MATCHING,353388000,20,asm
us,game,131A90,func_151045F4,353388020,0,asm
us,game,131A90,func_151045F4.NON_MATCHING,353388020,20,asm
us,game,131A90,func_15104608.NON_MATCHING,353388040,0,asm
us,game,131A90,func_15104608,353388040,24,asm
us,game,131A90,func_15104620.NON_MATCHING,353388064,0,asm
us,game,131A90,func_15104620,353388064,20,asm
us,game,131A90,func_15104634,353388084,0,asm
us,game,131A90,func_15104634.NON_MATCHING,353388084,1100,asm
us,game,game_131F30,func_15104A80.NON_MATCHING,353389184,0,c
us,game,game_131F30,func_15104A80,353389184,452,asm
us,game,game_131F30,func_15104C44.NON_MATCHING,353389636,0,c
us,game,game_131F30,func_15104C44,353389636,948,asm
us,game,game_131F30,func_15104FF8.NON_MATCHING,353390584,0,c
us,game,game_131F30,func_15104FF8,353390584,184,asm
us,game,game_131F30,func_151050B0.NON_MATCHING,353390768,0,c
us,game,game_131F30,func_151050B0,353390768,1116,asm
us,game,game_131F30,func_1510550C,353391884,60,c
us,game,game_131F30,func_15105548,353391944,68,c
us,game,game_131F30,func_1510558C,353392012,0,asm
us,game,game_131F30,func_1510558C.NON_MATCHING,353392012,700,c
us,game,game_131F30,func_15105848,353392712,108,c
us,game,game_131F30,func_151058B4,353392820,0,asm
us,game,game_131F30,func_151058B4.NON_MATCHING,353392820,788,c
us,game,game_131F30,func_15105BC8,353393608,92,c
us,game,game_131F30,func_15105C24,353393700,0,asm
us,game,game_131F30,func_15105C24.NON_MATCHING,353393700,188,c
us,game,133190,func_15105CE0,353393888,0,asm
us,game,133190,func_15105CE0.NON_MATCHING,353393888,940,asm
us,game,133190,func_1510608C.NON_MATCHING,353394828,0,asm
us,game,133190,func_1510608C,353394828,340,asm
us,game,133190,func_151061E0,353395168,0,asm
us,game,133190,func_151061E0.NON_MATCHING,353395168,12,asm
us,game,133190,func_151061EC,353395180,0,asm
us,game,133190,func_151061EC.NON_MATCHING,353395180,40,asm
us,game,133190,func_15106214,353395220,0,asm
us,game,133190,func_15106214.NON_MATCHING,353395220,672,asm
us,game,133190,func_151064B4.NON_MATCHING,353395892,0,asm
us,game,133190,func_151064B4,353395892,40,asm
us,game,133190,func_151064DC,353395932,0,asm
us,game,133190,func_151064DC.NON_MATCHING,353395932,52,asm
us,game,133190,func_15106510.NON_MATCHING,353395984,0,asm
us,game,133190,func_15106510,353395984,48,asm
us,game,133190,func_15106540,353396032,0,asm
us,game,133190,func_15106540.NON_MATCHING,353396032,24,asm
us,game,133190,func_15106558.NON_MATCHING,353396056,0,asm
us,game,133190,func_15106558,353396056,44,asm
us,game,133190,func_15106584,353396100,0,asm
us,game,133190,func_15106584.NON_MATCHING,353396100,56,asm
us,game,133190,func_151065BC,353396156,0,asm
us,game,133190,func_151065BC.NON_MATCHING,353396156,48,asm
us,game,133190,func_151065EC,353396204,0,asm
us,game,133190,func_151065EC.NON_MATCHING,353396204,36,asm
us,game,133190,func_15106610,353396240,0,asm
us,game,133190,func_15106610.NON_MATCHING,353396240,424,asm
us,game,133190,func_151067B8.NON_MATCHING,353396664,0,asm
us,game,133190,func_151067B8,353396664,1728,asm
us,game,133190,func_15106E78,353398392,0,asm
us,game,133190,func_15106E78.NON_MATCHING,353398392,128,asm
us,game,133190,func_15106EF8.NON_MATCHING,353398520,0,asm
us,game,133190,func_15106EF8,353398520,44,asm
us,game,133190,func_15106F24,353398564,0,asm
us,game,133190,func_15106F24.NON_MATCHING,353398564,44,asm
us,game,133190,func_15106F50.NON_MATCHING,353398608,0,asm
us,game,133190,func_15106F50,353398608,72,asm
us,game,133190,func_15106F98,353398680,0,asm
us,game,133190,func_15106F98.NON_MATCHING,353398680,352,asm
us,game,133190,func_151070F8,353399032,0,asm
us,game,133190,func_151070F8.NON_MATCHING,353399032,452,asm
us,game,133190,func_151072BC.NON_MATCHING,353399484,0,asm
us,game,133190,func_151072BC,353399484,840,asm
us,game,133190,func_15107604.NON_MATCHING,353400324,0,asm
us,game,133190,func_15107604,353400324,24,asm
us,game,133190,func_1510761C,353400348,0,asm
us,game,133190,func_1510761C.NON_MATCHING,353400348,48,asm
us,game,133190,func_1510764C.NON_MATCHING,353400396,0,asm
us,game,133190,func_1510764C,353400396,44,asm
us,game,133190,func_15107678,353400440,0,asm
us,game,133190,func_15107678.NON_MATCHING,353400440,44,asm
us,game,133190,func_151076A4.NON_MATCHING,353400484,0,asm
us,game,133190,func_151076A4,353400484,92,asm
us,game,133190,func_15107700,353400576,0,asm
us,game,133190,func_15107700.NON_MATCHING,353400576,484,asm
us,game,133190,func_151078E4.NON_MATCHING,353401060,0,asm
us,game,133190,func_151078E4,353401060,64,asm
us,game,133190,func_15107924,353401124,0,asm
us,game,133190,func_15107924.NON_MATCHING,353401124,252,asm
us,game,133190,func_15107A20,353401376,0,asm
us,game,133190,func_15107A20.NON_MATCHING,353401376,192,asm
us,game,133190,func_15107AE0,353401568,0,asm
us,game,133190,func_15107AE0.NON_MATCHING,353401568,152,asm
us,game,133190,func_15107B78,353401720,0,asm
us,game,133190,func_15107B78.NON_MATCHING,353401720,164,asm
us,game,133190,func_15107C1C,353401884,0,asm
us,game,133190,func_15107C1C.NON_MATCHING,353401884,556,asm
us,game,133190,func_15107E48.NON_MATCHING,353402440,0,asm
us,game,133190,func_15107E48,353402440,268,asm
us,game,133190,func_15107F54.NON_MATCHING,353402708,0,asm
us,game,133190,func_15107F54,353402708,68,asm
us,game,133190,func_15107F98,353402776,0,asm
us,game,133190,func_15107F98.NON_MATCHING,353402776,72,asm
us,game,135490,func_15107FE0.NON_MATCHING,353402848,0,asm
us,game,135490,func_15107FE0,353402848,320,asm
us,game,1355D0,func_15108120,353403168,0,asm
us,game,1355D0,func_15108120.NON_MATCHING,353403168,432,asm
us,game,135780,func_151082D0.NON_MATCHING,353403600,0,asm
us,game,135780,func_151082D0,353403600,904,asm
us,game,135780,func_15108658.NON_MATCHING,353404504,0,asm
us,game,135780,func_15108658,353404504,420,asm
us,game,135780,func_151087FC,353404924,0,asm
us,game,135780,func_151087FC.NON_MATCHING,353404924,84,asm
us,game,135D00,func_15108850.NON_MATCHING,353405008,0,asm
us,game,135D00,func_15108850,353405008,612,asm
us,game,135D00,func_15108AB4.NON_MATCHING,353405620,0,asm
us,game,135D00,func_15108AB4,353405620,204,asm
us,game,135D00,func_15108B80,353405824,0,asm
us,game,135D00,func_15108B80.NON_MATCHING,353405824,64,asm
us,game,135D00,func_15108BC0.NON_MATCHING,353405888,0,asm
us,game,135D00,func_15108BC0,353405888,120,asm
us,game,135D00,func_15108C38,353406008,0,asm
us,game,135D00,func_15108C38.NON_MATCHING,353406008,236,asm
us,game,135D00,func_15108D24,353406244,0,asm
us,game,135D00,func_15108D24.NON_MATCHING,353406244,236,asm
us,game,135D00,func_15108E10,353406480,0,asm
us,game,135D00,func_15108E10.NON_MATCHING,353406480,492,asm
us,game,135D00,func_15108FFC.NON_MATCHING,353406972,0,asm
us,game,135D00,func_15108FFC,353406972,104,asm
us,game,135D00,func_15109064,353407076,0,asm
us,game,135D00,func_15109064.NON_MATCHING,353407076,120,asm
us,game,135D00,func_151090DC.NON_MATCHING,353407196,0,asm
us,game,135D00,func_151090DC,353407196,68,asm
us,game,135D00,func_15109120.NON_MATCHING,353407264,0,asm
us,game,135D00,func_15109120,353407264,752,asm
us,game,1368C0,func_15109410,353408016,0,asm
us,game,1368C0,func_15109410.NON_MATCHING,353408016,236,asm
us,game,1368C0,func_151094FC,353408252,0,asm
us,game,1368C0,func_151094FC.NON_MATCHING,353408252,844,asm
us,game,1368C0,func_15109848,353409096,0,asm
us,game,1368C0,func_15109848.NON_MATCHING,353409096,984,asm
us,game,1368C0,func_15109C20,353410080,0,asm
us,game,1368C0,func_15109C20.NON_MATCHING,353410080,692,asm
us,game,1368C0,func_15109ED4,353410772,0,asm
us,game,1368C0,func_15109ED4.NON_MATCHING,353410772,228,asm
us,game,1368C0,func_15109FB8.NON_MATCHING,353411000,0,asm
us,game,1368C0,func_15109FB8,353411000,908,asm
us,game,1368C0,func_1510A344.NON_MATCHING,353411908,0,asm
us,game,1368C0,func_1510A344,353411908,200,asm
us,game,1368C0,func_1510A40C,353412108,0,asm
us,game,1368C0,func_1510A40C.NON_MATCHING,353412108,1124,asm
us,game,1368C0,func_1510A870,353413232,0,asm
us,game,1368C0,func_1510A870.NON_MATCHING,353413232,92,asm
us,game,1368C0,func_1510A8CC.NON_MATCHING,353413324,0,asm
us,game,1368C0,func_1510A8CC,353413324,100,asm
us,game,137DE0,func_1510A930.NON_MATCHING,353413424,0,asm
us,game,137DE0,func_1510A930,353413424,240,asm
us,game,137ED0,func_1510AA20.NON_MATCHING,353413664,0,asm
us,game,137ED0,func_1510AA20,353413664,36,asm
us,game,137ED0,func_1510AA44,353413700,0,asm
us,game,137ED0,func_1510AA44.NON_MATCHING,353413700,916,asm
us,game,137ED0,func_1510ADD8.NON_MATCHING,353414616,0,asm
us,game,137ED0,func_1510ADD8,353414616,264,asm
us,game,137ED0,func_1510AEE0,353414880,0,asm
us,game,137ED0,func_1510AEE0.NON_MATCHING,353414880,400,asm
us,game,138520,func_1510B070.NON_MATCHING,353415280,0,asm
us,game,138520,func_1510B070,353415280,184,asm
us,game,138520,func_1510B128.NON_MATCHING,353415464,0,asm
us,game,138520,func_1510B128,353415464,516,asm
us,game,138520,func_1510B32C.NON_MATCHING,353415980,0,asm
us,game,138520,func_1510B32C,353415980,132,asm
us,game,138520,func_1510B3B0,353416112,0,asm
us,game,138520,func_1510B3B0.NON_MATCHING,353416112,168,asm
us,game,138520,func_1510B458.NON_MATCHING,353416280,0,asm
us,game,138520,func_1510B458,353416280,196,asm
us,game,138520,func_1510B51C.NON_MATCHING,353416476,0,asm
us,game,138520,func_1510B51C,353416476,220,asm
us,game,138520,func_1510B5F8,353416696,0,asm
us,game,138520,func_1510B5F8.NON_MATCHING,353416696,152,asm
us,game,138520,func_1510B690.NON_MATCHING,353416848,0,asm
us,game,138520,func_1510B690,353416848,292,asm
us,game,138520,func_1510B7B4.NON_MATCHING,353417140,0,asm
us,game,138520,func_1510B7B4,353417140,420,asm
us,game,138520,func_1510B958,353417560,0,asm
us,game,138520,func_1510B958.NON_MATCHING,353417560,120,asm
us,game,138520,func_1510B9D0.NON_MATCHING,353417680,0,asm
us,game,138520,func_1510B9D0,353417680,380,asm
us,game,138520,.L1510BB4C,353418060,16,asm
us,game,138520,.L1510BB5C,353418076,16,asm
us,game,138520,.L1510BB6C,353418092,16,asm
us,game,138520,.L1510BB7C,353418108,16,asm
us,game,138520,.L1510BB8C,353418124,12,asm
us,game,138520,.L1510BB98,353418136,968,asm
us,game,138520,func_1510BF60.NON_MATCHING,353419104,0,asm
us,game,138520,func_1510BF60,353419104,1356,asm
us,game,138520,func_1510C4AC.NON_MATCHING,353420460,0,asm
us,game,138520,func_1510C4AC,353420460,1020,asm
us,game,138520,func_1510C8A8,353421480,0,asm
us,game,138520,func_1510C8A8.NON_MATCHING,353421480,616,asm
us,game,139FC0,func_1510CB10,353422096,0,asm
us,game,139FC0,func_1510CB10.NON_MATCHING,353422096,680,asm
us,game,139FC0,func_1510CDB8.NON_MATCHING,353422776,0,asm
us,game,139FC0,func_1510CDB8,353422776,168,asm
us,game,139FC0,func_1510CE60.NON_MATCHING,353422944,0,asm
us,game,139FC0,func_1510CE60,353422944,652,asm
us,game,139FC0,func_1510D0EC.NON_MATCHING,353423596,0,asm
us,game,139FC0,func_1510D0EC,353423596,648,asm
us,game,139FC0,func_1510D374.NON_MATCHING,353424244,0,asm
us,game,139FC0,func_1510D374,353424244,144,asm
us,game,139FC0,func_1510D404.NON_MATCHING,353424388,0,asm
us,game,139FC0,func_1510D404,353424388,516,asm
us,game,139FC0,func_1510D608,353424904,0,asm
us,game,139FC0,func_1510D608.NON_MATCHING,353424904,40,asm
us,game,139FC0,func_1510D630.NON_MATCHING,353424944,0,asm
us,game,139FC0,func_1510D630,353424944,100,asm
us,game,139FC0,func_1510D694,353425044,0,asm
us,game,139FC0,func_1510D694.NON_MATCHING,353425044,140,asm
us,game,139FC0,func_1510D720.NON_MATCHING,353425184,0,asm
us,game,139FC0,func_1510D720,353425184,140,asm
us,game,139FC0,func_1510D7AC,353425324,0,asm
us,game,139FC0,func_1510D7AC.NON_MATCHING,353425324,184,asm
us,game,139FC0,func_1510D864,353425508,0,asm
us,game,139FC0,func_1510D864.NON_MATCHING,353425508,16,asm
us,game,139FC0,func_1510D874.NON_MATCHING,353425524,0,asm
us,game,139FC0,func_1510D874,353425524,76,asm
us,game,139FC0,func_1510D8C0,353425600,0,asm
us,game,139FC0,func_1510D8C0.NON_MATCHING,353425600,176,asm
us,game,13AE20,func_1510D970.NON_MATCHING,353425776,0,asm
us,game,13AE20,func_1510D970,353425776,276,asm
us,game,13AE20,func_1510DA84,353426052,0,asm
us,game,13AE20,func_1510DA84.NON_MATCHING,353426052,1692,asm
us,game,13AE20,func_1510E120,353427744,0,asm
us,game,13AE20,func_1510E120.NON_MATCHING,353427744,616,asm
us,game,13AE20,func_1510E388.NON_MATCHING,353428360,0,asm
us,game,13AE20,func_1510E388,353428360,684,asm
us,game,13AE20,func_1510E634.NON_MATCHING,353429044,0,asm
us,game,13AE20,func_1510E634,353429044,60,asm
us,game,13BB20,func_1510E670,353429104,0,asm
us,game,13BB20,func_1510E670.NON_MATCHING,353429104,308,asm
us,game,13BB20,func_1510E7A4.NON_MATCHING,353429412,0,asm
us,game,13BB20,func_1510E7A4,353429412,136,asm
us,game,13BB20,func_1510E82C.NON_MATCHING,353429548,0,asm
us,game,13BB20,func_1510E82C,353429548,144,asm
us,game,13BB20,func_1510E8BC,353429692,0,asm
us,game,13BB20,func_1510E8BC.NON_MATCHING,353429692,148,asm
us,game,13BB20,func_1510E950,353429840,0,asm
us,game,13BB20,func_1510E950.NON_MATCHING,353429840,3320,asm
us,game,13BB20,func_1510F648.NON_MATCHING,353433160,0,asm
us,game,13BB20,func_1510F648,353433160,216,asm
us,game,13BB20,func_1510F720.NON_MATCHING,353433376,0,asm
us,game,13BB20,func_1510F720,353433376,224,asm
us,game,13BB20,func_1510F800.NON_MATCHING,353433600,0,asm
us,game,13BB20,func_1510F800,353433600,32,asm
us,game,13BB20,func_1510F820.NON_MATCHING,353433632,0,asm
us,game,13BB20,func_1510F820,353433632,172,asm
us,game,13BB20,func_1510F8CC,353433804,0,asm
us,game,13BB20,func_1510F8CC.NON_MATCHING,353433804,12,asm
us,game,13BB20,func_1510F8D8,353433816,0,asm
us,game,13BB20,func_1510F8D8.NON_MATCHING,353433816,860,asm
us,game,13BB20,func_1510FC34,353434676,0,asm
us,game,13BB20,func_1510FC34.NON_MATCHING,353434676,236,asm
us,game,13BB20,func_1510FD20.NON_MATCHING,353434912,0,asm
us,game,13BB20,func_1510FD20,353434912,272,asm
us,game,13BB20,func_1510FE30.NON_MATCHING,353435184,0,asm
us,game,13BB20,func_1510FE30,353435184,112,asm
us,game,13D350,func_1510FEA0.NON_MATCHING,353435296,0,asm
us,game,13D350,func_1510FEA0,353435296,1068,asm
us,game,13D350,func_151102CC,353436364,0,asm
us,game,13D350,func_151102CC.NON_MATCHING,353436364,148,asm
us,game,13D350,func_15110360,353436512,0,asm
us,game,13D350,func_15110360.NON_MATCHING,353436512,104,asm
us,game,13D350,func_151103C8,353436616,0,asm
us,game,13D350,func_151103C8.NON_MATCHING,353436616,380,asm
us,game,13D350,func_15110544.NON_MATCHING,353436996,0,asm
us,game,13D350,func_15110544,353436996,188,asm
us,game,13D350,func_15110600,353437184,0,asm
us,game,13D350,func_15110600.NON_MATCHING,353437184,168,asm
us,game,13D350,func_151106A8.NON_MATCHING,353437352,0,asm
us,game,13D350,func_151106A8,353437352,540,asm
us,game,13D350,func_151108C4.NON_MATCHING,353437892,0,asm
us,game,13D350,func_151108C4,353437892,56,asm
us,game,13D350,.L151108FC,353437948,52,asm
us,game,13D350,.L15110930,353438000,52,asm
us,game,13D350,.L15110964,353438052,52,asm
us,game,13D350,.L15110998,353438104,116,asm
us,game,13D350,.L15110A0C,353438220,124,asm
us,game,13D350,.L15110A88,353438344,8,asm
us,game,13D350,.L15110A90,353438352,120,asm
us,game,13D350,.L15110B08,353438472,208,asm
us,game,13D350,.L15110BD8,353438680,96,asm
us,game,13D350,.L15110C38,353438776,52,asm
us,game,13D350,.L15110C6C,353438828,8,asm
us,game,13D350,.L15110C74,353438836,8,asm
us,game,13D350,.L15110C7C,353438844,52,asm
us,game,13D350,.L15110CB0,353438896,52,asm
us,game,13D350,.L15110CE4,353438948,24,asm
us,game,13D350,func_15110CFC.NON_MATCHING,353438972,0,asm
us,game,13D350,func_15110CFC,353438972,2608,asm
us,game,13D350,func_1511172C.NON_MATCHING,353441580,0,asm
us,game,13D350,func_1511172C,353441580,300,asm
us,game,13D350,func_15111858.NON_MATCHING,353441880,0,asm
us,game,13D350,func_15111858,353441880,668,asm
us,game,13D350,func_15111AF4,353442548,0,asm
us,game,13D350,func_15111AF4.NON_MATCHING,353442548,1388,asm
us,game,13D350,.L15112060,353443936,84,asm
us,game,13D350,.L151120B4,353444020,68,asm
us,game,13D350,.L151120F8,353444088,48,asm
us,game,13D350,.L15112128,353444136,48,asm
us,game,13D350,.L15112158,353444184,48,asm
us,game,13D350,.L15112188,353444232,920,asm
us,game,13D350,func_15112520,353445152,0,asm
us,game,13D350,func_15112520.NON_MATCHING,353445152,1376,asm
us,game,13D350,func_15112A80,353446528,0,asm
us,game,13D350,func_15112A80.NON_MATCHING,353446528,1792,asm
us,game,13D350,func_15113180,353448320,0,asm
us,game,13D350,func_15113180.NON_MATCHING,353448320,152,asm
us,game,13D350,func_15113218,353448472,0,asm
us,game,13D350,func_15113218.NON_MATCHING,353448472,940,asm
us,game,13D350,func_151135C4.NON_MATCHING,353449412,0,asm
us,game,13D350,func_151135C4,353449412,528,asm
us,game,13D350,func_151137D4.NON_MATCHING,353449940,0,asm
us,game,13D350,func_151137D4,353449940,1204,asm
us,game,13D350,func_15113C88.NON_MATCHING,353451144,0,asm
us,game,13D350,func_15113C88,353451144,460,asm
us,game,13D350,func_15113E54.NON_MATCHING,353451604,0,asm
us,game,13D350,func_15113E54,353451604,508,asm
us,game,13D350,func_15114050.NON_MATCHING,353452112,0,asm
us,game,13D350,func_15114050,353452112,116,asm
us,game,13D350,func_151140C4.NON_MATCHING,353452228,0,asm
us,game,13D350,func_151140C4,353452228,196,asm
us,game,13D350,func_15114188,353452424,0,asm
us,game,13D350,func_15114188.NON_MATCHING,353452424,448,asm
us,game,13D350,func_15114348.NON_MATCHING,353452872,0,asm
us,game,13D350,func_15114348,353452872,1012,asm
us,game,13D350,func_1511473C,353453884,0,asm
us,game,13D350,func_1511473C.NON_MATCHING,353453884,364,asm
us,game,13D350,func_151148A8.NON_MATCHING,353454248,0,asm
us,game,13D350,func_151148A8,353454248,100,asm
us,game,13D350,func_1511490C.NON_MATCHING,353454348,0,asm
us,game,13D350,func_1511490C,353454348,160,asm
us,game,13D350,func_151149AC.NON_MATCHING,353454508,0,asm
us,game,13D350,func_151149AC,353454508,112,asm
us,game,13D350,func_15114A1C.NON_MATCHING,353454620,0,asm
us,game,13D350,func_15114A1C,353454620,376,asm
us,game,13D350,func_15114B94.NON_MATCHING,353454996,0,asm
us,game,13D350,func_15114B94,353454996,304,asm
us,game,13D350,func_15114CC4.NON_MATCHING,353455300,0,asm
us,game,13D350,func_15114CC4,353455300,96,asm
us,game,13D350,func_15114D24.NON_MATCHING,353455396,0,asm
us,game,13D350,func_15114D24,353455396,480,asm
us,game,13D350,func_15114F04,353455876,0,asm
us,game,13D350,func_15114F04.NON_MATCHING,353455876,64,asm
us,game,13D350,func_15114F44,353455940,0,asm
us,game,13D350,func_15114F44.NON_MATCHING,353455940,364,asm
us,game,142560,func_151150B0.NON_MATCHING,353456304,0,asm
us,game,142560,func_151150B0,353456304,12,asm
us,game,142560,func_151150BC.NON_MATCHING,353456316,0,asm
us,game,142560,func_151150BC,353456316,160,asm
us,game,142560,func_1511515C.NON_MATCHING,353456476,0,asm
us,game,142560,func_1511515C,353456476,160,asm
us,game,142560,func_151151FC,353456636,0,asm
us,game,142560,func_151151FC.NON_MATCHING,353456636,160,asm
us,game,142560,func_1511529C,353456796,0,asm
us,game,142560,func_1511529C.NON_MATCHING,353456796,12,asm
us,game,142560,func_151152A8,353456808,0,asm
us,game,142560,func_151152A8.NON_MATCHING,353456808,192,asm
us,game,142560,func_15115368.NON_MATCHING,353457000,0,asm
us,game,142560,func_15115368,353457000,600,asm
us,game,142560,func_151155C0.NON_MATCHING,353457600,0,asm
us,game,142560,func_151155C0,353457600,412,asm
us,game,142560,func_1511575C.NON_MATCHING,353458012,0,asm
us,game,142560,func_1511575C,353458012,1712,asm
us,game,142560,func_15115E0C.NON_MATCHING,353459724,0,asm
us,game,142560,func_15115E0C,353459724,208,asm
us,game,142560,func_15115EDC,353459932,0,asm
us,game,142560,func_15115EDC.NON_MATCHING,353459932,140,asm
us,game,142560,func_15115F68,353460072,0,asm
us,game,142560,func_15115F68.NON_MATCHING,353460072,240,asm
us,game,142560,func_15116058,353460312,0,asm
us,game,142560,func_15116058.NON_MATCHING,353460312,184,asm
us,game,142560,func_15116110.NON_MATCHING,353460496,0,asm
us,game,142560,func_15116110,353460496,108,asm
us,game,142560,func_1511617C,353460604,0,asm
us,game,142560,func_1511617C.NON_MATCHING,353460604,344,asm
us,game,142560,func_151162D4.NON_MATCHING,353460948,0,asm
us,game,142560,func_151162D4,353460948,236,asm
us,game,142560,func_151163C0,353461184,0,asm
us,game,142560,func_151163C0.NON_MATCHING,353461184,332,asm
us,game,142560,func_1511650C,353461516,0,asm
us,game,142560,func_1511650C.NON_MATCHING,353461516,892,asm
us,game,142560,func_15116888.NON_MATCHING,353462408,0,asm
us,game,142560,func_15116888,353462408,156,asm
us,game,142560,func_15116924.NON_MATCHING,353462564,0,asm
us,game,142560,func_15116924,353462564,12,asm
us,game,142560,func_15116930.NON_MATCHING,353462576,0,asm
us,game,142560,func_15116930,353462576,84,asm
us,game,142560,func_15116984,353462660,0,asm
us,game,142560,func_15116984.NON_MATCHING,353462660,48,asm
us,game,142560,func_151169B4,353462708,0,asm
us,game,142560,func_151169B4.NON_MATCHING,353462708,504,asm
us,game,142560,func_15116BAC.NON_MATCHING,353463212,0,asm
us,game,142560,func_15116BAC,353463212,464,asm
us,game,142560,func_15116D7C.NON_MATCHING,353463676,0,asm
us,game,142560,func_15116D7C,353463676,296,asm
us,game,142560,func_15116EA4.NON_MATCHING,353463972,0,asm
us,game,142560,func_15116EA4,353463972,1076,asm
us,game,142560,func_151172D8.NON_MATCHING,353465048,0,asm
us,game,142560,func_151172D8,353465048,456,asm
us,game,142560,func_151174A0.NON_MATCHING,353465504,0,asm
us,game,142560,func_151174A0,353465504,40,asm
us,game,142560,func_151174C8,353465544,0,asm
us,game,142560,func_151174C8.NON_MATCHING,353465544,40,asm
us,game,142560,func_151174F0.NON_MATCHING,353465584,0,asm
us,game,142560,func_151174F0,353465584,40,asm
us,game,142560,func_15117518.NON_MATCHING,353465624,0,asm
us,game,142560,func_15117518,353465624,600,asm
us,game,142560,func_15117770.NON_MATCHING,353466224,0,asm
us,game,142560,func_15117770,353466224,40,asm
us,game,142560,func_15117798.NON_MATCHING,353466264,0,asm
us,game,142560,func_15117798,353466264,40,asm
us,game,142560,func_151177C0.NON_MATCHING,353466304,0,asm
us,game,142560,func_151177C0,353466304,508,asm
us,game,142560,func_151179BC,353466812,0,asm
us,game,142560,func_151179BC.NON_MATCHING,353466812,896,asm
us,game,142560,func_15117D3C.NON_MATCHING,353467708,0,asm
us,game,142560,func_15117D3C,353467708,104,asm
us,game,142560,func_15117DA4,353467812,0,asm
us,game,142560,func_15117DA4.NON_MATCHING,353467812,408,asm
us,game,142560,func_15117F3C,353468220,0,asm
us,game,142560,func_15117F3C.NON_MATCHING,353468220,96,asm
us,game,142560,.L15117F9C,353468316,48,asm
us,game,142560,.L15117FCC,353468364,48,asm
us,game,142560,.L15117FFC,353468412,36,asm
us,game,142560,.L15118020,353468448,48,asm
us,game,142560,.L15118050,353468496,44,asm
us,game,142560,.L1511807C,353468540,56,asm
us,game,142560,.L151180B4,353468596,60,asm
us,game,142560,.L151180F0,353468656,56,asm
us,game,142560,.L15118128,353468712,2096,asm
us,game,142560,.L15118958,353470808,20,asm
us,game,142560,func_1511896C.NON_MATCHING,353470828,0,asm
us,game,142560,func_1511896C,353470828,32,asm
us,game,142560,func_1511898C.NON_MATCHING,353470860,0,asm
us,game,142560,func_1511898C,353470860,32,asm
us,game,142560,func_151189AC.NON_MATCHING,353470892,0,asm
us,game,142560,func_151189AC,353470892,1400,asm
us,game,142560,func_15118F24.NON_MATCHING,353472292,0,asm
us,game,142560,func_15118F24,353472292,1160,asm
us,game,142560,func_151193AC.NON_MATCHING,353473452,0,asm
us,game,142560,func_151193AC,353473452,72,asm
us,game,142560,func_151193F4.NON_MATCHING,353473524,0,asm
us,game,142560,func_151193F4,353473524,224,asm
us,game,142560,func_151194D4,353473748,0,asm
us,game,142560,func_151194D4.NON_MATCHING,353473748,512,asm
us,game,142560,func_151196D4.NON_MATCHING,353474260,0,asm
us,game,142560,func_151196D4,353474260,612,asm
us,game,142560,func_15119938,353474872,0,asm
us,game,142560,func_15119938.NON_MATCHING,353474872,1672,asm
us,game,142560,func_15119FC0,353476544,0,asm
us,game,142560,func_15119FC0.NON_MATCHING,353476544,1104,asm
us,game,142560,func_1511A410.NON_MATCHING,353477648,0,asm
us,game,142560,func_1511A410,353477648,132,asm
us,game,142560,func_1511A494,353477780,0,asm
us,game,142560,func_1511A494.NON_MATCHING,353477780,616,asm
us,game,142560,func_1511A6FC.NON_MATCHING,353478396,0,asm
us,game,142560,func_1511A6FC,353478396,60,asm
us,game,142560,func_1511A738.NON_MATCHING,353478456,0,asm
us,game,142560,func_1511A738,353478456,136,asm
us,game,142560,func_1511A7C0,353478592,0,asm
us,game,142560,func_1511A7C0.NON_MATCHING,353478592,120,asm
us,game,142560,func_1511A838.NON_MATCHING,353478712,0,asm
us,game,142560,func_1511A838,353478712,1784,asm
us,game,142560,func_1511AF30.NON_MATCHING,353480496,0,asm
us,game,142560,func_1511AF30,353480496,332,asm
us,game,142560,func_1511B07C,353480828,0,asm
us,game,142560,func_1511B07C.NON_MATCHING,353480828,320,asm
us,game,142560,.L1511B1BC,353481148,28,asm
us,game,142560,.L1511B1D8,353481176,16,asm
us,game,142560,.L1511B1E8,353481192,20,asm
us,game,142560,.L1511B1FC,353481212,8,asm
us,game,142560,.L1511B204,353481220,36,asm
us,game,142560,.L1511B228,353481256,20,asm
us,game,142560,.L1511B23C,353481276,8,asm
us,game,142560,.L1511B244,353481284,728,asm
us,game,142560,func_1511B51C.NON_MATCHING,353482012,0,asm
us,game,142560,func_1511B51C,353482012,696,asm
us,game,142560,func_1511B7D4,353482708,0,asm
us,game,142560,func_1511B7D4.NON_MATCHING,353482708,592,asm
us,game,142560,func_1511BA24.NON_MATCHING,353483300,0,asm
us,game,142560,func_1511BA24,353483300,224,asm
us,game,142560,func_1511BB04.NON_MATCHING,353483524,0,asm
us,game,142560,func_1511BB04,353483524,752,asm
us,game,142560,func_1511BDF4,353484276,0,asm
us,game,142560,func_1511BDF4.NON_MATCHING,353484276,104,asm
us,game,142560,func_1511BE5C,353484380,0,asm
us,game,142560,func_1511BE5C.NON_MATCHING,353484380,96,asm
us,game,142560,func_1511BEBC.NON_MATCHING,353484476,0,asm
us,game,142560,func_1511BEBC,353484476,1668,asm
us,game,142560,func_1511C540.NON_MATCHING,353486144,0,asm
us,game,142560,func_1511C540,353486144,8,asm
us,game,142560,func_1511C548,353486152,0,asm
us,game,142560,func_1511C548.NON_MATCHING,353486152,240,asm
us,game,142560,func_1511C638,353486392,0,asm
us,game,142560,func_1511C638.NON_MATCHING,353486392,1268,asm
us,game,142560,func_1511CB2C.NON_MATCHING,353487660,0,asm
us,game,142560,func_1511CB2C,353487660,24,asm
us,game,142560,func_1511CB44,353487684,0,asm
us,game,142560,func_1511CB44.NON_MATCHING,353487684,2128,asm
us,game,142560,func_1511D394.NON_MATCHING,353489812,0,asm
us,game,142560,func_1511D394,353489812,1064,asm
us,game,142560,func_1511D7BC.NON_MATCHING,353490876,0,asm
us,game,142560,func_1511D7BC,353490876,552,asm
us,game,142560,func_1511D9E4.NON_MATCHING,353491428,0,asm
us,game,142560,func_1511D9E4,353491428,480,asm
us,game,142560,func_1511DBC4,353491908,0,asm
us,game,142560,func_1511DBC4.NON_MATCHING,353491908,468,asm
us,game,142560,func_1511DD98,353492376,0,asm
us,game,142560,func_1511DD98.NON_MATCHING,353492376,88,asm
us,game,142560,.L1511DDF0,353492464,80,asm
us,game,142560,.L1511DE40,353492544,52,asm
us,game,142560,.L1511DE74,353492596,8,asm
us,game,142560,.L1511DE7C,353492604,8,asm
us,game,142560,.L1511DE84,353492612,8,asm
us,game,142560,.L1511DE8C,353492620,8,asm
us,game,142560,.L1511DE94,353492628,8,asm
us,game,142560,.L1511DE9C,353492636,8,asm
us,game,142560,.L1511DEA4,353492644,20,asm
us,game,142560,.L1511DEB8,353492664,8,asm
us,game,142560,.L1511DEC0,353492672,56,asm
us,game,142560,.L1511DEF8,353492728,40,asm
us,game,142560,.L1511DF20,353492768,16,asm
us,game,142560,.L1511DF30,353492784,12,asm
us,game,142560,.L1511DF3C,353492796,48,asm
us,game,142560,func_1511DF6C.NON_MATCHING,353492844,0,asm
us,game,142560,func_1511DF6C,353492844,2068,asm
us,game,142560,func_1511E780.NON_MATCHING,353494912,0,asm
us,game,142560,func_1511E780,353494912,384,asm
us,game,142560,.L1511E900,353495296,112,asm
us,game,142560,.L1511E970,353495408,112,asm
us,game,142560,.L1511E9E0,353495520,104,asm
us,game,142560,.L1511EA48,353495624,104,asm
us,game,142560,.L1511EAB0,353495728,40,asm
us,game,142560,.L1511EAD8,353495768,208,asm
us,game,142560,.L1511EBA8,353495976,40,asm
us,game,142560,.L1511EBD0,353496016,84,asm
us,game,142560,.L1511EC24,353496100,44,asm
us,game,142560,func_1511EC50.NON_MATCHING,353496144,0,asm
us,game,142560,func_1511EC50,353496144,308,asm
us,game,142560,func_1511ED84,353496452,0,asm
us,game,142560,func_1511ED84.NON_MATCHING,353496452,444,asm
us,game,142560,func_1511EF40,353496896,0,asm
us,game,142560,func_1511EF40.NON_MATCHING,353496896,988,asm
us,game,142560,func_1511F31C,353497884,0,asm
us,game,142560,func_1511F31C.NON_MATCHING,353497884,204,asm
us,game,142560,func_1511F3E8,353498088,0,asm
us,game,142560,func_1511F3E8.NON_MATCHING,353498088,232,asm
us,game,142560,func_1511F4D0.NON_MATCHING,353498320,0,asm
us,game,142560,func_1511F4D0,353498320,664,asm
us,game,142560,func_1511F768,353498984,0,asm
us,game,142560,func_1511F768.NON_MATCHING,353498984,32,asm
us,game,142560,func_1511F788,353499016,0,asm
us,game,142560,func_1511F788.NON_MATCHING,353499016,420,asm
us,game,142560,func_1511F92C,353499436,0,asm
us,game,142560,func_1511F92C.NON_MATCHING,353499436,84,asm
us,game,14CE30,func_1511F980,353499520,0,asm
us,game,14CE30,func_1511F980.NON_MATCHING,353499520,16,asm
us,game,14CE30,func_1511F990,353499536,0,asm
us,game,14CE30,func_1511F990.NON_MATCHING,353499536,656,asm
us,game,game_14D0D0,func_1511FC20,353500192,12,c
us,game,game_14D0D0,func_1511FC2C,353500204,24,c
us,game,game_14D0D0,func_1511FC44,353500228,28,c
us,game,14D110,func_1511FC60.NON_MATCHING,353500256,0,asm
us,game,14D110,func_1511FC60,353500256,1272,asm
us,game,14D110,func_15120158,353501528,0,asm
us,game,14D110,func_15120158.NON_MATCHING,353501528,4920,asm
us,game,14D110,func_15121490.NON_MATCHING,353506448,0,asm
us,game,14D110,func_15121490,353506448,616,asm
us,game,14D110,func_151216F8.NON_MATCHING,353507064,0,asm
us,game,14D110,func_151216F8,353507064,460,asm
us,game,14D110,func_151218C4.NON_MATCHING,353507524,0,asm
us,game,14D110,func_151218C4,353507524,268,asm
us,game,14EE80,func_151219D0,353507792,0,asm
us,game,14EE80,func_151219D0.NON_MATCHING,353507792,560,asm
us,game,14EE80,func_15121C00,353508352,0,asm
us,game,14EE80,func_15121C00.NON_MATCHING,353508352,100,asm
us,game,14EE80,func_15121C64.NON_MATCHING,353508452,0,asm
us,game,14EE80,func_15121C64,353508452,28,asm
us,game,14F130,func_15121C80,353508480,0,asm
us,game,14F130,func_15121C80.NON_MATCHING,353508480,1104,asm
us,game,14F580,func_151220D0,353509584,0,asm
us,game,14F580,func_151220D0.NON_MATCHING,353509584,160,asm
us,game,14F580,func_15122170,353509744,0,asm
us,game,14F580,func_15122170.NON_MATCHING,353509744,720,asm
us,game,14F8F0,func_15122440.NON_MATCHING,353510464,0,asm
us,game,14F8F0,func_15122440,353510464,1344,asm
us,game,14F8F0,func_15122980,353511808,0,asm
us,game,14F8F0,func_15122980.NON_MATCHING,353511808,352,asm
us,game,game_14FF90,func_15122AE0,353512160,380,c
us,game,game_14FF90,func_15122C5C.NON_MATCHING,353512540,0,c
us,game,game_14FF90,func_15122C5C,353512540,1044,asm
us,game,game_14FF90,func_15123070,353513584,0,asm
us,game,game_14FF90,func_15123070.NON_MATCHING,353513584,268,c
us,game,game_14FF90,func_1512317C.NON_MATCHING,353513852,0,c
us,game,game_14FF90,func_1512317C,353513852,908,asm
us,game,game_14FF90,func_15123508,353514760,96,c
us,game,game_14FF90,func_15123568.NON_MATCHING,353514856,0,c
us,game,game_14FF90,func_15123568,353514856,360,asm
us,game,game_14FF90,func_151236D0,353515216,0,asm
us,game,game_14FF90,func_151236D0.NON_MATCHING,353515216,612,c
us,game,game_14FF90,func_15123934,353515828,0,asm
us,game,game_14FF90,func_15123934.NON_MATCHING,353515828,152,c
us,game,game_14FF90,func_151239CC.NON_MATCHING,353515980,0,c
us,game,game_14FF90,func_151239CC,353515980,136,asm
us,game,game_14FF90,func_15123A54.NON_MATCHING,353516116,0,c
us,game,game_14FF90,func_15123A54,353516116,3356,asm
us,game,game_14FF90,func_15124770,353519472,80,c
us,game,game_14FF90,func_151247C0,353519552,0,asm
us,game,game_14FF90,func_151247C0.NON_MATCHING,353519552,756,c
us,game,game_14FF90,func_15124AB4,353520308,100,c
us,game,game_14FF90,func_15124B18,353520408,288,c
us,game,game_14FF90,func_15124C38.NON_MATCHING,353520696,0,c
us,game,game_14FF90,func_15124C38,353520696,1540,asm
us,game,game_14FF90,func_1512523C,353522236,244,c
us,game,game_14FF90,func_15125330,353522480,100,c
us,game,game_14FF90,func_15125394,353522580,56,c
us,game,game_14FF90,func_151253CC,353522636,196,c
us,game,game_14FF90,func_15125490.NON_MATCHING,353522832,0,c
us,game,game_14FF90,func_15125490,353522832,100,asm
us,game,game_14FF90,func_151254F4,353522932,0,asm
us,game,game_14FF90,func_151254F4.NON_MATCHING,353522932,160,c
us,game,game_14FF90,func_15125594,353523092,116,c
us,game,game_14FF90,func_15125608,353523208,32,c
us,game,game_14FF90,func_15125628.NON_MATCHING,353523240,0,c
us,game,game_14FF90,func_15125628,353523240,104,asm
us,game,game_14FF90,func_15125690,353523344,44,c
us,game,game_14FF90,func_151256BC,353523388,0,asm
us,game,game_14FF90,func_151256BC.NON_MATCHING,353523388,616,c
us,game,game_14FF90,func_15125924.NON_MATCHING,353524004,0,c
us,game,game_14FF90,func_15125924,353524004,328,asm
us,game,game_14FF90,func_15125A6C,353524332,0,asm
us,game,game_14FF90,func_15125A6C.NON_MATCHING,353524332,468,c
us,game,game_14FF90,func_15125C40.NON_MATCHING,353524800,0,c
us,game,game_14FF90,func_15125C40,353524800,372,asm
us,game,game_14FF90,func_15125DB4.NON_MATCHING,353525172,0,c
us,game,game_14FF90,func_15125DB4,353525172,900,asm
us,game,game_14FF90,func_15126138,353526072,260,c
us,game,game_14FF90,func_1512623C,353526332,0,asm
us,game,game_14FF90,func_1512623C.NON_MATCHING,353526332,316,c
us,game,game_14FF90,func_15126378,353526648,0,asm
us,game,game_14FF90,func_15126378.NON_MATCHING,353526648,4520,c
us,game,game_14FF90,func_15127520.NON_MATCHING,353531168,0,c
us,game,game_14FF90,func_15127520,353531168,656,asm
us,game,game_14FF90,func_151277B0.NON_MATCHING,353531824,0,c
us,game,game_14FF90,func_151277B0,353531824,496,asm
us,game,game_14FF90,func_151279A0.NON_MATCHING,353532320,0,c
us,game,game_14FF90,func_151279A0,353532320,1304,asm
us,game,game_14FF90,func_15127EB8,353533624,0,asm
us,game,game_14FF90,func_15127EB8.NON_MATCHING,353533624,308,c
us,game,game_14FF90,func_15127FEC,353533932,68,c
us,game,game_14FF90,func_15128030.NON_MATCHING,353534000,0,c
us,game,game_14FF90,func_15128030,353534000,904,asm
us,game,game_14FF90,func_151283B8.NON_MATCHING,353534904,0,c
us,game,game_14FF90,func_151283B8,353534904,268,asm
us,game,game_14FF90,func_151284C4.NON_MATCHING,353535172,0,c
us,game,game_14FF90,func_151284C4,353535172,124,asm
us,game,game_14FF90,func_15128540.NON_MATCHING,353535296,0,c
us,game,game_14FF90,func_15128540,353535296,320,asm
us,game,game_14FF90,func_15128680,353535616,12,c
us,game,game_14FF90,func_1512868C,353535628,232,c
us,game,game_14FF90,func_15128774,353535860,108,c
us,game,155C90,func_151287E0.NON_MATCHING,353535968,0,asm
us,game,155C90,func_151287E0,353535968,1232,asm
us,game,156160,func_15128CB0,353537200,0,asm
us,game,156160,func_15128CB0.NON_MATCHING,353537200,368,asm
us,game,156160,.L15128E20,353537568,388,asm
us,game,156160,.L15128FA4,353537956,1100,asm
us,game,156160,.L151293F0,353539056,20,asm
us,game,156160,.L15129404,353539076,16,asm
us,game,156160,.L15129414,353539092,64,asm
us,game,156160,.L15129454,353539156,884,asm
us,game,156160,.L151297C8,353540040,176,asm
us,game,156160,.L15129878,353540216,72,asm
us,game,156160,func_151298C0,353540288,0,asm
us,game,156160,func_151298C0.NON_MATCHING,353540288,116,asm
us,game,156160,func_15129934,353540404,0,asm
us,game,156160,func_15129934.NON_MATCHING,353540404,764,asm
us,game,1570E0,func_15129C30,353541168,0,asm
us,game,1570E0,func_15129C30.NON_MATCHING,353541168,1840,asm
us,game,1570E0,func_1512A360,353543008,0,asm
us,game,1570E0,func_1512A360.NON_MATCHING,353543008,48,asm
us,game,157840,func_1512A390.NON_MATCHING,353543056,0,asm
us,game,157840,func_1512A390,353543056,2152,asm
us,game,157840,func_1512ABF8.NON_MATCHING,353545208,0,asm
us,game,157840,func_1512ABF8,353545208,348,asm
us,game,157840,func_1512AD54.NON_MATCHING,353545556,0,asm
us,game,157840,func_1512AD54,353545556,940,asm
us,game,157840,func_1512B100.NON_MATCHING,353546496,0,asm
us,game,157840,func_1512B100,353546496,184,asm
us,game,157840,func_1512B1B8,353546680,0,asm
us,game,157840,func_1512B1B8.NON_MATCHING,353546680,900,asm
us,game,157840,func_1512B53C.NON_MATCHING,353547580,0,asm
us,game,157840,func_1512B53C,353547580,192,asm
us,game,157840,func_1512B5FC,353547772,0,asm
us,game,157840,func_1512B5FC.NON_MATCHING,353547772,52,asm
us,game,157840,func_1512B630.NON_MATCHING,353547824,0,asm
us,game,157840,func_1512B630,353547824,256,asm
us,game,157840,func_1512B730.NON_MATCHING,353548080,0,asm
us,game,157840,func_1512B730,353548080,992,asm
us,game,157840,func_1512BB10.NON_MATCHING,353549072,0,asm
us,game,157840,func_1512BB10,353549072,1368,asm
us,game,157840,func_1512C068,353550440,0,asm
us,game,157840,func_1512C068.NON_MATCHING,353550440,232,asm
us,game,157840,func_1512C150,353550672,0,asm
us,game,157840,func_1512C150.NON_MATCHING,353550672,176,asm
us,game,157840,func_1512C200,353550848,0,asm
us,game,157840,func_1512C200.NON_MATCHING,353550848,12,asm
us,game,157840,func_1512C20C,353550860,0,asm
us,game,157840,func_1512C20C.NON_MATCHING,353550860,624,asm
us,game,157840,func_1512C47C.NON_MATCHING,353551484,0,asm
us,game,157840,func_1512C47C,353551484,20,asm
us,game,159940,func_1512C490.NON_MATCHING,353551504,0,asm
us,game,159940,func_1512C490,353551504,3040,asm
us,game,159940,func_1512D070,353554544,0,asm
us,game,159940,func_1512D070.NON_MATCHING,353554544,456,asm
us,game,159940,func_1512D238.NON_MATCHING,353555000,0,asm
us,game,159940,func_1512D238,353555000,172,asm
us,game,159940,func_1512D2E4.NON_MATCHING,353555172,0,asm
us,game,159940,func_1512D2E4,353555172,20,asm
us,game,159940,func_1512D2F8,353555192,0,asm
us,game,159940,func_1512D2F8.NON_MATCHING,353555192,112,asm
us,game,159940,func_1512D368,353555304,0,asm
us,game,159940,func_1512D368.NON_MATCHING,353555304,24,asm
us,game,game_15A830,func_1512D380,353555328,16,c
us,game,15A840,func_1512D390,353555344,0,asm
us,game,15A840,func_1512D390.NON_MATCHING,353555344,464,asm
us,game,15AA10,func_1512D560.NON_MATCHING,353555808,0,asm
us,game,15AA10,func_1512D560,353555808,164,asm
us,game,15AA10,func_1512D604,353555972,0,asm
us,game,15AA10,func_1512D604.NON_MATCHING,353555972,104,asm
us,game,15AA10,func_1512D66C,353556076,0,asm
us,game,15AA10,func_1512D66C.NON_MATCHING,353556076,68,asm
us,game,15AA10,func_1512D6B0.NON_MATCHING,353556144,0,asm
us,game,15AA10,func_1512D6B0,353556144,64,asm
us,game,15ABA0,func_1512D6F0.NON_MATCHING,353556208,0,asm
us,game,15ABA0,func_1512D6F0,353556208,88,asm
us,game,15ABA0,func_1512D748,353556296,0,asm
us,game,15ABA0,func_1512D748.NON_MATCHING,353556296,568,asm
us,game,15ABA0,func_1512D980.NON_MATCHING,353556864,0,asm
us,game,15ABA0,func_1512D980,353556864,976,asm
us,game,game_15B200,func_1512DD50,353557840,0,asm
us,game,game_15B200,func_1512DD50.NON_MATCHING,353557840,340,c
us,game,game_15B200,func_1512DEA4.NON_MATCHING,353558180,0,c
us,game,game_15B200,func_1512DEA4,353558180,668,asm
us,game,15B5F0,func_1512E140,353558848,0,asm
us,game,15B5F0,func_1512E140.NON_MATCHING,353558848,880,asm
us,game,15B960,func_1512E4B0,353559728,0,asm
us,game,15B960,func_1512E4B0.NON_MATCHING,353559728,320,asm
us,game,15BAA0,func_1512E5F0.NON_MATCHING,353560048,0,asm
us,game,15BAA0,func_1512E5F0,353560048,752,asm
us,game,15BD90,func_1512E8E0.NON_MATCHING,353560800,0,asm
us,game,15BD90,func_1512E8E0,353560800,5408,asm
us,game,15BD90,func_1512FE00,353566208,0,asm
us,game,15BD90,func_1512FE00.NON_MATCHING,353566208,52,asm
us,game,15BD90,.L1512FE34,353566260,36,asm
us,game,15BD90,.L1512FE58,353566296,48,asm
us,game,15BD90,.L1512FE88,353566344,48,asm
us,game,15BD90,.L1512FEB8,353566392,44,asm
us,game,15BD90,.L1512FEE4,353566436,56,asm
us,game,15BD90,.L1512FF1C,353566492,44,asm
us,game,15BD90,.L1512FF48,353566536,44,asm
us,game,15BD90,.L1512FF74,353566580,48,asm
us,game,15BD90,.L1512FFA4,353566628,36,asm
us,game,15BD90,.L1512FFC8,353566664,36,asm
us,game,15BD90,.L1512FFEC,353566700,48,asm
us,game,15BD90,.L1513001C,353566748,48,asm
us,game,15BD90,.L1513004C,353566796,40,asm
us,game,15BD90,.L15130074,353566836,56,asm
us,game,15BD90,.L151300AC,353566892,44,asm
us,game,15BD90,.L151300D8,353566936,48,asm
us,game,15BD90,.L15130108,353566984,48,asm
us,game,15BD90,.L15130138,353567032,44,asm
us,game,15BD90,.L15130164,353567076,44,asm
us,game,15BD90,.L15130190,353567120,56,asm
us,game,15BD90,.L151301C8,353567176,64,asm
us,game,15BD90,.L15130208,353567240,12,asm
us,game,15BD90,.L15130214,353567252,28,asm
us,game,15D6E0,func_15130230.NON_MATCHING,353567280,0,asm
us,game,15D6E0,func_15130230,353567280,80,asm
us,game,15D730,func_15130280,353567360,0,asm
us,game,15D730,func_15130280.NON_MATCHING,353567360,244,asm
us,game,15D730,func_15130374.NON_MATCHING,353567604,0,asm
us,game,15D730,func_15130374,353567604,72,asm
us,game,15D730,func_151303BC.NON_MATCHING,353567676,0,asm
us,game,15D730,func_151303BC,353567676,48,asm
us,game,15D730,func_151303EC,353567724,0,asm
us,game,15D730,func_151303EC.NON_MATCHING,353567724,1712,asm
us,game,15D730,func_15130A9C.NON_MATCHING,353569436,0,asm
us,game,15D730,func_15130A9C,353569436,2272,asm
us,game,15D730,func_1513137C.NON_MATCHING,353571708,0,asm
us,game,15D730,func_1513137C,353571708,52,asm
us,game,15D730,.L151313B0,353571760,44,asm
us,game,15D730,.L151313DC,353571804,52,asm
us,game,15D730,.L15131410,353571856,52,asm
us,game,15D730,.L15131444,353571908,24,asm
us,game,15D730,.L1513145C,353571932,28,asm
us,game,15D730,.L15131478,353571960,36,asm
us,game,15D730,.L1513149C,353571996,120,asm
us,game,15D730,func_15131514.NON_MATCHING,353572116,0,asm
us,game,15D730,func_15131514,353572116,52,asm
us,game,15D730,.L15131548,353572168,24,asm
us,game,15D730,.L15131560,353572192,24,asm
us,game,15D730,.L15131578,353572216,28,asm
us,game,15D730,.L15131594,353572244,32,asm
us,game,15D730,.L151315B4,353572276,36,asm
us,game,15D730,.L151315D8,353572312,28,asm
us,game,15D730,.L151315F4,353572340,88,asm
us,game,15D730,func_1513164C,353572428,0,asm
us,game,15D730,func_1513164C.NON_MATCHING,353572428,96,asm
us,game,15D730,func_151316AC,353572524,0,asm
us,game,15D730,func_151316AC.NON_MATCHING,353572524,48,asm
us,game,15D730,func_151316DC,353572572,0,asm
us,game,15D730,func_151316DC.NON_MATCHING,353572572,48,asm
us,game,15D730,func_1513170C.NON_MATCHING,353572620,0,asm
us,game,15D730,func_1513170C,353572620,48,asm
us,game,15D730,func_1513173C.NON_MATCHING,353572668,0,asm
us,game,15D730,func_1513173C,353572668,32,asm
us,game,15D730,func_1513175C,353572700,0,asm
us,game,15D730,func_1513175C.NON_MATCHING,353572700,32,asm
us,game,15D730,func_1513177C,353572732,0,asm
us,game,15D730,func_1513177C.NON_MATCHING,353572732,76,asm
us,game,15D730,func_151317C8,353572808,0,asm
us,game,15D730,func_151317C8.NON_MATCHING,353572808,76,asm
us,game,15D730,func_15131814,353572884,0,asm
us,game,15D730,func_15131814.NON_MATCHING,353572884,20,asm
us,game,15D730,func_15131828.NON_MATCHING,353572904,0,asm
us,game,15D730,func_15131828,353572904,192,asm
us,game,15D730,func_151318E8,353573096,0,asm
us,game,15D730,func_151318E8.NON_MATCHING,353573096,48,asm
us,game,15D730,func_15131918,353573144,0,asm
us,game,15D730,func_15131918.NON_MATCHING,353573144,64,asm
us,game,15D730,func_15131958,353573208,0,asm
us,game,15D730,func_15131958.NON_MATCHING,353573208,76,asm
us,game,15D730,func_151319A4,353573284,0,asm
us,game,15D730,func_151319A4.NON_MATCHING,353573284,32,asm
us,game,15D730,func_151319C4.NON_MATCHING,353573316,0,asm
us,game,15D730,func_151319C4,353573316,312,asm
us,game,15D730,func_15131AFC,353573628,0,asm
us,game,15D730,func_15131AFC.NON_MATCHING,353573628,64,asm
us,game,15D730,func_15131B3C,353573692,0,asm
us,game,15D730,func_15131B3C.NON_MATCHING,353573692,64,asm
us,game,15D730,func_15131B7C.NON_MATCHING,353573756,0,asm
us,game,15D730,func_15131B7C,353573756,176,asm
us,game,15D730,func_15131C2C.NON_MATCHING,353573932,0,asm
us,game,15D730,func_15131C2C,353573932,88,asm
us,game,15D730,func_15131C84.NON_MATCHING,353574020,0,asm
us,game,15D730,func_15131C84,353574020,200,asm
us,game,15D730,func_15131D4C,353574220,0,asm
us,game,15D730,func_15131D4C.NON_MATCHING,353574220,80,asm
us,game,15D730,func_15131D9C,353574300,0,asm
us,game,15D730,func_15131D9C.NON_MATCHING,353574300,80,asm
us,game,15D730,func_15131DEC,353574380,0,asm
us,game,15D730,func_15131DEC.NON_MATCHING,353574380,248,asm
us,game,15D730,func_15131EE4.NON_MATCHING,353574628,0,asm
us,game,15D730,func_15131EE4,353574628,748,asm
us,game,15F680,func_151321D0,353575376,0,asm
us,game,15F680,func_151321D0.NON_MATCHING,353575376,476,asm
us,game,15F680,func_151323AC.NON_MATCHING,353575852,0,asm
us,game,15F680,func_151323AC,353575852,76,asm
us,game,15F680,func_151323F8,353575928,0,asm
us,game,15F680,func_151323F8.NON_MATCHING,353575928,76,asm
us,game,15F680,func_15132444.NON_MATCHING,353576004,0,asm
us,game,15F680,func_15132444,353576004,300,asm
us,game,15F680,func_15132570.NON_MATCHING,353576304,0,asm
us,game,15F680,func_15132570,353576304,44,asm
us,game,15F680,func_1513259C.NON_MATCHING,353576348,0,asm
us,game,15F680,func_1513259C,353576348,44,asm
us,game,15F680,func_151325C8.NON_MATCHING,353576392,0,asm
us,game,15F680,func_151325C8,353576392,132,asm
us,game,15F680,func_1513264C.NON_MATCHING,353576524,0,asm
us,game,15F680,func_1513264C,353576524,1024,asm
us,game,15F680,func_15132A4C,353577548,0,asm
us,game,15F680,func_15132A4C.NON_MATCHING,353577548,60,asm
us,game,15F680,func_15132A88.NON_MATCHING,353577608,0,asm
us,game,15F680,func_15132A88,353577608,248,asm
us,game,15F680,func_15132B80,353577856,0,asm
us,game,15F680,func_15132B80.NON_MATCHING,353577856,604,asm
us,game,15F680,func_15132DDC,353578460,0,asm
us,game,15F680,func_15132DDC.NON_MATCHING,353578460,1280,asm
us,game,15F680,func_151332DC,353579740,0,asm
us,game,15F680,func_151332DC.NON_MATCHING,353579740,564,asm
us,game,15F680,func_15133510,353580304,0,asm
us,game,15F680,func_15133510.NON_MATCHING,353580304,120,asm
us,game,15F680,func_15133588.NON_MATCHING,353580424,0,asm
us,game,15F680,func_15133588,353580424,288,asm
us,game,15F680,func_151336A8.NON_MATCHING,353580712,0,asm
us,game,15F680,func_151336A8,353580712,184,asm
us,game,15F680,func_15133760,353580896,0,asm
us,game,15F680,func_15133760.NON_MATCHING,353580896,96,asm
us,game,15F680,func_151337C0,353580992,0,asm
us,game,15F680,func_151337C0.NON_MATCHING,353580992,212,asm
us,game,15F680,func_15133894.NON_MATCHING,353581204,0,asm
us,game,15F680,func_15133894,353581204,320,asm
us,game,15F680,func_151339D4,353581524,0,asm
us,game,15F680,func_151339D4.NON_MATCHING,353581524,124,asm
us,game,15F680,func_15133A50.NON_MATCHING,353581648,0,asm
us,game,15F680,func_15133A50,353581648,68,asm
us,game,15F680,func_15133A94.NON_MATCHING,353581716,0,asm
us,game,15F680,func_15133A94,353581716,260,asm
us,game,15F680,func_15133B98,353581976,0,asm
us,game,15F680,func_15133B98.NON_MATCHING,353581976,192,asm
us,game,15F680,func_15133C58,353582168,0,asm
us,game,15F680,func_15133C58.NON_MATCHING,353582168,200,asm
us,game,15F680,func_15133D20.NON_MATCHING,353582368,0,asm
us,game,15F680,func_15133D20,353582368,200,asm
us,game,15F680,func_15133DE8,353582568,0,asm
us,game,15F680,func_15133DE8.NON_MATCHING,353582568,84,asm
us,game,15F680,func_15133E3C,353582652,0,asm
us,game,15F680,func_15133E3C.NON_MATCHING,353582652,72,asm
us,game,15F680,func_15133E84.NON_MATCHING,353582724,0,asm
us,game,15F680,func_15133E84,353582724,52,asm
us,game,15F680,func_15133EB8,353582776,0,asm
us,game,15F680,func_15133EB8.NON_MATCHING,353582776,52,asm
us,game,15F680,func_15133EEC,353582828,0,asm
us,game,15F680,func_15133EEC.NON_MATCHING,353582828,236,asm
us,game,15F680,func_15133FD8,353583064,0,asm
us,game,15F680,func_15133FD8.NON_MATCHING,353583064,152,asm
us,game,game_161520,func_15134070.NON_MATCHING,353583216,0,c
us,game,game_161520,func_15134070,353583216,80,asm
us,game,game_161520,.L151340C0,353583296,8,c
us,game,game_161520,.L151340C8,353583304,8,c
us,game,game_161520,.L151340D0,353583312,8,c
us,game,game_161520,.L151340D8,353583320,8,c
us,game,game_161520,.L151340E0,353583328,8,c
us,game,game_161520,.L151340E8,353583336,8,c
us,game,game_161520,.L151340F0,353583344,8,c
us,game,game_161520,.L151340F8,353583352,8,c
us,game,game_161520,.L15134100,353583360,8,c
us,game,game_161520,.L15134108,353583368,8,c
us,game,game_161520,.L15134110,353583376,8,c
us,game,game_161520,.L15134118,353583384,8,c
us,game,game_161520,.L15134120,353583392,8,c
us,game,game_161520,.L15134128,353583400,8,c
us,game,game_161520,.L15134130,353583408,8,c
us,game,game_161520,.L15134138,353583416,8,c
us,game,game_161520,.L15134140,353583424,8,c
us,game,game_161520,.L15134148,353583432,8,c
us,game,game_161520,.L15134150,353583440,8,c
us,game,game_161520,.L15134158,353583448,8,c
us,game,game_161520,.L15134160,353583456,12,c
us,game,game_161520,func_1513416C,353583468,32,c
us,game,game_161520,func_1513418C.NON_MATCHING,353583500,0,c
us,game,game_161520,func_1513418C,353583500,304,asm
us,game,game_161520,func_151342BC,353583804,0,asm
us,game,game_161520,func_151342BC.NON_MATCHING,353583804,1044,c
us,game,game_161520,func_151346D0,353584848,28,c
us,game,game_161520,func_151346EC,353584876,32,c
us,game,game_161520,func_1513470C,353584908,32,c
us,game,game_161520,func_1513472C,353584940,80,c
us,game,game_161520,func_1513477C,353585020,80,c
us,game,game_161520,func_151347CC.NON_MATCHING,353585100,0,c
us,game,game_161520,func_151347CC,353585100,292,asm
us,game,game_161520,func_151348F0.NON_MATCHING,353585392,0,c
us,game,game_161520,func_151348F0,353585392,24,asm
us,game,game_161520,func_15134908,353585416,0,asm
us,game,game_161520,func_15134908.NON_MATCHING,353585416,200,c
us,game,game_161520,func_151349D0.NON_MATCHING,353585616,0,c
us,game,game_161520,func_151349D0,353585616,712,asm
us,game,game_161520,func_15134C98.NON_MATCHING,353586328,0,c
us,game,game_161520,func_15134C98,353586328,60,asm
us,game,game_161520,func_15134CD4.NON_MATCHING,353586388,0,c
us,game,game_161520,func_15134CD4,353586388,24,asm
us,game,game_161520,func_15134CEC.NON_MATCHING,353586412,0,c
us,game,game_161520,func_15134CEC,353586412,192,asm
us,game,game_161520,func_15134DAC.NON_MATCHING,353586604,0,c
us,game,game_161520,func_15134DAC,353586604,156,asm
us,game,game_161520,func_15134E48.NON_MATCHING,353586760,0,c
us,game,game_161520,func_15134E48,353586760,1188,asm
us,game,game_161520,func_151352EC.NON_MATCHING,353587948,0,c
us,game,game_161520,func_151352EC,353587948,32,asm
us,game,game_161520,func_1513530C.NON_MATCHING,353587980,0,c
us,game,game_161520,func_1513530C,353587980,32,asm
us,game,game_161520,func_1513532C,353588012,0,asm
us,game,game_161520,func_1513532C.NON_MATCHING,353588012,124,c
us,game,game_161520,func_151353A8,353588136,0,asm
us,game,game_161520,func_151353A8.NON_MATCHING,353588136,124,c
us,game,game_161520,func_15135424,353588260,0,asm
us,game,game_161520,func_15135424.NON_MATCHING,353588260,92,c
us,game,game_161520,func_15135480,353588352,0,asm
us,game,game_161520,func_15135480.NON_MATCHING,353588352,220,c
us,game,game_161520,func_1513555C,353588572,0,asm
us,game,game_161520,func_1513555C.NON_MATCHING,353588572,92,c
us,game,game_161520,func_151355B8,353588664,0,asm
us,game,game_161520,func_151355B8.NON_MATCHING,353588664,160,c
us,game,game_161520,func_15135658.NON_MATCHING,353588824,0,c
us,game,game_161520,func_15135658,353588824,24,asm
us,game,game_161520,func_15135670,353588848,100,c
us,game,game_161520,func_151356D4.NON_MATCHING,353588948,0,c
us,game,game_161520,func_151356D4,353588948,1316,asm
us,game,game_161520,func_15135BF8.NON_MATCHING,353590264,0,c
us,game,game_161520,func_15135BF8,353590264,472,asm
us,game,game_161520,func_15135DD0.NON_MATCHING,353590736,0,c
us,game,game_161520,func_15135DD0,353590736,1588,asm
us,game,game_161520,func_15136404.NON_MATCHING,353592324,0,c
us,game,game_161520,func_15136404,353592324,660,asm
us,game,game_161520,func_15136698.NON_MATCHING,353592984,0,c
us,game,game_161520,func_15136698,353592984,528,asm
us,game,game_161520,func_151368A8,353593512,0,asm
us,game,game_161520,func_151368A8.NON_MATCHING,353593512,112,c
us,game,game_161520,func_15136918.NON_MATCHING,353593624,0,c
us,game,game_161520,func_15136918,353593624,260,asm
us,game,game_161520,func_15136A1C.NON_MATCHING,353593884,0,c
us,game,game_161520,func_15136A1C,353593884,52,asm
us,game,game_161520,func_15136A50.NON_MATCHING,353593936,0,c
us,game,game_161520,func_15136A50,353593936,148,asm
us,game,game_161520,func_15136AE4,353594084,0,asm
us,game,game_161520,func_15136AE4.NON_MATCHING,353594084,344,c
us,game,game_161520,func_15136C3C.NON_MATCHING,353594428,0,c
us,game,game_161520,func_15136C3C,353594428,788,asm
us,game,game_161520,func_15136F50,353595216,0,asm
us,game,game_161520,func_15136F50.NON_MATCHING,353595216,1728,c
us,game,game_161520,func_15137610,353596944,0,asm
us,game,game_161520,func_15137610.NON_MATCHING,353596944,148,c
us,game,game_161520,.L151376A4,353597092,8,c
us,game,game_161520,.L151376AC,353597100,24,c
us,game,game_161520,.L151376C4,353597124,28,c
us,game,game_161520,.L151376E0,353597152,28,c
us,game,game_161520,.L151376FC,353597180,72,c
us,game,game_161520,.L15137744,353597252,248,c
us,game,game_161520,func_1513783C.NON_MATCHING,353597500,0,c
us,game,game_161520,func_1513783C,353597500,1064,asm
us,game,game_161520,func_15137C64,353598564,0,asm
us,game,game_161520,func_15137C64.NON_MATCHING,353598564,428,c
us,game,game_161520,func_15137E10.NON_MATCHING,353598992,0,c
us,game,game_161520,func_15137E10,353598992,80,asm
us,game,game_161520,func_15137E60,353599072,0,asm
us,game,game_161520,func_15137E60.NON_MATCHING,353599072,208,c
us,game,game_161520,func_15137F30.NON_MATCHING,353599280,0,c
us,game,game_161520,func_15137F30,353599280,388,asm
us,game,game_161520,func_151380B4,353599668,0,asm
us,game,game_161520,func_151380B4.NON_MATCHING,353599668,108,c
us,game,game_161520,func_15138120.NON_MATCHING,353599776,0,c
us,game,game_161520,func_15138120,353599776,448,asm
us,game,game_161520,func_151382E0,353600224,0,asm
us,game,game_161520,func_151382E0.NON_MATCHING,353600224,324,c
us,game,game_161520,func_15138424,353600548,0,asm
us,game,game_161520,func_15138424.NON_MATCHING,353600548,1412,c
us,game,game_161520,func_151389A8,353601960,0,asm
us,game,game_161520,func_151389A8.NON_MATCHING,353601960,536,c
us,game,game_161520,func_15138BC0.NON_MATCHING,353602496,0,c
us,game,game_161520,func_15138BC0,353602496,192,asm
us,game,game_161520,func_15138C80.NON_MATCHING,353602688,0,c
us,game,game_161520,func_15138C80,353602688,180,asm
us,game,game_161520,.L15138D34,353602868,32,c
us,game,game_161520,.L15138D54,353602900,24,c
us,game,game_161520,.L15138D6C,353602924,32,c
us,game,game_161520,.L15138D8C,353602956,32,c
us,game,game_161520,.L15138DAC,353602988,36,c
us,game,game_161520,.L15138DD0,353603024,40,c
us,game,game_161520,.L15138DF8,353603064,32,c
us,game,game_161520,.L15138E18,353603096,32,c
us,game,game_161520,.L15138E38,353603128,48,c
us,game,game_161520,.L15138E68,353603176,24,c
us,game,game_161520,.L15138E80,353603200,24,c
us,game,game_161520,func_15138E98.NON_MATCHING,353603224,0,c
us,game,game_161520,func_15138E98,353603224,1760,asm
us,game,game_161520,func_15139578.NON_MATCHING,353604984,0,c
us,game,game_161520,func_15139578,353604984,496,asm
us,game,game_161520,func_15139768,353605480,0,asm
us,game,game_161520,func_15139768.NON_MATCHING,353605480,1548,c
us,game,game_161520,func_15139D74.NON_MATCHING,353607028,0,c
us,game,game_161520,func_15139D74,353607028,1240,asm
us,game,game_161520,func_1513A24C,353608268,0,asm
us,game,game_161520,func_1513A24C.NON_MATCHING,353608268,576,c
us,game,game_161520,func_1513A48C,353608844,0,asm
us,game,game_161520,func_1513A48C.NON_MATCHING,353608844,264,c
us,game,game_161520,func_1513A594.NON_MATCHING,353609108,0,c
us,game,game_161520,func_1513A594,353609108,76,asm
us,game,game_161520,func_1513A5E0.NON_MATCHING,353609184,0,c
us,game,game_161520,func_1513A5E0,353609184,256,asm
us,game,game_161520,func_1513A6E0.NON_MATCHING,353609440,0,c
us,game,game_161520,func_1513A6E0,353609440,1240,asm
us,game,game_161520,func_1513ABB8,353610680,0,asm
us,game,game_161520,func_1513ABB8.NON_MATCHING,353610680,1280,c
us,game,game_161520,func_1513B0B8,353611960,0,asm
us,game,game_161520,func_1513B0B8.NON_MATCHING,353611960,64,c
us,game,game_161520,func_1513B0F8.NON_MATCHING,353612024,0,c
us,game,game_161520,func_1513B0F8,353612024,1256,asm
us,game,game_168A90,func_1513B5E0,353613280,0,asm
us,game,game_168A90,func_1513B5E0.NON_MATCHING,353613280,440,c
us,game,game_168A90,func_1513B798.NON_MATCHING,353613720,0,c
us,game,game_168A90,func_1513B798,353613720,164,asm
us,game,game_168A90,func_1513B83C,353613884,0,asm
us,game,game_168A90,func_1513B83C.NON_MATCHING,353613884,300,c
us,game,game_168A90,func_1513B968,353614184,64,c
us,game,game_168A90,func_1513B9A8,353614248,52,c
us,game,game_168A90,func_1513B9DC,353614300,52,c
us,game,game_168A90,func_1513BA10,353614352,52,c
us,game,game_168A90,func_1513BA44,353614404,52,c
us,game,game_168A90,func_1513BA78.NON_MATCHING,353614456,0,c
us,game,game_168A90,func_1513BA78,353614456,92,asm
us,game,game_168A90,func_1513BAD4,353614548,20,c
us,game,game_168A90,func_1513BAE8,353614568,0,asm
us,game,game_168A90,func_1513BAE8.NON_MATCHING,353614568,276,c
us,game,game_168A90,func_1513BBFC.NON_MATCHING,353614844,0,c
us,game,game_168A90,func_1513BBFC,353614844,692,asm
us,game,game_168A90,func_1513BEB0,353615536,0,asm
us,game,game_168A90,func_1513BEB0.NON_MATCHING,353615536,432,c
us,game,game_169510,func_1513C060,353615968,0,asm
us,game,game_169510,func_1513C060.NON_MATCHING,353615968,752,c
us,game,game_169510,func_1513C350,353616720,0,asm
us,game,game_169510,func_1513C350.NON_MATCHING,353616720,412,c
us,game,game_169510,func_1513C4EC,353617132,196,c
us,game,game_169510,func_1513C5B0,353617328,160,c
us,game,game_169510,func_1513C650,353617488,236,c
us,game,game_169510,func_1513C73C,353617724,200,c
us,game,game_169510,func_1513C804,353617924,208,c
us,game,game_169510,func_1513C8D4,353618132,44,c
us,game,game_169510,func_1513C900,353618176,44,c
us,game,game_169510,func_1513C92C,353618220,132,c
us,game,game_169510,func_1513C9B0,353618352,76,c
us,game,game_169510,func_1513C9FC,353618428,76,c
us,game,game_169510,func_1513CA48,353618504,36,c
us,game,game_169510,func_1513CA6C,353618540,52,c
us,game,game_169510,func_1513CAA0,353618592,52,c
us,game,game_169510,func_1513CAD4,353618644,132,c
us,game,game_169510,func_1513CB58,353618776,76,c
us,game,game_169510,func_1513CBA4,353618852,76,c
us,game,game_169510,func_1513CBF0,353618928,0,asm
us,game,game_169510,func_1513CBF0.NON_MATCHING,353618928,940,c
us,game,game_169510,func_1513CF9C,353619868,52,c
us,game,game_169510,func_1513CFD0,353619920,20,c
us,game,game_169510,func_1513CFE4,353619940,0,asm
us,game,game_169510,func_1513CFE4.NON_MATCHING,353619940,780,c
us,game,game_169510,func_1513D2F0.NON_MATCHING,353620720,0,c
us,game,game_169510,func_1513D2F0,353620720,456,asm
us,game,game_169510,func_1513D4B8,353621176,108,c
us,game,game_169510,func_1513D524,353621284,112,c
us,game,game_169510,func_1513D594,353621396,212,c
us,game,game_169510,func_1513D668,353621608,148,c
us,game,game_169510,func_1513D6FC,353621756,0,asm
us,game,game_169510,func_1513D6FC.NON_MATCHING,353621756,1028,c
us,game,game_169510,func_1513DB00,353622784,0,asm
us,game,game_169510,func_1513DB00.NON_MATCHING,353622784,1180,c
us,game,game_169510,func_1513DF9C.NON_MATCHING,353623964,0,c
us,game,game_169510,func_1513DF9C,353623964,80,asm
us,game,game_169510,.L1513DFEC,353624044,8,c
us,game,game_169510,.L1513DFF4,353624052,8,c
us,game,game_169510,.L1513DFFC,353624060,8,c
us,game,game_169510,.L1513E004,353624068,8,c
us,game,game_169510,.L1513E00C,353624076,8,c
us,game,game_169510,.L1513E014,353624084,8,c
us,game,game_169510,.L1513E01C,353624092,8,c
us,game,game_169510,.L1513E024,353624100,8,c
us,game,game_169510,.L1513E02C,353624108,8,c
us,game,game_169510,.L1513E034,353624116,8,c
us,game,game_169510,.L1513E03C,353624124,8,c
us,game,game_169510,.L1513E044,353624132,44,c
us,game,game_169510,func_1513E070,353624176,20,c
us,game,game_169510,func_1513E084,353624196,176,c
us,game,game_169510,func_1513E134,353624372,8,c
us,game,game_169510,func_1513E13C,353624380,0,asm
us,game,game_169510,func_1513E13C.NON_MATCHING,353624380,360,c
us,game,game_169510,func_1513E2A4,353624740,8,c
us,game,game_169510,func_1513E2AC,353624748,0,asm
us,game,game_169510,func_1513E2AC.NON_MATCHING,353624748,1084,c
us,game,game_169510,func_1513E6E8.NON_MATCHING,353625832,0,c
us,game,game_169510,func_1513E6E8,353625832,340,asm
us,game,game_169510,func_1513E83C.NON_MATCHING,353626172,0,c
us,game,game_169510,func_1513E83C,353626172,668,asm
us,game,game_169510,func_1513EAD8.NON_MATCHING,353626840,0,c
us,game,game_169510,func_1513EAD8,353626840,732,asm
us,game,game_169510,func_1513EDB4,353627572,48,c
us,game,game_169510,func_1513EDE4,353627620,48,c
us,game,game_169510,func_1513EE14,353627668,0,asm
us,game,game_169510,func_1513EE14.NON_MATCHING,353627668,768,c
us,game,game_169510,func_1513F114.NON_MATCHING,353628436,0,c
us,game,game_169510,func_1513F114,353628436,924,asm
us,game,game_169510,func_1513F4B0,353629360,52,c
us,game,game_169510,func_1513F4E4,353629412,0,asm
us,game,game_169510,func_1513F4E4.NON_MATCHING,353629412,412,c
us,game,game_169510,func_1513F680,353629824,64,c
us,game,game_169510,func_1513F6C0,353629888,0,asm
us,game,game_169510,func_1513F6C0.NON_MATCHING,353629888,40,c
us,game,game_169510,func_1513F6E8,353629928,0,asm
us,game,game_169510,func_1513F6E8.NON_MATCHING,353629928,64,c
us,game,game_169510,func_1513F728,353629992,0,asm
us,game,game_169510,func_1513F728.NON_MATCHING,353629992,772,c
us,game,game_169510,func_1513FA2C.NON_MATCHING,353630764,0,c
us,game,game_169510,func_1513FA2C,353630764,68,asm
us,game,game_169510,func_1513FA70.NON_MATCHING,353630832,0,c
us,game,game_169510,func_1513FA70,353630832,68,asm
us,game,game_169510,func_1513FAB4,353630900,0,asm
us,game,game_169510,func_1513FAB4.NON_MATCHING,353630900,1344,c
us,game,game_169510,func_1513FFF4,353632244,0,asm
us,game,game_169510,func_1513FFF4.NON_MATCHING,353632244,220,c
us,game,game_169510,func_151400D0,353632464,0,asm
us,game,game_169510,func_151400D0.NON_MATCHING,353632464,192,c
us,game,game_169510,func_15140190.NON_MATCHING,353632656,0,c
us,game,game_169510,func_15140190,353632656,536,asm
us,game,game_169510,func_151403A8,353633192,52,c
us,game,game_169510,func_151403DC,353633244,52,c
us,game,game_169510,func_15140410.NON_MATCHING,353633296,0,c
us,game,game_169510,func_15140410,353633296,668,asm
us,game,game_169510,func_151406AC,353633964,0,asm
us,game,game_169510,func_151406AC.NON_MATCHING,353633964,292,c
us,game,game_16DC80,func_151407D0.NON_MATCHING,353634256,0,c
us,game,game_16DC80,func_151407D0,353634256,212,asm
us,game,game_16DC80,func_151408A4,353634468,0,asm
us,game,game_16DC80,func_151408A4.NON_MATCHING,353634468,2304,c
us,game,game_16DC80,func_151411A4,353636772,32,c
us,game,game_16DC80,func_151411C4,353636804,32,c
us,game,game_16DC80,func_151411E4.NON_MATCHING,353636836,0,c
us,game,game_16DC80,func_151411E4,353636836,108,asm
us,game,game_16DC80,func_15141250,353636944,0,asm
us,game,game_16DC80,func_15141250.NON_MATCHING,353636944,108,c
us,game,game_16DC80,func_151412BC.NON_MATCHING,353637052,0,c
us,game,game_16DC80,func_151412BC,353637052,384,asm
us,game,game_16DC80,func_1514143C.NON_MATCHING,353637436,0,c
us,game,game_16DC80,func_1514143C,353637436,60,asm
us,game,game_16DC80,func_15141478.NON_MATCHING,353637496,0,c
us,game,game_16DC80,func_15141478,353637496,236,asm
us,game,game_16DC80,func_15141564.NON_MATCHING,353637732,0,c
us,game,game_16DC80,func_15141564,353637732,112,asm
us,game,game_16DC80,func_151415D4.NON_MATCHING,353637844,0,c
us,game,game_16DC80,func_151415D4,353637844,276,asm
us,game,game_16DC80,func_151416E8,353638120,0,asm
us,game,game_16DC80,func_151416E8.NON_MATCHING,353638120,220,c
us,game,game_16DC80,func_151417C4.NON_MATCHING,353638340,0,c
us,game,game_16DC80,func_151417C4,353638340,84,asm
us,game,game_16DC80,func_15141818,353638424,20,c
us,game,game_16DC80,func_1514182C,353638444,0,asm
us,game,game_16DC80,func_1514182C.NON_MATCHING,353638444,252,c
us,game,game_16DC80,func_15141928.NON_MATCHING,353638696,0,c
us,game,game_16DC80,func_15141928,353638696,72,asm
us,game,game_16EE20,func_15141970,353638768,32,c
us,game,game_16EE20,func_15141990,353638800,32,c
us,game,game_16EE20,func_151419B0,353638832,32,c
us,game,game_16EE20,func_151419D0.NON_MATCHING,353638864,0,c
us,game,game_16EE20,func_151419D0,353638864,172,asm
us,game,game_16EE20,func_15141A7C.NON_MATCHING,353639036,0,c
us,game,game_16EE20,func_15141A7C,353639036,400,asm
us,game,game_16EE20,func_15141C0C.NON_MATCHING,353639436,0,c
us,game,game_16EE20,func_15141C0C,353639436,80,asm
us,game,game_16EE20,.L15141C5C,353639516,8,c
us,game,game_16EE20,.L15141C64,353639524,8,c
us,game,game_16EE20,.L15141C6C,353639532,8,c
us,game,game_16EE20,.L15141C74,353639540,8,c
us,game,game_16EE20,.L15141C7C,353639548,8,c
us,game,game_16EE20,.L15141C84,353639556,8,c
us,game,game_16EE20,.L15141C8C,353639564,8,c
us,game,game_16EE20,.L15141C94,353639572,8,c
us,game,game_16EE20,.L15141C9C,353639580,8,c
us,game,game_16EE20,.L15141CA4,353639588,8,c
us,game,game_16EE20,.L15141CAC,353639596,8,c
us,game,game_16EE20,.L15141CB4,353639604,12,c
us,game,game_16EE20,func_15141CC0,353639616,0,asm
us,game,game_16EE20,func_15141CC0.NON_MATCHING,353639616,120,c
us,game,game_16EE20,.L15141D38,353639736,8,c
us,game,game_16EE20,.L15141D40,353639744,8,c
us,game,game_16EE20,.L15141D48,353639752,8,c
us,game,game_16EE20,.L15141D50,353639760,8,c
us,game,game_16EE20,.L15141D58,353639768,28,c
us,game,game_16EE20,.L15141D74,353639796,28,c
us,game,game_16EE20,.L15141D90,353639824,8,c
us,game,game_16EE20,.L15141D98,353639832,12,c
us,game,game_16EE20,func_15141DA4,353639844,148,c
us,game,game_16EE20,func_15141E38.NON_MATCHING,353639992,0,c
us,game,game_16EE20,func_15141E38,353639992,320,asm
us,game,game_16EE20,func_15141F78,353640312,0,asm
us,game,game_16EE20,func_15141F78.NON_MATCHING,353640312,384,c
us,game,game_16EE20,func_151420F8.NON_MATCHING,353640696,0,c
us,game,game_16EE20,func_151420F8,353640696,136,asm
us,game,game_16EE20,func_15142180,353640832,0,asm
us,game,game_16EE20,func_15142180.NON_MATCHING,353640832,320,c
us,game,game_16EE20,func_151422C0,353641152,28,c
us,game,game_16EE20,func_151422DC,353641180,28,c
us,game,game_16EE20,func_151422F8,353641208,28,c
us,game,game_16EE20,func_15142314.NON_MATCHING,353641236,0,c
us,game,game_16EE20,func_15142314,353641236,196,asm
us,game,game_16EE20,func_151423D8,353641432,0,asm
us,game,game_16EE20,func_151423D8.NON_MATCHING,353641432,108,c
us,game,game_16EE20,func_15142444.NON_MATCHING,353641540,0,c
us,game,game_16EE20,func_15142444,353641540,176,asm
us,game,game_16EE20,func_151424F4,353641716,0,asm
us,game,game_16EE20,func_151424F4.NON_MATCHING,353641716,268,c
us,game,game_16EE20,func_15142600.NON_MATCHING,353641984,0,c
us,game,game_16EE20,func_15142600,353641984,568,asm
us,game,game_16EE20,func_15142838.NON_MATCHING,353642552,0,c
us,game,game_16EE20,func_15142838,353642552,220,asm
us,game,game_16EE20,func_15142914.NON_MATCHING,353642772,0,c
us,game,game_16EE20,func_15142914,353642772,204,asm
us,game,game_16EE20,func_151429E0,353642976,0,asm
us,game,game_16EE20,func_151429E0.NON_MATCHING,353642976,124,c
us,game,game_16EE20,func_15142A5C.NON_MATCHING,353643100,0,c
us,game,game_16EE20,func_15142A5C,353643100,36,asm
us,game,game_16EE20,func_15142A80,353643136,0,asm
us,game,game_16EE20,func_15142A80.NON_MATCHING,353643136,64,c
us,game,game_16EE20,func_15142AC0,353643200,0,asm
us,game,game_16EE20,func_15142AC0.NON_MATCHING,353643200,68,c
us,game,game_16EE20,func_15142B04.NON_MATCHING,353643268,0,c
us,game,game_16EE20,func_15142B04,353643268,64,asm
us,game,game_16EE20,func_15142B44,353643332,0,asm
us,game,game_16EE20,func_15142B44.NON_MATCHING,353643332,56,c
us,game,game_16EE20,func_15142B7C,353643388,0,asm
us,game,game_16EE20,func_15142B7C.NON_MATCHING,353643388,148,c
us,game,game_16EE20,func_15142C10,353643536,0,asm
us,game,game_16EE20,func_15142C10.NON_MATCHING,353643536,224,c
us,game,game_16EE20,func_15142CF0.NON_MATCHING,353643760,0,c
us,game,game_16EE20,func_15142CF0,353643760,308,asm
us,game,game_16EE20,func_15142E24.NON_MATCHING,353644068,0,c
us,game,game_16EE20,func_15142E24,353644068,408,asm
us,game,game_16EE20,func_15142FBC,353644476,0,asm
us,game,game_16EE20,func_15142FBC.NON_MATCHING,353644476,136,c
us,game,game_16EE20,func_15143044.NON_MATCHING,353644612,0,c
us,game,game_16EE20,func_15143044,353644612,40,asm
us,game,game_16EE20,func_1514306C,353644652,0,asm
us,game,game_16EE20,func_1514306C.NON_MATCHING,353644652,52,c
us,game,game_16EE20,.L151430A0,353644704,12,c
us,game,game_16EE20,.L151430AC,353644716,12,c
us,game,game_16EE20,.L151430B8,353644728,8,c
us,game,game_16EE20,.L151430C0,353644736,20,c
us,game,game_16EE20,.L151430D4,353644756,8,c
us,game,game_16EE20,.L151430DC,353644764,88,c
us,game,game_16EE20,func_15143134,353644852,0,asm
us,game,game_16EE20,func_15143134.NON_MATCHING,353644852,392,c
us,game,game_16EE20,func_151432BC.NON_MATCHING,353645244,0,c
us,game,game_16EE20,func_151432BC,353645244,1016,asm
us,game,game_16EE20,func_151436B4,353646260,0,asm
us,game,game_16EE20,func_151436B4.NON_MATCHING,353646260,136,c
us,game,game_16EE20,func_1514373C.NON_MATCHING,353646396,0,c
us,game,game_16EE20,func_1514373C,353646396,88,asm
us,game,game_16EE20,func_15143794,353646484,0,asm
us,game,game_16EE20,func_15143794.NON_MATCHING,353646484,160,c
us,game,game_16EE20,func_15143834.NON_MATCHING,353646644,0,c
us,game,game_16EE20,func_15143834,353646644,64,asm
us,game,game_16EE20,func_15143874.NON_MATCHING,353646708,0,c
us,game,game_16EE20,func_15143874,353646708,100,asm
us,game,game_16EE20,func_151438D8.NON_MATCHING,353646808,0,c
us,game,game_16EE20,func_151438D8,353646808,1088,asm
us,game,game_16EE20,func_15143D18,353647896,0,asm
us,game,game_16EE20,func_15143D18.NON_MATCHING,353647896,144,c
us,game,game_16EE20,func_15143DA8,353648040,0,asm
us,game,game_16EE20,func_15143DA8.NON_MATCHING,353648040,96,c
us,game,game_16EE20,func_15143E08,353648136,28,c
us,game,game_16EE20,func_15143E24,353648164,0,asm
us,game,game_16EE20,func_15143E24.NON_MATCHING,353648164,64,c
us,game,game_16EE20,func_15143E64.NON_MATCHING,353648228,0,c
us,game,game_16EE20,func_15143E64,353648228,48,asm
us,game,game_16EE20,func_15143E94,353648276,0,asm
us,game,game_16EE20,func_15143E94.NON_MATCHING,353648276,392,c
us,game,game_16EE20,func_1514401C.NON_MATCHING,353648668,0,c
us,game,game_16EE20,func_1514401C,353648668,392,asm
us,game,game_16EE20,func_151441A4,353649060,0,asm
us,game,game_16EE20,func_151441A4.NON_MATCHING,353649060,44,c
us,game,game_16EE20,.L151441D0,353649104,36,c
us,game,game_16EE20,.L151441F4,353649140,24,c
us,game,game_16EE20,.L1514420C,353649164,28,c
us,game,game_16EE20,.L15144228,353649192,72,c
us,game,game_16EE20,.L15144270,353649264,140,c
us,game,game_16EE20,func_151442FC,353649404,0,asm
us,game,game_16EE20,func_151442FC.NON_MATCHING,353649404,40,c
us,game,game_16EE20,.L15144324,353649444,36,c
us,game,game_16EE20,.L15144348,353649480,32,c
us,game,game_16EE20,.L15144368,353649512,24,c
us,game,game_16EE20,.L15144380,353649536,24,c
us,game,game_16EE20,.L15144398,353649560,28,c
us,game,game_16EE20,.L151443B4,353649588,28,c
us,game,game_16EE20,.L151443D0,353649616,44,c
us,game,game_16EE20,.L151443FC,353649660,44,c
us,game,game_16EE20,.L15144428,353649704,36,c
us,game,game_16EE20,.L1514444C,353649740,36,c
us,game,game_16EE20,.L15144470,353649776,36,c
us,game,game_16EE20,.L15144494,353649812,72,c
us,game,game_16EE20,func_151444DC.NON_MATCHING,353649884,0,c
us,game,game_16EE20,func_151444DC,353649884,76,asm
us,game,game_16EE20,func_15144528,353649960,0,asm
us,game,game_16EE20,func_15144528.NON_MATCHING,353649960,112,c
us,game,game_16EE20,func_15144598,353650072,0,asm
us,game,game_16EE20,func_15144598.NON_MATCHING,353650072,148,c
us,game,game_16EE20,func_1514462C.NON_MATCHING,353650220,0,c
us,game,game_16EE20,func_1514462C,353650220,224,asm
us,game,game_16EE20,func_1514470C.NON_MATCHING,353650444,0,c
us,game,game_16EE20,func_1514470C,353650444,872,asm
us,game,game_16EE20,func_15144A74,353651316,0,asm
us,game,game_16EE20,func_15144A74.NON_MATCHING,353651316,52,c
us,game,game_16EE20,func_15144AA8.NON_MATCHING,353651368,0,c
us,game,game_16EE20,func_15144AA8,353651368,140,asm
us,game,game_16EE20,func_15144B34.NON_MATCHING,353651508,0,c
us,game,game_16EE20,func_15144B34,353651508,52,asm
us,game,game_16EE20,func_15144B68,353651560,0,asm
us,game,game_16EE20,func_15144B68.NON_MATCHING,353651560,96,c
us,game,game_16EE20,func_15144BC8.NON_MATCHING,353651656,0,c
us,game,game_16EE20,func_15144BC8,353651656,100,asm
us,game,game_16EE20,func_15144C2C,353651756,96,c
us,game,game_16EE20,func_15144C8C,353651852,96,c
us,game,game_16EE20,func_15144CEC.NON_MATCHING,353651948,0,c
us,game,game_16EE20,func_15144CEC,353651948,404,asm
us,game,game_16EE20,func_15144E80,353652352,0,asm
us,game,game_16EE20,func_15144E80.NON_MATCHING,353652352,564,c
us,game,game_16EE20,func_151450B4,353652916,116,c
us,game,game_16EE20,func_15145128.NON_MATCHING,353653032,0,c
us,game,game_16EE20,func_15145128,353653032,200,asm
us,game,game_16EE20,func_151451F0.NON_MATCHING,353653232,0,c
us,game,game_16EE20,func_151451F0,353653232,212,asm
us,game,game_16EE20,func_151452C4.NON_MATCHING,353653444,0,c
us,game,game_16EE20,func_151452C4,353653444,504,asm
us,game,game_16EE20,func_151454BC,353653948,140,c
us,game,game_16EE20,func_15145548,353654088,0,asm
us,game,game_16EE20,func_15145548.NON_MATCHING,353654088,244,c
us,game,game_16EE20,func_1514563C.NON_MATCHING,353654332,0,c
us,game,game_16EE20,func_1514563C,353654332,260,asm
us,game,game_16EE20,func_15145740,353654592,0,asm
us,game,game_16EE20,func_15145740.NON_MATCHING,353654592,564,c
us,game,game_16EE20,func_15145974,353655156,152,c
us,game,game_16EE20,func_15145A0C,353655308,68,c
us,game,game_16EE20,func_15145A50,353655376,136,c
us,game,game_16EE20,func_15145AD8,353655512,0,asm
us,game,game_16EE20,func_15145AD8.NON_MATCHING,353655512,440,c
us,game,game_16EE20,func_15145C90,353655952,64,c
us,game,game_16EE20,func_15145CD0.NON_MATCHING,353656016,0,c
us,game,game_16EE20,func_15145CD0,353656016,228,asm
us,game,game_16EE20,func_15145DB4,353656244,0,asm
us,game,game_16EE20,func_15145DB4.NON_MATCHING,353656244,240,c
us,game,game_16EE20,func_15145EA4,353656484,0,asm
us,game,game_16EE20,func_15145EA4.NON_MATCHING,353656484,468,c
us,game,game_16EE20,func_15146078,353656952,0,asm
us,game,game_16EE20,func_15146078.NON_MATCHING,353656952,592,c
us,game,game_16EE20,func_151462C8.NON_MATCHING,353657544,0,c
us,game,game_16EE20,func_151462C8,353657544,496,asm
us,game,game_16EE20,func_151464B8,353658040,0,asm
us,game,game_16EE20,func_151464B8.NON_MATCHING,353658040,80,c
us,game,game_16EE20,func_15146508,353658120,68,c
us,game,game_16EE20,func_1514654C.NON_MATCHING,353658188,0,c
us,game,game_16EE20,func_1514654C,353658188,480,asm
us,game,game_16EE20,func_1514672C,353658668,0,asm
us,game,game_16EE20,func_1514672C.NON_MATCHING,353658668,120,c
us,game,game_16EE20,func_151467A4,353658788,236,c
us,game,173D40,func_15146890.NON_MATCHING,353659024,0,asm
us,game,173D40,func_15146890,353659024,224,asm
us,game,173D40,func_15146970.NON_MATCHING,353659248,0,asm
us,game,173D40,func_15146970,353659248,48,asm
us,game,173D40,.L151469A0,353659296,8,asm
us,game,173D40,.L151469A8,353659304,8,asm
us,game,173D40,.L151469B0,353659312,8,asm
us,game,173D40,.L151469B8,353659320,8,asm
us,game,173D40,.L151469C0,353659328,8,asm
us,game,173D40,.L151469C8,353659336,60,asm
us,game,173D40,.L15146A04,353659396,8,asm
us,game,173D40,.L15146A0C,353659404,8,asm
us,game,173D40,.L15146A14,353659412,132,asm
us,game,173D40,func_15146A98,353659544,0,asm
us,game,173D40,func_15146A98.NON_MATCHING,353659544,288,asm
us,game,173D40,func_15146BB8.NON_MATCHING,353659832,0,asm
us,game,173D40,func_15146BB8,353659832,32,asm
us,game,173D40,func_15146BD8,353659864,0,asm
us,game,173D40,func_15146BD8.NON_MATCHING,353659864,32,asm
us,game,173D40,func_15146BF8.NON_MATCHING,353659896,0,asm
us,game,173D40,func_15146BF8,353659896,360,asm
us,game,173D40,func_15146D60.NON_MATCHING,353660256,0,asm
us,game,173D40,func_15146D60,353660256,292,asm
us,game,173D40,func_15146E84.NON_MATCHING,353660548,0,asm
us,game,173D40,func_15146E84,353660548,444,asm
us,game,173D40,func_15147040,353660992,0,asm
us,game,173D40,func_15147040.NON_MATCHING,353660992,188,asm
us,game,173D40,func_151470FC,353661180,0,asm
us,game,173D40,func_151470FC.NON_MATCHING,353661180,540,asm
us,game,173D40,func_15147318,353661720,0,asm
us,game,173D40,func_15147318.NON_MATCHING,353661720,352,asm
us,game,173D40,func_15147478,353662072,0,asm
us,game,173D40,func_15147478.NON_MATCHING,353662072,352,asm
us,game,173D40,func_151475D8,353662424,0,asm
us,game,173D40,func_151475D8.NON_MATCHING,353662424,360,asm
us,game,174BF0,func_15147740,353662784,0,asm
us,game,174BF0,func_15147740.NON_MATCHING,353662784,400,asm
us,game,174BF0,func_151478D0.NON_MATCHING,353663184,0,asm
us,game,174BF0,func_151478D0,353663184,36,asm
us,game,174BF0,func_151478F4.NON_MATCHING,353663220,0,asm
us,game,174BF0,func_151478F4,353663220,52,asm
us,game,174BF0,func_15147928,353663272,0,asm
us,game,174BF0,func_15147928.NON_MATCHING,353663272,52,asm
us,game,174BF0,func_1514795C,353663324,0,asm
us,game,174BF0,func_1514795C.NON_MATCHING,353663324,132,asm
us,game,174BF0,func_151479E0,353663456,0,asm
us,game,174BF0,func_151479E0.NON_MATCHING,353663456,80,asm
us,game,174BF0,func_15147A30.NON_MATCHING,353663536,0,asm
us,game,174BF0,func_15147A30,353663536,80,asm
us,game,174BF0,func_15147A80,353663616,0,asm
us,game,174BF0,func_15147A80.NON_MATCHING,353663616,460,asm
us,game,174BF0,func_15147C4C,353664076,0,asm
us,game,174BF0,func_15147C4C.NON_MATCHING,353664076,208,asm
us,game,174BF0,func_15147D1C,353664284,0,asm
us,game,174BF0,func_15147D1C.NON_MATCHING,353664284,72,asm
us,game,174BF0,func_15147D64.NON_MATCHING,353664356,0,asm
us,game,174BF0,func_15147D64,353664356,60,asm
us,game,175250,func_15147DA0.NON_MATCHING,353664416,0,asm
us,game,175250,func_15147DA0,353664416,280,asm
us,game,175250,func_15147EB8.NON_MATCHING,353664696,0,asm
us,game,175250,func_15147EB8,353664696,388,asm
us,game,175250,func_1514803C.NON_MATCHING,353665084,0,asm
us,game,175250,func_1514803C,353665084,2184,asm
us,game,175250,func_151488C4,353667268,0,asm
us,game,175250,func_151488C4.NON_MATCHING,353667268,560,asm
us,game,175250,func_15148AF4,353667828,0,asm
us,game,175250,func_15148AF4.NON_MATCHING,353667828,176,asm
us,game,175250,func_15148BA4,353668004,0,asm
us,game,175250,func_15148BA4.NON_MATCHING,353668004,572,asm
us,game,175250,func_15148DE0,353668576,0,asm
us,game,175250,func_15148DE0.NON_MATCHING,353668576,280,asm
us,game,175250,func_15148EF8.NON_MATCHING,353668856,0,asm
us,game,175250,func_15148EF8,353668856,36,asm
us,game,175250,func_15148F1C,353668892,0,asm
us,game,175250,func_15148F1C.NON_MATCHING,353668892,428,asm
us,game,175250,func_151490C8.NON_MATCHING,353669320,0,asm
us,game,175250,func_151490C8,353669320,60,asm
us,game,175250,func_15149104.NON_MATCHING,353669380,0,asm
us,game,175250,func_15149104,353669380,44,asm
us,game,game_1765E0,func_15149130,353669424,196,c
us,game,game_1765E0,func_151491F4,353669620,112,c
us,game,game_1765E0,func_15149264,353669732,180,c
us,game,game_1765E0,func_15149318,353669912,36,c
us,game,game_1765E0,func_1514933C,353669948,44,c
us,game,game_1765E0,func_15149368,353669992,44,c
us,game,game_1765E0,func_15149394,353670036,80,c
us,game,game_1765E0,func_151493E4,353670116,80,c
us,game,game_1765E0,func_15149434,353670196,92,c
us,game,game_1765E0,func_15149490,353670288,80,c
us,game,game_1765E0,func_151494E0,353670368,52,c
us,game,game_1765E0,func_15149514,353670420,60,c
us,game,176A00,func_15149550.NON_MATCHING,353670480,0,asm
us,game,176A00,func_15149550,353670480,744,asm
us,game,176A00,func_15149838.NON_MATCHING,353671224,0,asm
us,game,176A00,func_15149838,353671224,604,asm
us,game,176A00,func_15149A94.NON_MATCHING,353671828,0,asm
us,game,176A00,func_15149A94,353671828,352,asm
us,game,176A00,func_15149BF4,353672180,0,asm
us,game,176A00,func_15149BF4.NON_MATCHING,353672180,100,asm
us,game,176A00,func_15149C58.NON_MATCHING,353672280,0,asm
us,game,176A00,func_15149C58,353672280,192,asm
us,game,176A00,func_15149D18.NON_MATCHING,353672472,0,asm
us,game,176A00,func_15149D18,353672472,428,asm
us,game,176A00,func_15149EC4.NON_MATCHING,353672900,0,asm
us,game,176A00,func_15149EC4,353672900,268,asm
us,game,176A00,func_15149FD0,353673168,0,asm
us,game,176A00,func_15149FD0.NON_MATCHING,353673168,460,asm
us,game,176A00,func_1514A19C,353673628,0,asm
us,game,176A00,func_1514A19C.NON_MATCHING,353673628,484,asm
us,game,176A00,func_1514A380,353674112,0,asm
us,game,176A00,func_1514A380.NON_MATCHING,353674112,280,asm
us,game,176A00,func_1514A498.NON_MATCHING,353674392,0,asm
us,game,176A00,func_1514A498,353674392,84,asm
us,game,176A00,func_1514A4EC,353674476,0,asm
us,game,176A00,func_1514A4EC.NON_MATCHING,353674476,168,asm
us,game,176A00,func_1514A594,353674644,0,asm
us,game,176A00,func_1514A594.NON_MATCHING,353674644,268,asm
us,game,176A00,func_1514A6A0.NON_MATCHING,353674912,0,asm
us,game,176A00,func_1514A6A0,353674912,1212,asm
us,game,176A00,func_1514AB5C,353676124,0,asm
us,game,176A00,func_1514AB5C.NON_MATCHING,353676124,576,asm
us,game,176A00,func_1514AD9C.NON_MATCHING,353676700,0,asm
us,game,176A00,func_1514AD9C,353676700,472,asm
us,game,176A00,func_1514AF74.NON_MATCHING,353677172,0,asm
us,game,176A00,func_1514AF74,353677172,192,asm
us,game,176A00,func_1514B034,353677364,0,asm
us,game,176A00,func_1514B034.NON_MATCHING,353677364,816,asm
us,game,176A00,func_1514B364.NON_MATCHING,353678180,0,asm
us,game,176A00,func_1514B364,353678180,1248,asm
us,game,176A00,func_1514B844.NON_MATCHING,353679428,0,asm
us,game,176A00,func_1514B844,353679428,56,asm
us,game,176A00,func_1514B87C.NON_MATCHING,353679484,0,asm
us,game,176A00,func_1514B87C,353679484,52,asm
us,game,176A00,func_1514B8B0.NON_MATCHING,353679536,0,asm
us,game,176A00,func_1514B8B0,353679536,52,asm
us,game,176A00,func_1514B8E4,353679588,0,asm
us,game,176A00,func_1514B8E4.NON_MATCHING,353679588,804,asm
us,game,176A00,func_1514BC08.NON_MATCHING,353680392,0,asm
us,game,176A00,func_1514BC08,353680392,504,asm
us,game,176A00,func_1514BE00.NON_MATCHING,353680896,0,asm
us,game,176A00,func_1514BE00,353680896,32,asm
us,game,176A00,func_1514BE20.NON_MATCHING,353680928,0,asm
us,game,176A00,func_1514BE20,353680928,304,asm
us,game,176A00,func_1514BF50.NON_MATCHING,353681232,0,asm
us,game,176A00,func_1514BF50,353681232,44,asm
us,game,176A00,func_1514BF7C,353681276,0,asm
us,game,176A00,func_1514BF7C.NON_MATCHING,353681276,32,asm
us,game,176A00,func_1514BF9C,353681308,0,asm
us,game,176A00,func_1514BF9C.NON_MATCHING,353681308,700,asm
us,game,176A00,func_1514C258,353682008,0,asm
us,game,176A00,func_1514C258.NON_MATCHING,353682008,48,asm
us,game,176A00,func_1514C288,353682056,0,asm
us,game,176A00,func_1514C288.NON_MATCHING,353682056,48,asm
us,game,176A00,func_1514C2B8,353682104,0,asm
us,game,176A00,func_1514C2B8.NON_MATCHING,353682104,56,asm
us,game,176A00,func_1514C2F0,353682160,0,asm
us,game,176A00,func_1514C2F0.NON_MATCHING,353682160,384,asm
us,game,176A00,func_1514C470.NON_MATCHING,353682544,0,asm
us,game,176A00,func_1514C470,353682544,520,asm
us,game,176A00,func_1514C678,353683064,0,asm
us,game,176A00,func_1514C678.NON_MATCHING,353683064,480,asm
us,game,176A00,func_1514C858,353683544,0,asm
us,game,176A00,func_1514C858.NON_MATCHING,353683544,552,asm
us,game,179F30,func_1514CA80.NON_MATCHING,353684096,0,asm
us,game,179F30,func_1514CA80,353684096,40,asm
us,game,179F30,.L1514CAA8,353684136,16,asm
us,game,179F30,.L1514CAB8,353684152,16,asm
us,game,179F30,.L1514CAC8,353684168,16,asm
us,game,179F30,.L1514CAD8,353684184,16,asm
us,game,179F30,.L1514CAE8,353684200,16,asm
us,game,179F30,.L1514CAF8,353684216,16,asm
us,game,179F30,.L1514CB08,353684232,16,asm
us,game,179F30,.L1514CB18,353684248,16,asm
us,game,179F30,.L1514CB28,353684264,16,asm
us,game,179F30,.L1514CB38,353684280,16,asm
us,game,179F30,.L1514CB48,353684296,16,asm
us,game,179F30,.L1514CB58,353684312,16,asm
us,game,179F30,.L1514CB68,353684328,16,asm
us,game,179F30,.L1514CB78,353684344,16,asm
us,game,179F30,.L1514CB88,353684360,16,asm
us,game,179F30,.L1514CB98,353684376,16,asm
us,game,179F30,.L1514CBA8,353684392,16,asm
us,game,179F30,.L1514CBB8,353684408,12,asm
us,game,179F30,.L1514CBC4,353684420,16,asm
us,game,179F30,.L1514CBD4,353684436,16,asm
us,game,179F30,.L1514CBE4,353684452,16,asm
us,game,179F30,.L1514CBF4,353684468,16,asm
us,game,179F30,.L1514CC04,353684484,16,asm
us,game,179F30,.L1514CC14,353684500,16,asm
us,game,179F30,.L1514CC24,353684516,16,asm
us,game,179F30,.L1514CC34,353684532,16,asm
us,game,179F30,.L1514CC44,353684548,12,asm
us,game,179F30,.L1514CC50,353684560,68,asm
us,game,179F30,.L1514CC94,353684628,52,asm
us,game,179F30,.L1514CCC8,353684680,44,asm
us,game,179F30,.L1514CCF4,353684724,44,asm
us,game,179F30,.L1514CD20,353684768,48,asm
us,game,179F30,.L1514CD50,353684816,48,asm
us,game,179F30,.L1514CD80,353684864,48,asm
us,game,179F30,.L1514CDB0,353684912,48,asm
us,game,179F30,.L1514CDE0,353684960,48,asm
us,game,179F30,.L1514CE10,353685008,48,asm
us,game,179F30,.L1514CE40,353685056,48,asm
us,game,179F30,.L1514CE70,353685104,48,asm
us,game,179F30,.L1514CEA0,353685152,48,asm
us,game,179F30,.L1514CED0,353685200,64,asm
us,game,179F30,.L1514CF10,353685264,44,asm
us,game,179F30,.L1514CF3C,353685308,44,asm
us,game,179F30,.L1514CF68,353685352,16,asm
us,game,179F30,.L1514CF78,353685368,52,asm
us,game,179F30,.L1514CFAC,353685420,16,asm
us,game,179F30,.L1514CFBC,353685436,20,asm
us,game,179F30,.L1514CFD0,353685456,20,asm
us,game,179F30,.L1514CFE4,353685476,16,asm
us,game,179F30,.L1514CFF4,353685492,56,asm
us,game,179F30,.L1514D02C,353685548,16,asm
us,game,179F30,.L1514D03C,353685564,16,asm
us,game,179F30,.L1514D04C,353685580,20,asm
us,game,179F30,.L1514D060,353685600,16,asm
us,game,179F30,.L1514D070,353685616,16,asm
us,game,179F30,.L1514D080,353685632,20,asm
us,game,179F30,.L1514D094,353685652,16,asm
us,game,179F30,.L1514D0A4,353685668,16,asm
us,game,179F30,.L1514D0B4,353685684,16,asm
us,game,179F30,.L1514D0C4,353685700,20,asm
us,game,179F30,.L1514D0D8,353685720,40,asm
us,game,179F30,.L1514D100,353685760,40,asm
us,game,179F30,.L1514D128,353685800,40,asm
us,game,179F30,.L1514D150,353685840,12,asm
us,game,179F30,func_1514D15C.NON_MATCHING,353685852,0,asm
us,game,179F30,func_1514D15C,353685852,436,asm
us,game,179F30,func_1514D310,353686288,0,asm
us,game,179F30,func_1514D310.NON_MATCHING,353686288,160,asm
us,game,179F30,func_1514D3B0.NON_MATCHING,353686448,0,asm
us,game,179F30,func_1514D3B0,353686448,264,asm
us,game,179F30,func_1514D4B8,353686712,0,asm
us,game,179F30,func_1514D4B8.NON_MATCHING,353686712,172,asm
us,game,179F30,func_1514D564,353686884,0,asm
us,game,179F30,func_1514D564.NON_MATCHING,353686884,232,asm
us,game,179F30,func_1514D64C,353687116,0,asm
us,game,179F30,func_1514D64C.NON_MATCHING,353687116,800,asm
us,game,179F30,func_1514D96C,353687916,0,asm
us,game,179F30,func_1514D96C.NON_MATCHING,353687916,12,asm
us,game,179F30,func_1514D978,353687928,0,asm
us,game,179F30,func_1514D978.NON_MATCHING,353687928,124,asm
us,game,179F30,func_1514D9F4,353688052,0,asm
us,game,179F30,func_1514D9F4.NON_MATCHING,353688052,68,asm
us,game,179F30,func_1514DA38.NON_MATCHING,353688120,0,asm
us,game,179F30,func_1514DA38,353688120,108,asm
us,game,179F30,func_1514DAA4,353688228,0,asm
us,game,179F30,func_1514DAA4.NON_MATCHING,353688228,116,asm
us,game,179F30,func_1514DB18,353688344,0,asm
us,game,179F30,func_1514DB18.NON_MATCHING,353688344,64,asm
us,game,179F30,func_1514DB58.NON_MATCHING,353688408,0,asm
us,game,179F30,func_1514DB58,353688408,12,asm
us,game,179F30,func_1514DB64,353688420,0,asm
us,game,179F30,func_1514DB64.NON_MATCHING,353688420,52,asm
us,game,179F30,func_1514DB98,353688472,0,asm
us,game,179F30,func_1514DB98.NON_MATCHING,353688472,32,asm
us,game,179F30,func_1514DBB8,353688504,0,asm
us,game,179F30,func_1514DBB8.NON_MATCHING,353688504,128,asm
us,game,179F30,func_1514DC38,353688632,0,asm
us,game,179F30,func_1514DC38.NON_MATCHING,353688632,36,asm
us,game,179F30,func_1514DC5C.NON_MATCHING,353688668,0,asm
us,game,179F30,func_1514DC5C,353688668,40,asm
us,game,179F30,func_1514DC84.NON_MATCHING,353688708,0,asm
us,game,179F30,func_1514DC84,353688708,20,asm
us,game,179F30,func_1514DC98.NON_MATCHING,353688728,0,asm
us,game,179F30,func_1514DC98,353688728,20,asm
us,game,179F30,func_1514DCAC.NON_MATCHING,353688748,0,asm
us,game,179F30,func_1514DCAC,353688748,72,asm
us,game,179F30,func_1514DCF4.NON_MATCHING,353688820,0,asm
us,game,179F30,func_1514DCF4,353688820,56,asm
us,game,179F30,func_1514DD2C.NON_MATCHING,353688876,0,asm
us,game,179F30,func_1514DD2C,353688876,32,asm
us,game,179F30,func_1514DD4C,353688908,0,asm
us,game,179F30,func_1514DD4C.NON_MATCHING,353688908,32,asm
us,game,179F30,func_1514DD6C.NON_MATCHING,353688940,0,asm
us,game,179F30,func_1514DD6C,353688940,32,asm
us,game,179F30,func_1514DD8C,353688972,0,asm
us,game,179F30,func_1514DD8C.NON_MATCHING,353688972,32,asm
us,game,179F30,func_1514DDAC,353689004,0,asm
us,game,179F30,func_1514DDAC.NON_MATCHING,353689004,32,asm
us,game,179F30,func_1514DDCC.NON_MATCHING,353689036,0,asm
us,game,179F30,func_1514DDCC,353689036,32,asm
us,game,179F30,func_1514DDEC,353689068,0,asm
us,game,179F30,func_1514DDEC.NON_MATCHING,353689068,32,asm
us,game,179F30,func_1514DE0C.NON_MATCHING,353689100,0,asm
us,game,179F30,func_1514DE0C,353689100,32,asm
us,game,179F30,func_1514DE2C,353689132,0,asm
us,game,179F30,func_1514DE2C.NON_MATCHING,353689132,12,asm
us,game,179F30,func_1514DE38.NON_MATCHING,353689144,0,asm
us,game,179F30,func_1514DE38,353689144,12,asm
us,game,179F30,func_1514DE44,353689156,0,asm
us,game,179F30,func_1514DE44.NON_MATCHING,353689156,12,asm
us,game,179F30,func_1514DE50.NON_MATCHING,353689168,0,asm
us,game,179F30,func_1514DE50,353689168,56,asm
us,game,179F30,func_1514DE88.NON_MATCHING,353689224,0,asm
us,game,179F30,func_1514DE88,353689224,12,asm
us,game,179F30,func_1514DE94.NON_MATCHING,353689236,0,asm
us,game,179F30,func_1514DE94,353689236,316,asm
us,game,179F30,func_1514DFD0.NON_MATCHING,353689552,0,asm
us,game,179F30,func_1514DFD0,353689552,60,asm
us,game,179F30,func_1514E00C,353689612,0,asm
us,game,179F30,func_1514E00C.NON_MATCHING,353689612,392,asm
us,game,179F30,func_1514E194,353690004,0,asm
us,game,179F30,func_1514E194.NON_MATCHING,353690004,392,asm
us,game,179F30,func_1514E31C.NON_MATCHING,353690396,0,asm
us,game,179F30,func_1514E31C,353690396,492,asm
us,game,179F30,func_1514E508,353690888,0,asm
us,game,179F30,func_1514E508.NON_MATCHING,353690888,176,asm
us,game,179F30,func_1514E5B8.NON_MATCHING,353691064,0,asm
us,game,179F30,func_1514E5B8,353691064,176,asm
us,game,179F30,func_1514E668.NON_MATCHING,353691240,0,asm
us,game,179F30,func_1514E668,353691240,176,asm
us,game,179F30,func_1514E718,353691416,0,asm
us,game,179F30,func_1514E718.NON_MATCHING,353691416,176,asm
us,game,179F30,func_1514E7C8,353691592,0,asm
us,game,179F30,func_1514E7C8.NON_MATCHING,353691592,92,asm
us,game,179F30,func_1514E824.NON_MATCHING,353691684,0,asm
us,game,179F30,func_1514E824,353691684,12,asm
us,game,179F30,func_1514E830.NON_MATCHING,353691696,0,asm
us,game,179F30,func_1514E830,353691696,32,asm
us,game,179F30,func_1514E850.NON_MATCHING,353691728,0,asm
us,game,179F30,func_1514E850,353691728,44,asm
us,game,179F30,func_1514E87C.NON_MATCHING,353691772,0,asm
us,game,179F30,func_1514E87C,353691772,32,asm
us,game,179F30,func_1514E89C.NON_MATCHING,353691804,0,asm
us,game,179F30,func_1514E89C,353691804,132,asm
us,game,179F30,func_1514E920,353691936,0,asm
us,game,179F30,func_1514E920.NON_MATCHING,353691936,188,asm
us,game,179F30,func_1514E9DC,353692124,0,asm
us,game,179F30,func_1514E9DC.NON_MATCHING,353692124,32,asm
us,game,179F30,func_1514E9FC.NON_MATCHING,353692156,0,asm
us,game,179F30,func_1514E9FC,353692156,32,asm
us,game,179F30,func_1514EA1C.NON_MATCHING,353692188,0,asm
us,game,179F30,func_1514EA1C,353692188,44,asm
us,game,179F30,.L1514EA48,353692232,48,asm
us,game,179F30,.L1514EA78,353692280,16,asm
us,game,179F30,.L1514EA88,353692296,16,asm
us,game,179F30,.L1514EA98,353692312,48,asm
us,game,179F30,.L1514EAC8,353692360,16,asm
us,game,179F30,.L1514EAD8,353692376,16,asm
us,game,179F30,.L1514EAE8,353692392,48,asm
us,game,179F30,.L1514EB18,353692440,16,asm
us,game,179F30,.L1514EB28,353692456,16,asm
us,game,179F30,.L1514EB38,353692472,52,asm
us,game,179F30,func_1514EB6C,353692524,0,asm
us,game,179F30,func_1514EB6C.NON_MATCHING,353692524,32,asm
us,game,179F30,func_1514EB8C.NON_MATCHING,353692556,0,asm
us,game,179F30,func_1514EB8C,353692556,24,asm
us,game,179F30,func_1514EBA4.NON_MATCHING,353692580,0,asm
us,game,179F30,func_1514EBA4,353692580,120,asm
us,game,179F30,func_1514EC1C.NON_MATCHING,353692700,0,asm
us,game,179F30,func_1514EC1C,353692700,196,asm
us,game,179F30,func_1514ECE0,353692896,0,asm
us,game,179F30,func_1514ECE0.NON_MATCHING,353692896,92,asm
us,game,179F30,func_1514ED3C,353692988,0,asm
us,game,179F30,func_1514ED3C.NON_MATCHING,353692988,80,asm
us,game,179F30,func_1514ED8C,353693068,0,asm
us,game,179F30,func_1514ED8C.NON_MATCHING,353693068,100,asm
us,game,179F30,func_1514EDF0.NON_MATCHING,353693168,0,asm
us,game,179F30,func_1514EDF0,353693168,128,asm
us,game,179F30,func_1514EE70,353693296,0,asm
us,game,179F30,func_1514EE70.NON_MATCHING,353693296,92,asm
us,game,179F30,func_1514EECC,353693388,0,asm
us,game,179F30,func_1514EECC.NON_MATCHING,353693388,580,asm
us,game,179F30,func_1514F110,353693968,0,asm
us,game,179F30,func_1514F110.NON_MATCHING,353693968,32,asm
us,game,179F30,func_1514F130.NON_MATCHING,353694000,0,asm
us,game,179F30,func_1514F130,353694000,100,asm
us,game,179F30,func_1514F194.NON_MATCHING,353694100,0,asm
us,game,179F30,func_1514F194,353694100,372,asm
us,game,179F30,func_1514F308,353694472,0,asm
us,game,179F30,func_1514F308.NON_MATCHING,353694472,196,asm
us,game,179F30,func_1514F3CC.NON_MATCHING,353694668,0,asm
us,game,179F30,func_1514F3CC,353694668,128,asm
us,game,179F30,func_1514F44C,353694796,0,asm
us,game,179F30,func_1514F44C.NON_MATCHING,353694796,92,asm
us,game,179F30,func_1514F4A8,353694888,0,asm
us,game,179F30,func_1514F4A8.NON_MATCHING,353694888,48,asm
us,game,179F30,func_1514F4D8,353694936,0,asm
us,game,179F30,func_1514F4D8.NON_MATCHING,353694936,48,asm
us,game,179F30,func_1514F508.NON_MATCHING,353694984,0,asm
us,game,179F30,func_1514F508,353694984,48,asm
us,game,179F30,func_1514F538.NON_MATCHING,353695032,0,asm
us,game,179F30,func_1514F538,353695032,48,asm
us,game,179F30,func_1514F568,353695080,0,asm
us,game,179F30,func_1514F568.NON_MATCHING,353695080,40,asm
us,game,179F30,func_1514F590.NON_MATCHING,353695120,0,asm
us,game,179F30,func_1514F590,353695120,60,asm
us,game,179F30,func_1514F5CC,353695180,0,asm
us,game,179F30,func_1514F5CC.NON_MATCHING,353695180,116,asm
us,game,17CAF0,func_1514F640.NON_MATCHING,353695296,0,asm
us,game,17CAF0,func_1514F640,353695296,168,asm
us,game,17CAF0,func_1514F6E8.NON_MATCHING,353695464,0,asm
us,game,17CAF0,func_1514F6E8,353695464,288,asm
us,game,17CAF0,func_1514F808.NON_MATCHING,353695752,0,asm
us,game,17CAF0,func_1514F808,353695752,240,asm
us,game,17CAF0,func_1514F8F8.NON_MATCHING,353695992,0,asm
us,game,17CAF0,func_1514F8F8,353695992,672,asm
us,game,17CAF0,func_1514FB98.NON_MATCHING,353696664,0,asm
us,game,17CAF0,func_1514FB98,353696664,100,asm
us,game,17CAF0,func_1514FBFC,353696764,0,asm
us,game,17CAF0,func_1514FBFC.NON_MATCHING,353696764,236,asm
us,game,17CAF0,func_1514FCE8.NON_MATCHING,353697000,0,asm
us,game,17CAF0,func_1514FCE8,353697000,532,asm
us,game,17CAF0,func_1514FEFC,353697532,0,asm
us,game,17CAF0,func_1514FEFC.NON_MATCHING,353697532,72,asm
us,game,17CAF0,func_1514FF44.NON_MATCHING,353697604,0,asm
us,game,17CAF0,func_1514FF44,353697604,564,asm
us,game,17CAF0,func_15150178.NON_MATCHING,353698168,0,asm
us,game,17CAF0,func_15150178,353698168,648,asm
us,game,17CAF0,func_15150400.NON_MATCHING,353698816,0,asm
us,game,17CAF0,func_15150400,353698816,1036,asm
us,game,17CAF0,func_1515080C,353699852,0,asm
us,game,17CAF0,func_1515080C.NON_MATCHING,353699852,1296,asm
us,game,17CAF0,func_15150D1C.NON_MATCHING,353701148,0,asm
us,game,17CAF0,func_15150D1C,353701148,628,asm
us,game,17CAF0,func_15150F90.NON_MATCHING,353701776,0,asm
us,game,17CAF0,func_15150F90,353701776,620,asm
us,game,17CAF0,func_151511FC,353702396,0,asm
us,game,17CAF0,func_151511FC.NON_MATCHING,353702396,1140,asm
us,game,17CAF0,func_15151670.NON_MATCHING,353703536,0,asm
us,game,17CAF0,func_15151670,353703536,968,asm
us,game,17CAF0,func_15151A38,353704504,0,asm
us,game,17CAF0,func_15151A38.NON_MATCHING,353704504,820,asm
us,game,17CAF0,func_15151D6C,353705324,0,asm
us,game,17CAF0,func_15151D6C.NON_MATCHING,353705324,1060,asm
us,game,17CAF0,func_15152190.NON_MATCHING,353706384,0,asm
us,game,17CAF0,func_15152190,353706384,912,asm
us,game,17CAF0,func_15152520.NON_MATCHING,353707296,0,asm
us,game,17CAF0,func_15152520,353707296,852,asm
us,game,17CAF0,func_15152874.NON_MATCHING,353708148,0,asm
us,game,17CAF0,func_15152874,353708148,584,asm
us,game,17CAF0,func_15152ABC,353708732,0,asm
us,game,17CAF0,func_15152ABC.NON_MATCHING,353708732,124,asm
us,game,17CAF0,func_15152B38.NON_MATCHING,353708856,0,asm
us,game,17CAF0,func_15152B38,353708856,1080,asm
us,game,17CAF0,func_15152F70,353709936,0,asm
us,game,17CAF0,func_15152F70.NON_MATCHING,353709936,808,asm
us,game,17CAF0,func_15153298,353710744,0,asm
us,game,17CAF0,func_15153298.NON_MATCHING,353710744,924,asm
us,game,17CAF0,func_15153634,353711668,0,asm
us,game,17CAF0,func_15153634.NON_MATCHING,353711668,896,asm
us,game,17CAF0,func_151539B4,353712564,0,asm
us,game,17CAF0,func_151539B4.NON_MATCHING,353712564,720,asm
us,game,17CAF0,func_15153C84.NON_MATCHING,353713284,0,asm
us,game,17CAF0,func_15153C84,353713284,72,asm
us,game,17CAF0,func_15153CCC.NON_MATCHING,353713356,0,asm
us,game,17CAF0,func_15153CCC,353713356,588,asm
us,game,17CAF0,func_15153F18,353713944,0,asm
us,game,17CAF0,func_15153F18.NON_MATCHING,353713944,672,asm
us,game,17CAF0,func_151541B8,353714616,0,asm
us,game,17CAF0,func_151541B8.NON_MATCHING,353714616,884,asm
us,game,17CAF0,func_1515452C,353715500,0,asm
us,game,17CAF0,func_1515452C.NON_MATCHING,353715500,344,asm
us,game,17CAF0,func_15154684.NON_MATCHING,353715844,0,asm
us,game,17CAF0,func_15154684,353715844,512,asm
us,game,17CAF0,func_15154884,353716356,0,asm
us,game,17CAF0,func_15154884.NON_MATCHING,353716356,516,asm
us,game,17CAF0,func_15154A88.NON_MATCHING,353716872,0,asm
us,game,17CAF0,func_15154A88,353716872,520,asm
us,game,17CAF0,func_15154C90,353717392,0,asm
us,game,17CAF0,func_15154C90.NON_MATCHING,353717392,240,asm
us,game,17CAF0,func_15154D80.NON_MATCHING,353717632,0,asm
us,game,17CAF0,func_15154D80,353717632,1804,asm
us,game,17CAF0,func_1515548C.NON_MATCHING,353719436,0,asm
us,game,17CAF0,func_1515548C,353719436,216,asm
us,game,17CAF0,func_15155564,353719652,0,asm
us,game,17CAF0,func_15155564.NON_MATCHING,353719652,72,asm
us,game,17CAF0,func_151555AC.NON_MATCHING,353719724,0,asm
us,game,17CAF0,func_151555AC,353719724,384,asm
us,game,17CAF0,func_1515572C,353720108,0,asm
us,game,17CAF0,func_1515572C.NON_MATCHING,353720108,84,asm
us,game,182C30,func_15155780.NON_MATCHING,353720192,0,asm
us,game,182C30,func_15155780,353720192,124,asm
us,game,182C30,func_151557FC,353720316,0,asm
us,game,182C30,func_151557FC.NON_MATCHING,353720316,160,asm
us,game,182C30,func_1515589C.NON_MATCHING,353720476,0,asm
us,game,182C30,func_1515589C,353720476,1120,asm
us,game,182C30,func_15155CFC,353721596,0,asm
us,game,182C30,func_15155CFC.NON_MATCHING,353721596,508,asm
us,game,182C30,func_15155EF8,353722104,0,asm
us,game,182C30,func_15155EF8.NON_MATCHING,353722104,68,asm
us,game,182C30,func_15155F3C,353722172,0,asm
us,game,182C30,func_15155F3C.NON_MATCHING,353722172,84,asm
us,game,182C30,func_15155F90,353722256,0,asm
us,game,182C30,func_15155F90.NON_MATCHING,353722256,68,asm
us,game,182C30,func_15155FD4,353722324,0,asm
us,game,182C30,func_15155FD4.NON_MATCHING,353722324,84,asm
us,game,182C30,func_15156028,353722408,0,asm
us,game,182C30,func_15156028.NON_MATCHING,353722408,360,asm
us,game,183640,func_15156190.NON_MATCHING,353722768,0,asm
us,game,183640,func_15156190,353722768,504,asm
us,game,183640,func_15156388.NON_MATCHING,353723272,0,asm
us,game,183640,func_15156388,353723272,48,asm
us,game,183640,func_151563B8.NON_MATCHING,353723320,0,asm
us,game,183640,func_151563B8,353723320,320,asm
us,game,183640,func_151564F8,353723640,0,asm
us,game,183640,func_151564F8.NON_MATCHING,353723640,1024,asm
us,game,183640,func_151568F8.NON_MATCHING,353724664,0,asm
us,game,183640,func_151568F8,353724664,604,asm
us,game,183640,func_15156B54,353725268,0,asm
us,game,183640,func_15156B54.NON_MATCHING,353725268,464,asm
us,game,183640,func_15156D24,353725732,0,asm
us,game,183640,func_15156D24.NON_MATCHING,353725732,624,asm
us,game,183640,func_15156F94.NON_MATCHING,353726356,0,asm
us,game,183640,func_15156F94,353726356,36,asm
us,game,183640,func_15156FB8,353726392,0,asm
us,game,183640,func_15156FB8.NON_MATCHING,353726392,44,asm
us,game,183640,func_15156FE4.NON_MATCHING,353726436,0,asm
us,game,183640,func_15156FE4,353726436,44,asm
us,game,183640,func_15157010,353726480,0,asm
us,game,183640,func_15157010.NON_MATCHING,353726480,436,asm
us,game,183640,func_151571C4,353726916,0,asm
us,game,183640,func_151571C4.NON_MATCHING,353726916,132,asm
us,game,183640,func_15157248,353727048,0,asm
us,game,183640,func_15157248.NON_MATCHING,353727048,68,asm
us,game,183640,func_1515728C,353727116,0,asm
us,game,183640,func_1515728C.NON_MATCHING,353727116,68,asm
us,game,183640,func_151572D0.NON_MATCHING,353727184,0,asm
us,game,183640,func_151572D0,353727184,336,asm
us,game,183640,func_15157420.NON_MATCHING,353727520,0,asm
us,game,183640,func_15157420,353727520,1088,asm
us,game,183640,func_15157860,353728608,0,asm
us,game,183640,func_15157860.NON_MATCHING,353728608,56,asm
us,game,183640,func_15157898,353728664,0,asm
us,game,183640,func_15157898.NON_MATCHING,353728664,128,asm
us,game,183640,func_15157918,353728792,0,asm
us,game,183640,func_15157918.NON_MATCHING,353728792,400,asm
us,game,183640,func_15157AA8,353729192,0,asm
us,game,183640,func_15157AA8.NON_MATCHING,353729192,736,asm
us,game,183640,func_15157D88,353729928,0,asm
us,game,183640,func_15157D88.NON_MATCHING,353729928,64,asm
us,game,183640,func_15157DC8.NON_MATCHING,353729992,0,asm
us,game,183640,func_15157DC8,353729992,36,asm
us,game,183640,func_15157DEC,353730028,0,asm
us,game,183640,func_15157DEC.NON_MATCHING,353730028,404,asm
us,game,183640,func_15157F80,353730432,0,asm
us,game,183640,func_15157F80.NON_MATCHING,353730432,104,asm
us,game,183640,func_15157FE8,353730536,0,asm
us,game,183640,func_15157FE8.NON_MATCHING,353730536,144,asm
us,game,183640,func_15158078,353730680,0,asm
us,game,183640,func_15158078.NON_MATCHING,353730680,56,asm
us,game,185560,func_151580B0.NON_MATCHING,353730736,0,asm
us,game,185560,func_151580B0,353730736,296,asm
us,game,185560,func_151581D8.NON_MATCHING,353731032,0,asm
us,game,185560,func_151581D8,353731032,76,asm
us,game,185560,func_15158224,353731108,0,asm
us,game,185560,func_15158224.NON_MATCHING,353731108,164,asm
us,game,185560,func_151582C8.NON_MATCHING,353731272,0,asm
us,game,185560,func_151582C8,353731272,708,asm
us,game,185560,func_1515858C,353731980,0,asm
us,game,185560,func_1515858C.NON_MATCHING,353731980,248,asm
us,game,185560,func_15158684.NON_MATCHING,353732228,0,asm
us,game,185560,func_15158684,353732228,668,asm
us,game,185560,func_15158920.NON_MATCHING,353732896,0,asm
us,game,185560,func_15158920,353732896,256,asm
us,game,185560,func_15158A20.NON_MATCHING,353733152,0,asm
us,game,185560,func_15158A20,353733152,132,asm
us,game,185560,func_15158AA4,353733284,0,asm
us,game,185560,func_15158AA4.NON_MATCHING,353733284,44,asm
us,game,185560,func_15158AD0,353733328,0,asm
us,game,185560,func_15158AD0.NON_MATCHING,353733328,44,asm
us,game,185560,func_15158AFC,353733372,0,asm
us,game,185560,func_15158AFC.NON_MATCHING,353733372,64,asm
us,game,185560,func_15158B3C,353733436,0,asm
us,game,185560,func_15158B3C.NON_MATCHING,353733436,148,asm
us,game,185560,func_15158BD0,353733584,0,asm
us,game,185560,func_15158BD0.NON_MATCHING,353733584,260,asm
us,game,185560,func_15158CD4.NON_MATCHING,353733844,0,asm
us,game,185560,func_15158CD4,353733844,44,asm
us,game,185560,func_15158D00,353733888,0,asm
us,game,185560,func_15158D00.NON_MATCHING,353733888,44,asm
us,game,185560,func_15158D2C.NON_MATCHING,353733932,0,asm
us,game,185560,func_15158D2C,353733932,632,asm
us,game,185560,func_15158FA4.NON_MATCHING,353734564,0,asm
us,game,185560,func_15158FA4,353734564,224,asm
us,game,185560,func_15159084.NON_MATCHING,353734788,0,asm
us,game,185560,func_15159084,353734788,156,asm
us,game,185560,func_15159120.NON_MATCHING,353734944,0,asm
us,game,185560,func_15159120,353734944,100,asm
us,game,185560,func_15159184.NON_MATCHING,353735044,0,asm
us,game,185560,func_15159184,353735044,172,asm
us,game,185560,func_15159230.NON_MATCHING,353735216,0,asm
us,game,185560,func_15159230,353735216,136,asm
us,game,185560,func_151592B8.NON_MATCHING,353735352,0,asm
us,game,185560,func_151592B8,353735352,184,asm
us,game,185560,func_15159370.NON_MATCHING,353735536,0,asm
us,game,185560,func_15159370,353735536,188,asm
us,game,185560,func_1515942C.NON_MATCHING,353735724,0,asm
us,game,185560,func_1515942C,353735724,360,asm
us,game,185560,func_15159594,353736084,0,asm
us,game,185560,func_15159594.NON_MATCHING,353736084,296,asm
us,game,185560,func_151596BC,353736380,0,asm
us,game,185560,func_151596BC.NON_MATCHING,353736380,468,asm
us,game,185560,func_15159890,353736848,0,asm
us,game,185560,func_15159890.NON_MATCHING,353736848,800,asm
us,game,185560,func_15159BB0.NON_MATCHING,353737648,0,asm
us,game,185560,func_15159BB0,353737648,88,asm
us,game,185560,func_15159C08.NON_MATCHING,353737736,0,asm
us,game,185560,func_15159C08,353737736,1300,asm
us,game,185560,func_1515A11C.NON_MATCHING,353739036,0,asm
us,game,185560,func_1515A11C,353739036,284,asm
us,game,185560,func_1515A238,353739320,0,asm
us,game,185560,func_1515A238.NON_MATCHING,353739320,980,asm
us,game,185560,func_1515A60C,353740300,0,asm
us,game,185560,func_1515A60C.NON_MATCHING,353740300,384,asm
us,game,185560,func_1515A78C.NON_MATCHING,353740684,0,asm
us,game,185560,func_1515A78C,353740684,404,asm
us,game,185560,func_1515A920.NON_MATCHING,353741088,0,asm
us,game,185560,func_1515A920,353741088,84,asm
us,game,185560,func_1515A974.NON_MATCHING,353741172,0,asm
us,game,185560,func_1515A974,353741172,272,asm
us,game,185560,func_1515AA84,353741444,0,asm
us,game,185560,func_1515AA84.NON_MATCHING,353741444,260,asm
us,game,185560,func_1515AB88.NON_MATCHING,353741704,0,asm
us,game,185560,func_1515AB88,353741704,1032,asm
us,game,188440,func_1515AF90,353742736,0,asm
us,game,188440,func_1515AF90.NON_MATCHING,353742736,652,asm
us,game,188440,func_1515B21C.NON_MATCHING,353743388,0,asm
us,game,188440,func_1515B21C,353743388,984,asm
us,game,188440,func_1515B5F4,353744372,0,asm
us,game,188440,func_1515B5F4.NON_MATCHING,353744372,56,asm
us,game,188440,func_1515B62C.NON_MATCHING,353744428,0,asm
us,game,188440,func_1515B62C,353744428,72,asm
us,game,188440,func_1515B674,353744500,0,asm
us,game,188440,func_1515B674.NON_MATCHING,353744500,800,asm
us,game,188440,func_1515B994,353745300,0,asm
us,game,188440,func_1515B994.NON_MATCHING,353745300,124,asm
us,game,188440,func_1515BA10,353745424,0,asm
us,game,188440,func_1515BA10.NON_MATCHING,353745424,12,asm
us,game,188440,func_1515BA1C.NON_MATCHING,353745436,0,asm
us,game,188440,func_1515BA1C,353745436,44,asm
us,game,188440,func_1515BA48,353745480,0,asm
us,game,188440,func_1515BA48.NON_MATCHING,353745480,12,asm
us,game,188440,func_1515BA54.NON_MATCHING,353745492,0,asm
us,game,188440,func_1515BA54,353745492,44,asm
us,game,188440,func_1515BA80.NON_MATCHING,353745536,0,asm
us,game,188440,func_1515BA80,353745536,44,asm
us,game,188440,func_1515BAAC,353745580,0,asm
us,game,188440,func_1515BAAC.NON_MATCHING,353745580,52,asm
us,game,188F90,func_1515BAE0,353745632,0,asm
us,game,188F90,func_1515BAE0.NON_MATCHING,353745632,272,asm
us,game,188F90,func_1515BBF0,353745904,0,asm
us,game,188F90,func_1515BBF0.NON_MATCHING,353745904,608,asm
us,game,188F90,func_1515BE50,353746512,0,asm
us,game,188F90,func_1515BE50.NON_MATCHING,353746512,256,asm
us,game,188F90,func_1515BF50.NON_MATCHING,353746768,0,asm
us,game,188F90,func_1515BF50,353746768,44,asm
us,game,188F90,func_1515BF7C,353746812,0,asm
us,game,188F90,func_1515BF7C.NON_MATCHING,353746812,44,asm
us,game,188F90,func_1515BFA8,353746856,0,asm
us,game,188F90,func_1515BFA8.NON_MATCHING,353746856,272,asm
us,game,188F90,func_1515C0B8.NON_MATCHING,353747128,0,asm
us,game,188F90,func_1515C0B8,353747128,64,asm
us,game,188F90,func_1515C0F8,353747192,0,asm
us,game,188F90,func_1515C0F8.NON_MATCHING,353747192,96,asm
us,game,188F90,func_1515C158.NON_MATCHING,353747288,0,asm
us,game,188F90,func_1515C158,353747288,72,asm
us,game,188F90,func_1515C1A0.NON_MATCHING,353747360,0,asm
us,game,188F90,func_1515C1A0,353747360,164,asm
us,game,188F90,func_1515C244,353747524,0,asm
us,game,188F90,func_1515C244.NON_MATCHING,353747524,172,asm
us,game,game_1897A0,func_1515C2F0.NON_MATCHING,353747696,0,c
us,game,game_1897A0,func_1515C2F0,353747696,152,asm
us,game,game_1897A0,func_1515C388,353747848,0,asm
us,game,game_1897A0,func_1515C388.NON_MATCHING,353747848,428,c
us,game,game_1897A0,func_1515C534,353748276,0,asm
us,game,game_1897A0,func_1515C534.NON_MATCHING,353748276,448,c
us,game,game_1897A0,func_1515C6F4.NON_MATCHING,353748724,0,c
us,game,game_1897A0,func_1515C6F4,353748724,2216,asm
us,game,game_1897A0,func_1515CF9C,353750940,0,asm
us,game,game_1897A0,func_1515CF9C.NON_MATCHING,353750940,148,c
us,game,game_1897A0,func_1515D030.NON_MATCHING,353751088,0,c
us,game,game_1897A0,func_1515D030,353751088,88,asm
us,game,game_1897A0,func_1515D088.NON_MATCHING,353751176,0,c
us,game,game_1897A0,func_1515D088,353751176,168,asm
us,game,game_1897A0,func_1515D130,353751344,0,asm
us,game,game_1897A0,func_1515D130.NON_MATCHING,353751344,784,c
us,game,18A8F0,func_1515D440.NON_MATCHING,353752128,0,asm
us,game,18A8F0,func_1515D440,353752128,64,asm
us,game,18A8F0,func_1515D480,353752192,0,asm
us,game,18A8F0,func_1515D480.NON_MATCHING,353752192,84,asm
us,game,18A8F0,func_1515D4D4,353752276,0,asm
us,game,18A8F0,func_1515D4D4.NON_MATCHING,353752276,76,asm
us,game,18A8F0,func_1515D520,353752352,0,asm
us,game,18A8F0,func_1515D520.NON_MATCHING,353752352,140,asm
us,game,18A8F0,func_1515D5AC.NON_MATCHING,353752492,0,asm
us,game,18A8F0,func_1515D5AC,353752492,76,asm
us,game,18A8F0,func_1515D5F8.NON_MATCHING,353752568,0,asm
us,game,18A8F0,func_1515D5F8,353752568,164,asm
us,game,18A8F0,func_1515D69C,353752732,0,asm
us,game,18A8F0,func_1515D69C.NON_MATCHING,353752732,44,asm
us,game,18A8F0,func_1515D6C8.NON_MATCHING,353752776,0,asm
us,game,18A8F0,func_1515D6C8,353752776,8,asm
us,game,18A8F0,func_1515D6D0.NON_MATCHING,353752784,0,asm
us,game,18A8F0,func_1515D6D0,353752784,580,asm
us,game,18A8F0,func_1515D914.NON_MATCHING,353753364,0,asm
us,game,18A8F0,func_1515D914,353753364,2404,asm
us,game,18A8F0,func_1515E278,353755768,0,asm
us,game,18A8F0,func_1515E278.NON_MATCHING,353755768,452,asm
us,game,18A8F0,func_1515E43C,353756220,0,asm
us,game,18A8F0,func_1515E43C.NON_MATCHING,353756220,264,asm
us,game,18A8F0,func_1515E544,353756484,0,asm
us,game,18A8F0,func_1515E544.NON_MATCHING,353756484,836,asm
us,game,18A8F0,func_1515E888,353757320,0,asm
us,game,18A8F0,func_1515E888.NON_MATCHING,353757320,764,asm
us,game,18A8F0,func_1515EB84.NON_MATCHING,353758084,0,asm
us,game,18A8F0,func_1515EB84,353758084,244,asm
us,game,18A8F0,func_1515EC78,353758328,0,asm
us,game,18A8F0,func_1515EC78.NON_MATCHING,353758328,764,asm
us,game,18A8F0,func_1515EF74.NON_MATCHING,353759092,0,asm
us,game,18A8F0,func_1515EF74,353759092,148,asm
us,game,18A8F0,func_1515F008.NON_MATCHING,353759240,0,asm
us,game,18A8F0,func_1515F008,353759240,56,asm
us,game,18A8F0,func_1515F040,353759296,0,asm
us,game,18A8F0,func_1515F040.NON_MATCHING,353759296,108,asm
us,game,18A8F0,func_1515F0AC.NON_MATCHING,353759404,0,asm
us,game,18A8F0,func_1515F0AC,353759404,96,asm
us,game,18A8F0,func_1515F10C,353759500,0,asm
us,game,18A8F0,func_1515F10C.NON_MATCHING,353759500,100,asm
us,game,18A8F0,func_1515F170.NON_MATCHING,353759600,0,asm
us,game,18A8F0,func_1515F170,353759600,64,asm
us,game,18A8F0,func_1515F1B0.NON_MATCHING,353759664,0,asm
us,game,18A8F0,func_1515F1B0,353759664,172,asm
us,game,18A8F0,func_1515F25C.NON_MATCHING,353759836,0,asm
us,game,18A8F0,func_1515F25C,353759836,20,asm
us,game,18A8F0,func_1515F270.NON_MATCHING,353759856,0,asm
us,game,18A8F0,func_1515F270,353759856,72,asm
us,game,18A8F0,func_1515F2B8,353759928,0,asm
us,game,18A8F0,func_1515F2B8.NON_MATCHING,353759928,48,asm
us,game,18A8F0,func_1515F2E8.NON_MATCHING,353759976,0,asm
us,game,18A8F0,func_1515F2E8,353759976,80,asm
us,game,18A8F0,func_1515F338.NON_MATCHING,353760056,0,asm
us,game,18A8F0,func_1515F338,353760056,652,asm
us,game,18A8F0,func_1515F5C4.NON_MATCHING,353760708,0,asm
us,game,18A8F0,func_1515F5C4,353760708,652,asm
us,game,18A8F0,func_1515F850,353761360,0,asm
us,game,18A8F0,func_1515F850.NON_MATCHING,353761360,800,asm
us,game,18A8F0,func_1515FB70.NON_MATCHING,353762160,0,asm
us,game,18A8F0,func_1515FB70,353762160,36,asm
us,game,18A8F0,func_1515FB94,353762196,0,asm
us,game,18A8F0,func_1515FB94.NON_MATCHING,353762196,48,asm
us,game,18A8F0,func_1515FBC4.NON_MATCHING,353762244,0,asm
us,game,18A8F0,func_1515FBC4,353762244,112,asm
us,game,18A8F0,func_1515FC34.NON_MATCHING,353762356,0,asm
us,game,18A8F0,func_1515FC34,353762356,44,asm
us,game,18A8F0,func_1515FC60,353762400,0,asm
us,game,18A8F0,func_1515FC60.NON_MATCHING,353762400,320,asm
us,game,18D250,func_1515FDA0.NON_MATCHING,353762720,0,asm
us,game,18D250,func_1515FDA0,353762720,468,asm
us,game,18D250,func_1515FF74,353763188,0,asm
us,game,18D250,func_1515FF74.NON_MATCHING,353763188,120,asm
us,game,18D250,func_1515FFEC,353763308,0,asm
us,game,18D250,func_1515FFEC.NON_MATCHING,353763308,164,asm
us,game,18D250,func_15160090.NON_MATCHING,353763472,0,asm
us,game,18D250,func_15160090,353763472,72,asm
us,game,18D250,func_151600D8.NON_MATCHING,353763544,0,asm
us,game,18D250,func_151600D8,353763544,412,asm
us,game,18D250,func_15160274,353763956,0,asm
us,game,18D250,func_15160274.NON_MATCHING,353763956,76,asm
us,game,game_18D770,func_151602C0,353764032,188,c
us,game,game_18D770,func_1516037C,353764220,128,c
us,game,game_18D770,func_151603FC,353764348,164,c
us,game,game_18D770,func_151604A0,353764512,0,asm
us,game,game_18D770,func_151604A0.NON_MATCHING,353764512,68,c
us,game,game_18D770,.L151604E4,353764580,48,c
us,game,game_18D770,.L15160514,353764628,12,c
us,game,game_18D770,.L15160520,353764640,16,c
us,game,game_18D770,.L15160530,353764656,116,c
us,game,game_18D770,.L151605A4,353764772,20,c
us,game,game_18D770,.L151605B8,353764792,16,c
us,game,game_18D770,.L151605C8,353764808,36,c
us,game,game_18D770,.L151605EC,353764844,20,c
us,game,game_18D770,func_15160600,353764864,92,c
us,game,game_18D770,func_1516065C,353764956,40,c
us,game,game_18D770,func_15160684,353764996,36,c
us,game,game_18D770,func_151606A8,353765032,0,asm
us,game,game_18D770,func_151606A8.NON_MATCHING,353765032,252,c
us,game,game_18D770,func_151607A4,353765284,432,c
us,game,game_18D770,func_15160954,353765716,260,c
us,game,game_18D770,func_15160A58,353765976,0,asm
us,game,game_18D770,func_15160A58.NON_MATCHING,353765976,284,c
us,game,game_18D770,func_15160B74.NON_MATCHING,353766260,0,c
us,game,game_18D770,func_15160B74,353766260,360,asm
us,game,game_18D770,func_15160CDC.NON_MATCHING,353766620,0,c
us,game,game_18D770,func_15160CDC,353766620,340,asm
us,game,game_18D770,func_15160E30,353766960,0,asm
us,game,game_18D770,func_15160E30.NON_MATCHING,353766960,1032,c
us,game,game_18D770,func_15161238,353767992,68,c
us,game,game_18D770,func_1516127C,353768060,184,c
us,game,game_18D770,func_15161334,353768244,212,c
us,game,game_18D770,func_15161408,353768456,140,c
us,game,game_18D770,func_15161494,353768596,172,c
us,game,game_18D770,func_15161540,353768768,184,c
us,game,game_18D770,func_151615F8,353768952,216,c
us,game,game_18D770,func_151616D0,353769168,68,c
us,game,game_18D770,func_15161714,353769236,44,c
us,game,game_18D770,func_15161740,353769280,44,c
us,game,game_18D770,func_1516176C,353769324,44,c
us,game,game_18D770,func_15161798,353769368,44,c
us,game,game_18D770,func_151617C4,353769412,32,c
us,game,game_18D770,func_151617E4,353769444,32,c
us,game,game_18D770,func_15161804,353769476,92,c
us,game,game_18D770,func_15161860,353769568,92,c
us,game,game_18D770,func_151618BC,353769660,0,asm
us,game,game_18D770,func_151618BC.NON_MATCHING,353769660,228,c
us,game,game_18D770,func_151619A0,353769888,200,c
us,game,game_18D770,func_15161A68,353770088,956,c
us,game,game_18D770,func_15161E24,353771044,264,c
us,game,game_18D770,func_15161F2C,353771308,32,c
us,game,game_18D770,func_15161F4C,353771340,0,asm
us,game,game_18D770,func_15161F4C.NON_MATCHING,353771340,232,c
us,game,game_18D770,func_15162034,353771572,220,c
us,game,game_18D770,func_15162110,353771792,168,c
us,game,game_18D770,func_151621B8.NON_MATCHING,353771960,0,c
us,game,game_18D770,func_151621B8,353771960,572,asm
us,game,game_18D770,func_151623F4,353772532,0,asm
us,game,game_18D770,func_151623F4.NON_MATCHING,353772532,284,c
us,game,game_18D770,func_15162510.NON_MATCHING,353772816,0,c
us,game,game_18D770,func_15162510,353772816,560,asm
us,game,game_18D770,func_15162740,353773376,268,c
us,game,game_18D770,func_1516284C,353773644,272,c
us,game,game_18D770,func_1516295C.NON_MATCHING,353773916,0,c
us,game,game_18D770,func_1516295C,353773916,460,asm
us,game,game_18D770,func_15162B28.NON_MATCHING,353774376,0,c
us,game,game_18D770,func_15162B28,353774376,976,asm
us,game,game_18D770,func_15162EF8,353775352,88,c
us,game,game_18D770,func_15162F50,353775440,92,c
us,game,game_18D770,func_15162FAC,353775532,328,c
us,game,game_18D770,func_151630F4,353775860,0,asm
us,game,game_18D770,func_151630F4.NON_MATCHING,353775860,800,c
us,game,game_18D770,func_15163414,353776660,240,c
us,game,game_18D770,func_15163504,353776900,0,asm
us,game,game_18D770,func_15163504.NON_MATCHING,353776900,164,c
us,game,game_18D770,func_151635A8.NON_MATCHING,353777064,0,c
us,game,game_18D770,func_151635A8,353777064,92,asm
us,game,game_18D770,func_15163604,353777156,256,c
us,game,game_18D770,func_15163704,353777412,280,c
us,game,game_18D770,func_1516381C,353777692,96,c
us,game,game_18D770,func_1516387C,353777788,100,c
us,game,game_18D770,func_151638E0,353777888,0,asm
us,game,game_18D770,func_151638E0.NON_MATCHING,353777888,240,c
us,game,game_18D770,func_151639D0,353778128,72,c
us,game,game_18D770,func_15163A18,353778200,72,c
us,game,game_18D770,func_15163A60,353778272,312,c
us,game,game_18D770,func_15163B98,353778584,80,c
us,game,game_18D770,func_15163BE8,353778664,232,c
us,game,game_18D770,func_15163CD0,353778896,40,c
us,game,game_18D770,func_15163CF8,353778936,244,c
us,game,game_18D770,func_15163DEC,353779180,356,c
us,game,game_18D770,func_15163F50,353779536,156,c
us,game,game_18D770,func_15163FEC,353779692,0,asm
us,game,game_18D770,func_15163FEC.NON_MATCHING,353779692,212,c
us,game,game_18D770,func_151640C0.NON_MATCHING,353779904,0,c
us,game,game_18D770,func_151640C0,353779904,116,asm
us,game,game_18D770,func_15164134,353780020,0,asm
us,game,game_18D770,func_15164134.NON_MATCHING,353780020,212,c
us,game,game_18D770,func_15164208,353780232,148,c
us,game,game_18D770,func_1516429C,353780380,176,c
us,game,game_18D770,func_1516434C,353780556,0,asm
us,game,game_18D770,func_1516434C.NON_MATCHING,353780556,92,c
us,game,game_18D770,func_151643A8,353780648,80,c
us,game,game_18D770,func_151643F8,353780728,36,c
us,game,game_18D770,func_1516441C,353780764,0,asm
us,game,game_18D770,func_1516441C.NON_MATCHING,353780764,140,c
us,game,game_18D770,func_151644A8,353780904,76,c
us,game,game_18D770,func_151644F4,353780980,0,asm
us,game,game_18D770,func_151644F4.NON_MATCHING,353780980,208,c
us,game,game_18D770,func_151645C4.NON_MATCHING,353781188,0,c
us,game,game_18D770,func_151645C4,353781188,444,asm
us,game,191C30,func_15164780.NON_MATCHING,353781632,0,asm
us,game,191C30,func_15164780,353781632,264,asm
us,game,191C30,func_15164888.NON_MATCHING,353781896,0,asm
us,game,191C30,func_15164888,353781896,20,asm
us,game,191C30,func_1516489C.NON_MATCHING,353781916,0,asm
us,game,191C30,func_1516489C,353781916,1608,asm
us,game,191C30,func_15164EE4,353783524,0,asm
us,game,191C30,func_15164EE4.NON_MATCHING,353783524,40,asm
us,game,191C30,func_15164F0C,353783564,0,asm
us,game,191C30,func_15164F0C.NON_MATCHING,353783564,80,asm
us,game,191C30,.L15164F5C,353783644,216,asm
us,game,191C30,.L15165034,353783860,216,asm
us,game,191C30,.L1516510C,353784076,188,asm
us,game,191C30,.L151651C8,353784264,216,asm
us,game,191C30,.L151652A0,353784480,208,asm
us,game,191C30,.L15165370,353784688,216,asm
us,game,191C30,.L15165448,353784904,232,asm
us,game,191C30,.L15165530,353785136,248,asm
us,game,191C30,func_15165628.NON_MATCHING,353785384,0,asm
us,game,191C30,func_15165628,353785384,692,asm
us,game,191C30,func_151658DC,353786076,0,asm
us,game,191C30,func_151658DC.NON_MATCHING,353786076,676,asm
us,game,191C30,func_15165B80.NON_MATCHING,353786752,0,asm
us,game,191C30,func_15165B80,353786752,48,asm
us,game,191C30,func_15165BB0,353786800,0,asm
us,game,191C30,func_15165BB0.NON_MATCHING,353786800,208,asm
us,game,193130,func_15165C80.NON_MATCHING,353787008,0,asm
us,game,193130,func_15165C80,353787008,752,asm
us,game,game_193420,func_15165F70,353787760,16,c
us,game,193430,func_15165F80.NON_MATCHING,353787776,0,asm
us,game,193430,func_15165F80,353787776,408,asm
us,game,193430,func_15166118,353788184,0,asm
us,game,193430,func_15166118.NON_MATCHING,353788184,236,asm
us,game,193430,func_15166204.NON_MATCHING,353788420,0,asm
us,game,193430,func_15166204,353788420,100,asm
us,game,193430,func_15166268,353788520,0,asm
us,game,193430,func_15166268.NON_MATCHING,353788520,1616,asm
us,game,193430,func_151668B8.NON_MATCHING,353790136,0,asm
us,game,193430,func_151668B8,353790136,232,asm
us,game,193E50,func_151669A0.NON_MATCHING,353790368,0,asm
us,game,193E50,func_151669A0,353790368,432,asm
us,game,193E50,func_15166B50,353790800,0,asm
us,game,193E50,func_15166B50.NON_MATCHING,353790800,536,asm
us,game,193E50,func_15166D68.NON_MATCHING,353791336,0,asm
us,game,193E50,func_15166D68,353791336,516,asm
us,game,193E50,func_15166F6C,353791852,0,asm
us,game,193E50,func_15166F6C.NON_MATCHING,353791852,108,asm
us,game,193E50,func_15166FD8.NON_MATCHING,353791960,0,asm
us,game,193E50,func_15166FD8,353791960,56,asm
us,game,game_1944C0,func_15167010,353792016,0,asm
us,game,game_1944C0,func_15167010.NON_MATCHING,353792016,92,c
us,game,game_1944C0,func_1516706C.NON_MATCHING,353792108,0,c
us,game,game_1944C0,func_1516706C,353792108,84,asm
us,game,game_1944C0,func_151670C0,353792192,0,asm
us,game,game_1944C0,func_151670C0.NON_MATCHING,353792192,296,c
us,game,game_1944C0,func_151671E8.NON_MATCHING,353792488,0,c
us,game,game_1944C0,func_151671E8,353792488,296,asm
us,game,game_1944C0,func_15167310,353792784,0,asm
us,game,game_1944C0,func_15167310.NON_MATCHING,353792784,488,c
us,game,game_1944C0,func_151674F8.NON_MATCHING,353793272,0,c
us,game,game_1944C0,func_151674F8,353793272,1392,asm
us,game,game_1944C0,func_15167A68,353794664,0,asm
us,game,game_1944C0,func_15167A68.NON_MATCHING,353794664,112,c
us,game,game_1944C0,func_15167AD8.NON_MATCHING,353794776,0,c
us,game,game_1944C0,func_15167AD8,353794776,108,asm
us,game,game_1944C0,func_15167B44.NON_MATCHING,353794884,0,c
us,game,game_1944C0,func_15167B44,353794884,276,asm
us,game,game_1944C0,func_15167C58.NON_MATCHING,353795160,0,c
us,game,game_1944C0,func_15167C58,353795160,300,asm
us,game,game_1944C0,func_15167D84,353795460,0,asm
us,game,game_1944C0,func_15167D84.NON_MATCHING,353795460,136,c
us,game,game_1944C0,func_15167E0C.NON_MATCHING,353795596,0,c
us,game,game_1944C0,func_15167E0C,353795596,780,asm
us,game,game_1944C0,func_15168118.NON_MATCHING,353796376,0,c
us,game,game_1944C0,func_15168118,353796376,1348,asm
us,game,game_1944C0,func_1516865C,353797724,0,asm
us,game,game_1944C0,func_1516865C.NON_MATCHING,353797724,420,c
us,game,game_1944C0,func_15168800,353798144,0,asm
us,game,game_1944C0,func_15168800.NON_MATCHING,353798144,112,c
us,game,game_1944C0,func_15168870.NON_MATCHING,353798256,0,c
us,game,game_1944C0,func_15168870,353798256,444,asm
us,game,game_1944C0,func_15168A2C.NON_MATCHING,353798700,0,c
us,game,game_1944C0,func_15168A2C,353798700,32,asm
us,game,game_1944C0,func_15168A4C.NON_MATCHING,353798732,0,c
us,game,game_1944C0,func_15168A4C,353798732,80,asm
us,game,game_1944C0,func_15168A9C,353798812,0,asm
us,game,game_1944C0,func_15168A9C.NON_MATCHING,353798812,116,c
us,game,game_1944C0,func_15168B10,353798928,52,c
us,game,game_1944C0,func_15168B44.NON_MATCHING,353798980,0,c
us,game,game_1944C0,func_15168B44,353798980,104,asm
us,game,game_1944C0,func_15168BAC.NON_MATCHING,353799084,0,c
us,game,game_1944C0,func_15168BAC,353799084,56,asm
us,game,game_1944C0,func_15168BE4,353799140,0,asm
us,game,game_1944C0,func_15168BE4.NON_MATCHING,353799140,104,c
us,game,game_1944C0,func_15168C4C,353799244,0,asm
us,game,game_1944C0,func_15168C4C.NON_MATCHING,353799244,488,c
us,game,game_1944C0,func_15168E34.NON_MATCHING,353799732,0,c
us,game,game_1944C0,func_15168E34,353799732,32,asm
us,game,game_1944C0,func_15168E54,353799764,0,asm
us,game,game_1944C0,func_15168E54.NON_MATCHING,353799764,180,c
us,game,game_1944C0,func_15168F08,353799944,0,asm
us,game,game_1944C0,func_15168F08.NON_MATCHING,353799944,124,c
us,game,game_1944C0,func_15168F84.NON_MATCHING,353800068,0,c
us,game,game_1944C0,func_15168F84,353800068,188,asm
us,game,game_1944C0,func_15169040.NON_MATCHING,353800256,0,c
us,game,game_1944C0,func_15169040,353800256,48,asm
us,game,game_1944C0,func_15169070.NON_MATCHING,353800304,0,c
us,game,game_1944C0,func_15169070,353800304,496,asm
us,game,game_1944C0,func_15169260.NON_MATCHING,353800800,0,c
us,game,game_1944C0,func_15169260,353800800,492,asm
us,game,game_1944C0,func_1516944C.NON_MATCHING,353801292,0,c
us,game,game_1944C0,func_1516944C,353801292,420,asm
us,game,game_1944C0,func_151695F0.NON_MATCHING,353801712,0,c
us,game,game_1944C0,func_151695F0,353801712,60,asm
us,game,game_1944C0,func_1516962C.NON_MATCHING,353801772,0,c
us,game,game_1944C0,func_1516962C,353801772,60,asm
us,game,game_1944C0,func_15169668.NON_MATCHING,353801832,0,c
us,game,game_1944C0,func_15169668,353801832,36,asm
us,game,game_1944C0,func_1516968C,353801868,0,asm
us,game,game_1944C0,func_1516968C.NON_MATCHING,353801868,80,c
us,game,game_1944C0,func_151696DC.NON_MATCHING,353801948,0,c
us,game,game_1944C0,func_151696DC,353801948,80,asm
us,game,game_1944C0,func_1516972C,353802028,112,c
us,game,game_1944C0,func_1516979C,353802140,104,c
us,game,game_1944C0,func_15169804,353802244,32,c
us,game,game_1944C0,func_15169824,353802276,44,c
us,game,game_1944C0,func_15169850.NON_MATCHING,353802320,0,c
us,game,game_1944C0,func_15169850,353802320,176,asm
us,game,196DB0,func_15169900.NON_MATCHING,353802496,0,asm
us,game,196DB0,func_15169900,353802496,104,asm
us,game,196DB0,func_15169968.NON_MATCHING,353802600,0,asm
us,game,196DB0,func_15169968,353802600,32,asm
us,game,196DB0,func_15169988.NON_MATCHING,353802632,0,asm
us,game,196DB0,func_15169988,353802632,192,asm
us,game,196DB0,func_15169A48,353802824,0,asm
us,game,196DB0,func_15169A48.NON_MATCHING,353802824,552,asm
us,game,197120,func_15169C70.NON_MATCHING,353803376,0,asm
us,game,197120,func_15169C70,353803376,1924,asm
us,game,197120,func_1516A3F4,353805300,0,asm
us,game,197120,func_1516A3F4.NON_MATCHING,353805300,324,asm
us,game,197120,func_1516A538,353805624,0,asm
us,game,197120,func_1516A538.NON_MATCHING,353805624,272,asm
us,game,197120,func_1516A648.NON_MATCHING,353805896,0,asm
us,game,197120,func_1516A648,353805896,296,asm
us,game,197C20,func_1516A770,353806192,0,asm
us,game,197C20,func_1516A770.NON_MATCHING,353806192,64,asm
us,game,197C20,func_1516A7B0,353806256,0,asm
us,game,197C20,func_1516A7B0.NON_MATCHING,353806256,704,asm
us,game,197C20,func_1516AA70.NON_MATCHING,353806960,0,asm
us,game,197C20,func_1516AA70,353806960,200,asm
us,game,197C20,.L1516AB38,353807160,172,asm
us,game,197C20,.L1516ABE4,353807332,444,asm
us,game,197C20,.L1516ADA0,353807776,320,asm
us,game,197C20,.L1516AEE0,353808096,728,asm
us,game,197C20,.L1516B1B8,353808824,348,asm
us,game,197C20,.L1516B314,353809172,908,asm
us,game,197C20,.L1516B6A0,353810080,28,asm
us,game,197C20,func_1516B6BC.NON_MATCHING,353810108,0,asm
us,game,197C20,func_1516B6BC,353810108,4540,asm
us,game,197C20,func_1516C878,353814648,0,asm
us,game,197C20,func_1516C878.NON_MATCHING,353814648,188,asm
us,game,197C20,func_1516C934,353814836,0,asm
us,game,197C20,func_1516C934.NON_MATCHING,353814836,804,asm
us,game,197C20,func_1516CC58.NON_MATCHING,353815640,0,asm
us,game,197C20,func_1516CC58,353815640,1140,asm
us,game,197C20,func_1516D0CC.NON_MATCHING,353816780,0,asm
us,game,197C20,func_1516D0CC,353816780,532,asm
us,game,197C20,func_1516D2E0,353817312,0,asm
us,game,197C20,func_1516D2E0.NON_MATCHING,353817312,72,asm
us,game,197C20,func_1516D328,353817384,0,asm
us,game,197C20,func_1516D328.NON_MATCHING,353817384,80,asm
us,game,197C20,func_1516D378.NON_MATCHING,353817464,0,asm
us,game,197C20,func_1516D378,353817464,76,asm
us,game,197C20,func_1516D3C4.NON_MATCHING,353817540,0,asm
us,game,197C20,func_1516D3C4,353817540,60,asm
us,game,19A8B0,func_1516D400.NON_MATCHING,353817600,0,asm
us,game,19A8B0,func_1516D400,353817600,232,asm
us,game,19A8B0,func_1516D4E8,353817832,0,asm
us,game,19A8B0,func_1516D4E8.NON_MATCHING,353817832,400,asm
us,game,19A8B0,func_1516D678.NON_MATCHING,353818232,0,asm
us,game,19A8B0,func_1516D678,353818232,192,asm
us,game,19A8B0,func_1516D738.NON_MATCHING,353818424,0,asm
us,game,19A8B0,func_1516D738,353818424,612,asm
us,game,19A8B0,func_1516D99C,353819036,0,asm
us,game,19A8B0,func_1516D99C.NON_MATCHING,353819036,500,asm
us,game,19A8B0,func_1516DB90,353819536,0,asm
us,game,19A8B0,func_1516DB90.NON_MATCHING,353819536,3048,asm
us,game,19A8B0,func_1516E778,353822584,0,asm
us,game,19A8B0,func_1516E778.NON_MATCHING,353822584,340,asm
us,game,19A8B0,func_1516E8CC.NON_MATCHING,353822924,0,asm
us,game,19A8B0,func_1516E8CC,353822924,992,asm
us,game,19A8B0,func_1516ECAC.NON_MATCHING,353823916,0,asm
us,game,19A8B0,func_1516ECAC,353823916,188,asm
us,game,19A8B0,func_1516ED68.NON_MATCHING,353824104,0,asm
us,game,19A8B0,func_1516ED68,353824104,364,asm
us,game,19A8B0,func_1516EED4,353824468,0,asm
us,game,19A8B0,func_1516EED4.NON_MATCHING,353824468,336,asm
us,game,19A8B0,func_1516F024.NON_MATCHING,353824804,0,asm
us,game,19A8B0,func_1516F024,353824804,412,asm
us,game,19A8B0,func_1516F1C0,353825216,0,asm
us,game,19A8B0,func_1516F1C0.NON_MATCHING,353825216,312,asm
us,game,19A8B0,func_1516F2F8.NON_MATCHING,353825528,0,asm
us,game,19A8B0,func_1516F2F8,353825528,592,asm
us,game,19A8B0,func_1516F548.NON_MATCHING,353826120,0,asm
us,game,19A8B0,func_1516F548,353826120,796,asm
us,game,19A8B0,func_1516F864,353826916,0,asm
us,game,19A8B0,func_1516F864.NON_MATCHING,353826916,136,asm
us,game,19A8B0,func_1516F8EC,353827052,0,asm
us,game,19A8B0,func_1516F8EC.NON_MATCHING,353827052,48,asm
us,game,19A8B0,func_1516F91C.NON_MATCHING,353827100,0,asm
us,game,19A8B0,func_1516F91C,353827100,48,asm
us,game,19A8B0,func_1516F94C.NON_MATCHING,353827148,0,asm
us,game,19A8B0,func_1516F94C,353827148,56,asm
us,game,19A8B0,func_1516F984.NON_MATCHING,353827204,0,asm
us,game,19A8B0,func_1516F984,353827204,64,asm
us,game,19A8B0,func_1516F9C4.NON_MATCHING,353827268,0,asm
us,game,19A8B0,func_1516F9C4,353827268,196,asm
us,game,19A8B0,func_1516FA88,353827464,0,asm
us,game,19A8B0,func_1516FA88.NON_MATCHING,353827464,324,asm
us,game,19A8B0,func_1516FBCC.NON_MATCHING,353827788,0,asm
us,game,19A8B0,func_1516FBCC,353827788,388,asm
us,game,19A8B0,func_1516FD50,353828176,0,asm
us,game,19A8B0,func_1516FD50.NON_MATCHING,353828176,204,asm
us,game,19A8B0,func_1516FE1C,353828380,0,asm
us,game,19A8B0,func_1516FE1C.NON_MATCHING,353828380,536,asm
us,game,19A8B0,func_15170034.NON_MATCHING,353828916,0,asm
us,game,19A8B0,func_15170034,353828916,164,asm
us,game,19A8B0,func_151700D8,353829080,0,asm
us,game,19A8B0,func_151700D8.NON_MATCHING,353829080,1064,asm
us,game,19A8B0,func_15170500.NON_MATCHING,353830144,0,asm
us,game,19A8B0,func_15170500,353830144,736,asm
us,game,19A8B0,func_151707E0.NON_MATCHING,353830880,0,asm
us,game,19A8B0,func_151707E0,353830880,468,asm
us,game,19A8B0,func_151709B4.NON_MATCHING,353831348,0,asm
us,game,19A8B0,func_151709B4,353831348,476,asm
us,game,19E040,func_15170B90,353831824,0,asm
us,game,19E040,func_15170B90.NON_MATCHING,353831824,820,asm
us,game,19E040,func_15170EC4,353832644,0,asm
us,game,19E040,func_15170EC4.NON_MATCHING,353832644,136,asm
us,game,19E040,func_15170F4C.NON_MATCHING,353832780,0,asm
us,game,19E040,func_15170F4C,353832780,632,asm
us,game,19E040,func_151711C4,353833412,0,asm
us,game,19E040,func_151711C4.NON_MATCHING,353833412,60,asm
us,game,19E040,func_15171200.NON_MATCHING,353833472,0,asm
us,game,19E040,func_15171200,353833472,1024,asm
us,game,19E040,func_15171600,353834496,0,asm
us,game,19E040,func_15171600.NON_MATCHING,353834496,508,asm
us,game,19E040,func_151717FC,353835004,0,asm
us,game,19E040,func_151717FC.NON_MATCHING,353835004,244,asm
us,game,19E040,func_151718F0,353835248,0,asm
us,game,19E040,func_151718F0.NON_MATCHING,353835248,772,asm
us,game,19E040,func_15171BF4.NON_MATCHING,353836020,0,asm
us,game,19E040,func_15171BF4,353836020,172,asm
us,game,19F150,func_15171CA0,353836192,0,asm
us,game,19F150,func_15171CA0.NON_MATCHING,353836192,172,asm
us,game,19F150,func_15171D4C.NON_MATCHING,353836364,0,asm
us,game,19F150,func_15171D4C,353836364,440,asm
us,game,19F150,func_15171F04,353836804,0,asm
us,game,19F150,func_15171F04.NON_MATCHING,353836804,188,asm
us,game,19F150,func_15171FC0,353836992,0,asm
us,game,19F150,func_15171FC0.NON_MATCHING,353836992,260,asm
us,game,19F150,func_151720C4.NON_MATCHING,353837252,0,asm
us,game,19F150,func_151720C4,353837252,744,asm
us,game,19F150,.L151723AC,353837996,40,asm
us,game,19F150,.L151723D4,353838036,40,asm
us,game,19F150,.L151723FC,353838076,40,asm
us,game,19F150,.L15172424,353838116,40,asm
us,game,19F150,.L1517244C,353838156,40,asm
us,game,19F150,.L15172474,353838196,28,asm
us,game,19F150,.L15172490,353838224,364,asm
us,game,19F150,func_151725FC,353838588,0,asm
us,game,19F150,func_151725FC.NON_MATCHING,353838588,1316,asm
us,game,19F150,func_15172B20.NON_MATCHING,353839904,0,asm
us,game,19F150,func_15172B20,353839904,304,asm
us,game,1A0100,func_15172C50,353840208,0,asm
us,game,1A0100,func_15172C50.NON_MATCHING,353840208,88,asm
us,game,1A0100,func_15172CA8,353840296,0,asm
us,game,1A0100,func_15172CA8.NON_MATCHING,353840296,128,asm
us,game,1A0100,func_15172D28.NON_MATCHING,353840424,0,asm
us,game,1A0100,func_15172D28,353840424,88,asm
us,game,1A0100,func_15172D80.NON_MATCHING,353840512,0,asm
us,game,1A0100,func_15172D80,353840512,252,asm
us,game,1A0100,func_15172E7C.NON_MATCHING,353840764,0,asm
us,game,1A0100,func_15172E7C,353840764,244,asm
us,game,1A0420,func_15172F70.NON_MATCHING,353841008,0,asm
us,game,1A0420,func_15172F70,353841008,880,asm
us,game,1A0790,func_151732E0.NON_MATCHING,353841888,0,asm
us,game,1A0790,func_151732E0,353841888,248,asm
us,game,1A0790,func_151733D8.NON_MATCHING,353842136,0,asm
us,game,1A0790,func_151733D8,353842136,12,asm
us,game,1A0790,func_151733E4,353842148,0,asm
us,game,1A0790,func_151733E4.NON_MATCHING,353842148,1248,asm
us,game,1A0790,func_151738C4,353843396,0,asm
us,game,1A0790,func_151738C4.NON_MATCHING,353843396,208,asm
us,game,1A0790,func_15173994,353843604,0,asm
us,game,1A0790,func_15173994.NON_MATCHING,353843604,28,asm
us,game,1A0E60,func_151739B0,353843632,0,asm
us,game,1A0E60,func_151739B0.NON_MATCHING,353843632,688,asm
us,game,1A0E60,func_15173C60,353844320,0,asm
us,game,1A0E60,func_15173C60.NON_MATCHING,353844320,48,asm
us,game,1A0E60,func_15173C90.NON_MATCHING,353844368,0,asm
us,game,1A0E60,func_15173C90,353844368,112,asm
us,game,1A11B0,func_15173D00.NON_MATCHING,353844480,0,asm
us,game,1A11B0,func_15173D00,353844480,1516,asm
us,game,1A11B0,func_151742EC.NON_MATCHING,353845996,0,asm
us,game,1A11B0,func_151742EC,353845996,772,asm
us,game,1A11B0,func_151745F0.NON_MATCHING,353846768,0,asm
us,game,1A11B0,func_151745F0,353846768,160,asm
us,game,1A1B40,func_15174690,353846928,0,asm
us,game,1A1B40,func_15174690.NON_MATCHING,353846928,656,asm
us,game,1A1B40,func_15174920,353847584,0,asm
us,game,1A1B40,func_15174920.NON_MATCHING,353847584,128,asm
us,game,1A1E50,func_151749A0.NON_MATCHING,353847712,0,asm
us,game,1A1E50,func_151749A0,353847712,88,asm
us,game,1A1E50,func_151749F8,353847800,0,asm
us,game,1A1E50,func_151749F8.NON_MATCHING,353847800,172,asm
us,game,1A1E50,func_15174AA4.NON_MATCHING,353847972,0,asm
us,game,1A1E50,func_15174AA4,353847972,164,asm
us,game,1A1E50,func_15174B48,353848136,0,asm
us,game,1A1E50,func_15174B48.NON_MATCHING,353848136,168,asm
us,game,1A20A0,func_15174BF0.NON_MATCHING,353848304,0,asm
us,game,1A20A0,func_15174BF0,353848304,948,asm
us,game,1A20A0,func_15174FA4,353849252,0,asm
us,game,1A20A0,func_15174FA4.NON_MATCHING,353849252,1004,asm
us,game,1A20A0,func_15175390.NON_MATCHING,353850256,0,asm
us,game,1A20A0,func_15175390,353850256,1480,asm
us,game,1A20A0,func_15175958.NON_MATCHING,353851736,0,asm
us,game,1A20A0,func_15175958,353851736,3844,asm
us,game,1A20A0,func_1517685C,353855580,0,asm
us,game,1A20A0,func_1517685C.NON_MATCHING,353855580,808,asm
us,game,1A20A0,func_15176B84.NON_MATCHING,353856388,0,asm
us,game,1A20A0,func_15176B84,353856388,620,asm
us,game,1A20A0,func_15176DF0,353857008,0,asm
us,game,1A20A0,func_15176DF0.NON_MATCHING,353857008,728,asm
us,game,1A20A0,func_151770C8.NON_MATCHING,353857736,0,asm
us,game,1A20A0,func_151770C8,353857736,404,asm
us,game,1A20A0,func_1517725C.NON_MATCHING,353858140,0,asm
us,game,1A20A0,func_1517725C,353858140,436,asm
us,game,1A48C0,func_15177410.NON_MATCHING,353858576,0,asm
us,game,1A48C0,func_15177410,353858576,1668,asm
us,game,1A48C0,func_15177A94,353860244,0,asm
us,game,1A48C0,func_15177A94.NON_MATCHING,353860244,1276,asm
us,game,1A5440,func_15177F90.NON_MATCHING,353861520,0,asm
us,game,1A5440,func_15177F90,353861520,728,asm
us,game,1A5440,func_15178268.NON_MATCHING,353862248,0,asm
us,game,1A5440,func_15178268,353862248,1256,asm
us,game,1A5440,func_15178750,353863504,0,asm
us,game,1A5440,func_15178750.NON_MATCHING,353863504,92,asm
us,game,1A5440,func_151787AC,353863596,0,asm
us,game,1A5440,func_151787AC.NON_MATCHING,353863596,1004,asm
us,game,1A5440,func_15178B98,353864600,0,asm
us,game,1A5440,func_15178B98.NON_MATCHING,353864600,76,asm
us,game,1A5440,func_15178BE4.NON_MATCHING,353864676,0,asm
us,game,1A5440,func_15178BE4,353864676,80,asm
us,game,1A5440,func_15178C34,353864756,0,asm
us,game,1A5440,func_15178C34.NON_MATCHING,353864756,104,asm
us,game,1A5440,func_15178C9C,353864860,0,asm
us,game,1A5440,func_15178C9C.NON_MATCHING,353864860,264,asm
us,game,1A5440,func_15178DA4.NON_MATCHING,353865124,0,asm
us,game,1A5440,func_15178DA4,353865124,112,asm
us,game,1A5440,func_15178E14.NON_MATCHING,353865236,0,asm
us,game,1A5440,func_15178E14,353865236,60,asm
us,game,game_1A6300,func_15178E50,353865296,96,c
us,game,1A6360,func_15178EB0.NON_MATCHING,353865392,0,asm
us,game,1A6360,func_15178EB0,353865392,76,asm
us,game,1A6360,func_15178EFC.NON_MATCHING,353865468,0,asm
us,game,1A6360,func_15178EFC,353865468,268,asm
us,game,1A6360,func_15179008,353865736,0,asm
us,game,1A6360,func_15179008.NON_MATCHING,353865736,228,asm
us,game,1A6360,.L151790EC,353865964,228,asm
us,game,1A6360,.L151791D0,353866192,244,asm
us,game,1A6360,.L151792C4,353866436,168,asm
us,game,1A6360,.L1517936C,353866604,196,asm
us,game,1A6360,.L15179430,353866800,152,asm
us,game,1A6360,func_151794C8.NON_MATCHING,353866952,0,asm
us,game,1A6360,func_151794C8,353866952,312,asm
us,game,1A6360,func_15179600.NON_MATCHING,353867264,0,asm
us,game,1A6360,func_15179600,353867264,432,asm
us,game,1A6360,func_151797B0,353867696,0,asm
us,game,1A6360,func_151797B0.NON_MATCHING,353867696,776,asm
us,game,1A6360,func_15179AB8,353868472,0,asm
us,game,1A6360,func_15179AB8.NON_MATCHING,353868472,92,asm
us,game,1A6360,func_15179B14.NON_MATCHING,353868564,0,asm
us,game,1A6360,func_15179B14,353868564,412,asm
us,game,1A6360,func_15179CB0.NON_MATCHING,353868976,0,asm
us,game,1A6360,func_15179CB0,353868976,256,asm
us,game,1A7260,func_15179DB0.NON_MATCHING,353869232,0,asm
us,game,1A7260,func_15179DB0,353869232,560,asm
us,game,1A7260,func_15179FE0,353869792,0,asm
us,game,1A7260,func_15179FE0.NON_MATCHING,353869792,524,asm
us,game,1A7260,func_1517A1EC,353870316,0,asm
us,game,1A7260,func_1517A1EC.NON_MATCHING,353870316,424,asm
us,game,1A7260,func_1517A394.NON_MATCHING,353870740,0,asm
us,game,1A7260,func_1517A394,353870740,12,asm
us,game,1A7260,func_1517A3A0,353870752,0,asm
us,game,1A7260,func_1517A3A0.NON_MATCHING,353870752,676,asm
us,game,1A7260,func_1517A644,353871428,0,asm
us,game,1A7260,func_1517A644.NON_MATCHING,353871428,520,asm
us,game,1A7260,func_1517A84C,353871948,0,asm
us,game,1A7260,func_1517A84C.NON_MATCHING,353871948,268,asm
us,game,1A7260,func_1517A958.NON_MATCHING,353872216,0,asm
us,game,1A7260,func_1517A958,353872216,80,asm
us,game,1A7260,func_1517A9A8.NON_MATCHING,353872296,0,asm
us,game,1A7260,func_1517A9A8,353872296,120,asm
us,game,1A7260,func_1517AA20,353872416,0,asm
us,game,1A7260,func_1517AA20.NON_MATCHING,353872416,348,asm
us,game,1A7260,func_1517AB7C.NON_MATCHING,353872764,0,asm
us,game,1A7260,func_1517AB7C,353872764,52,asm
us,game,1A8060,func_1517ABB0.NON_MATCHING,353872816,0,asm
us,game,1A8060,func_1517ABB0,353872816,336,asm
us,game,1A8060,func_1517AD00.NON_MATCHING,353873152,0,asm
us,game,1A8060,func_1517AD00,353873152,2048,asm
us,game,1A89B0,func_1517B500,353875200,0,asm
us,game,1A89B0,func_1517B500.NON_MATCHING,353875200,488,asm
us,game,1A89B0,func_1517B6E8.NON_MATCHING,353875688,0,asm
us,game,1A89B0,func_1517B6E8,353875688,192,asm
us,game,1A89B0,func_1517B7A8.NON_MATCHING,353875880,0,asm
us,game,1A89B0,func_1517B7A8,353875880,80,asm
us,game,1A89B0,func_1517B7F8,353875960,0,asm
us,game,1A89B0,func_1517B7F8.NON_MATCHING,353875960,164,asm
us,game,1A89B0,func_1517B89C.NON_MATCHING,353876124,0,asm
us,game,1A89B0,func_1517B89C,353876124,784,asm
us,game,1A89B0,func_1517BBAC.NON_MATCHING,353876908,0,asm
us,game,1A89B0,func_1517BBAC,353876908,5144,asm
us,game,1A89B0,func_1517CFC4,353882052,0,asm
us,game,1A89B0,func_1517CFC4.NON_MATCHING,353882052,176,asm
us,game,1A89B0,func_1517D074,353882228,0,asm
us,game,1A89B0,func_1517D074.NON_MATCHING,353882228,1284,asm
us,game,1A89B0,func_1517D578.NON_MATCHING,353883512,0,asm
us,game,1A89B0,func_1517D578,353883512,132,asm
us,game,1A89B0,func_1517D5FC.NON_MATCHING,353883644,0,asm
us,game,1A89B0,func_1517D5FC,353883644,148,asm
us,game,1A89B0,func_1517D690,353883792,0,asm
us,game,1A89B0,func_1517D690.NON_MATCHING,353883792,288,asm
us,game,1A89B0,func_1517D7B0.NON_MATCHING,353884080,0,asm
us,game,1A89B0,func_1517D7B0,353884080,1708,asm
us,game,1A89B0,func_1517DE5C.NON_MATCHING,353885788,0,asm
us,game,1A89B0,func_1517DE5C,353885788,512,asm
us,game,1A89B0,func_1517E05C,353886300,0,asm
us,game,1A89B0,func_1517E05C.NON_MATCHING,353886300,36,asm
us,game,1AB530,func_1517E080.NON_MATCHING,353886336,0,asm
us,game,1AB530,func_1517E080,353886336,180,asm
us,game,1AB530,func_1517E134,353886516,0,asm
us,game,1AB530,func_1517E134.NON_MATCHING,353886516,120,asm
us,game,1AB530,func_1517E1AC.NON_MATCHING,353886636,0,asm
us,game,1AB530,func_1517E1AC,353886636,224,asm
us,game,1AB530,func_1517E28C.NON_MATCHING,353886860,0,asm
us,game,1AB530,func_1517E28C,353886860,540,asm
us,game,1AB530,func_1517E4A8.NON_MATCHING,353887400,0,asm
us,game,1AB530,func_1517E4A8,353887400,1444,asm
us,game,1AB530,func_1517EA4C.NON_MATCHING,353888844,0,asm
us,game,1AB530,func_1517EA4C,353888844,96,asm
us,game,1AB530,func_1517EAAC.NON_MATCHING,353888940,0,asm
us,game,1AB530,func_1517EAAC,353888940,368,asm
us,game,1AB530,func_1517EC1C,353889308,0,asm
us,game,1AB530,func_1517EC1C.NON_MATCHING,353889308,548,asm
us,game,1AC2F0,func_1517EE40,353889856,0,asm
us,game,1AC2F0,func_1517EE40.NON_MATCHING,353889856,192,asm
us,game,1AC2F0,func_1517EF00,353890048,0,asm
us,game,1AC2F0,func_1517EF00.NON_MATCHING,353890048,172,asm
us,game,1AC2F0,func_1517EFAC.NON_MATCHING,353890220,0,asm
us,game,1AC2F0,func_1517EFAC,353890220,48,asm
us,game,1AC2F0,func_1517EFDC.NON_MATCHING,353890268,0,asm
us,game,1AC2F0,func_1517EFDC,353890268,176,asm
us,game,1AC2F0,func_1517F08C,353890444,0,asm
us,game,1AC2F0,func_1517F08C.NON_MATCHING,353890444,788,asm
us,game,1AC2F0,func_1517F3A0.NON_MATCHING,353891232,0,asm
us,game,1AC2F0,func_1517F3A0,353891232,108,asm
us,game,1AC2F0,func_1517F40C.NON_MATCHING,353891340,0,asm
us,game,1AC2F0,func_1517F40C,353891340,60,asm
us,game,1AC2F0,func_1517F448.NON_MATCHING,353891400,0,asm
us,game,1AC2F0,func_1517F448,353891400,64,asm
us,game,1AC2F0,func_1517F488.NON_MATCHING,353891464,0,asm
us,game,1AC2F0,func_1517F488,353891464,80,asm
us,game,1AC2F0,func_1517F4D8.NON_MATCHING,353891544,0,asm
us,game,1AC2F0,func_1517F4D8,353891544,140,asm
us,game,1AC2F0,func_1517F564,353891684,0,asm
us,game,1AC2F0,func_1517F564.NON_MATCHING,353891684,444,asm
us,game,1AC2F0,func_1517F720.NON_MATCHING,353892128,0,asm
us,game,1AC2F0,func_1517F720,353892128,60,asm
us,game,1AC2F0,func_1517F75C.NON_MATCHING,353892188,0,asm
us,game,1AC2F0,func_1517F75C,353892188,88,asm
us,game,1AC2F0,func_1517F7B4.NON_MATCHING,353892276,0,asm
us,game,1AC2F0,func_1517F7B4,353892276,96,asm
us,game,1AC2F0,func_1517F814.NON_MATCHING,353892372,0,asm
us,game,1AC2F0,func_1517F814,353892372,480,asm
us,game,1AC2F0,func_1517F9F4.NON_MATCHING,353892852,0,asm
us,game,1AC2F0,func_1517F9F4,353892852,424,asm
us,game,1AC2F0,func_1517FB9C,353893276,0,asm
us,game,1AC2F0,func_1517FB9C.NON_MATCHING,353893276,2532,asm
us,game,1AC2F0,func_15180580,353895808,0,asm
us,game,1AC2F0,func_15180580.NON_MATCHING,353895808,3964,asm
us,game,1AC2F0,func_151814FC,353899772,0,asm
us,game,1AC2F0,func_151814FC.NON_MATCHING,353899772,1996,asm
us,game,1AC2F0,func_15181CC8,353901768,0,asm
us,game,1AC2F0,func_15181CC8.NON_MATCHING,353901768,56,asm
us,game,1AC2F0,func_15181D00,353901824,0,asm
us,game,1AC2F0,func_15181D00.NON_MATCHING,353901824,112,asm
us,game,1AC2F0,func_15181D70,353901936,0,asm
us,game,1AC2F0,func_15181D70.NON_MATCHING,353901936,88,asm
us,game,1AC2F0,func_15181DC8.NON_MATCHING,353902024,0,asm
us,game,1AC2F0,func_15181DC8,353902024,80,asm
us,game,1AC2F0,func_15181E18.NON_MATCHING,353902104,0,asm
us,game,1AC2F0,func_15181E18,353902104,200,asm
us,game,1AC2F0,func_15181EE0.NON_MATCHING,353902304,0,asm
us,game,1AC2F0,func_15181EE0,353902304,1936,asm
us,game,1AC2F0,func_15182670,353904240,0,asm
us,game,1AC2F0,func_15182670.NON_MATCHING,353904240,216,asm
us,game,1AC2F0,func_15182748,353904456,0,asm
us,game,1AC2F0,func_15182748.NON_MATCHING,353904456,32,asm
us,game,1AC2F0,func_15182768,353904488,0,asm
us,game,1AC2F0,func_15182768.NON_MATCHING,353904488,104,asm
us,game,1AFC80,func_151827D0.NON_MATCHING,353904592,0,asm
us,game,1AFC80,func_151827D0,353904592,1164,asm
us,game,1AFC80,func_15182C5C,353905756,0,asm
us,game,1AFC80,func_15182C5C.NON_MATCHING,353905756,764,asm
us,game,1AFC80,func_15182F58.NON_MATCHING,353906520,0,asm
us,game,1AFC80,func_15182F58,353906520,132,asm
us,game,1AFC80,func_15182FDC,353906652,0,asm
us,game,1AFC80,func_15182FDC.NON_MATCHING,353906652,692,asm
us,game,1B0740,func_15183290.NON_MATCHING,353907344,0,asm
us,game,1B0740,func_15183290,353907344,208,asm
us,game,1B0740,.L15183360,353907552,76,asm
us,game,1B0740,.L151833AC,353907628,80,asm
us,game,1B0740,.L151833FC,353907708,148,asm
us,game,1B0740,.L15183490,353907856,96,asm
us,game,1B0740,.L151834F0,353907952,8,asm
us,game,1B0740,.L151834F8,353907960,96,asm
us,game,1B0740,.L15183558,353908056,96,asm
us,game,1B0740,.L151835B8,353908152,176,asm
us,game,1B0740,.L15183668,353908328,180,asm
us,game,1B0740,.L1518371C,353908508,156,asm
us,game,1B0740,.L151837B8,353908664,148,asm
us,game,1B0740,.L1518384C,353908812,100,asm
us,game,1B0740,func_151838B0.NON_MATCHING,353908912,0,asm
us,game,1B0740,func_151838B0,353908912,196,asm
us,game,1B0740,func_15183974.NON_MATCHING,353909108,0,asm
us,game,1B0740,func_15183974,353909108,124,asm
us,game,1B0740,func_151839F0.NON_MATCHING,353909232,0,asm
us,game,1B0740,func_151839F0,353909232,220,asm
us,game,1B0740,func_15183ACC.NON_MATCHING,353909452,0,asm
us,game,1B0740,func_15183ACC,353909452,216,asm
us,game,1B0740,func_15183BA4.NON_MATCHING,353909668,0,asm
us,game,1B0740,func_15183BA4,353909668,132,asm
us,game,1B0740,func_15183C28.NON_MATCHING,353909800,0,asm
us,game,1B0740,func_15183C28,353909800,256,asm
us,game,1B0740,func_15183D28.NON_MATCHING,353910056,0,asm
us,game,1B0740,func_15183D28,353910056,1008,asm
us,game,1B0740,func_15184118.NON_MATCHING,353911064,0,asm
us,game,1B0740,func_15184118,353911064,56,asm
us,game,1B1600,func_15184150.NON_MATCHING,353911120,0,asm
us,game,1B1600,func_15184150,353911120,536,asm
us,game,1B1600,func_15184368,353911656,0,asm
us,game,1B1600,func_15184368.NON_MATCHING,353911656,2696,asm
us,game,1B1600,func_15184DF0,353914352,0,asm
us,game,1B1600,func_15184DF0.NON_MATCHING,353914352,436,asm
us,game,1B1600,func_15184FA4,353914788,0,asm
us,game,1B1600,func_15184FA4.NON_MATCHING,353914788,1200,asm
us,game,1B1600,func_15185454.NON_MATCHING,353915988,0,asm
us,game,1B1600,func_15185454,353915988,256,asm
us,game,1B1600,func_15185554,353916244,0,asm
us,game,1B1600,func_15185554.NON_MATCHING,353916244,40,asm
us,game,1B1600,func_1518557C.NON_MATCHING,353916284,0,asm
us,game,1B1600,func_1518557C,353916284,256,asm
us,game,1B1600,func_1518567C.NON_MATCHING,353916540,0,asm
us,game,1B1600,func_1518567C,353916540,44,asm
us,game,1B1600,func_151856A8.NON_MATCHING,353916584,0,asm
us,game,1B1600,func_151856A8,353916584,264,asm
us,game,1B1600,func_151857B0,353916848,0,asm
us,game,1B1600,func_151857B0.NON_MATCHING,353916848,44,asm
us,game,1B1600,func_151857DC.NON_MATCHING,353916892,0,asm
us,game,1B1600,func_151857DC,353916892,248,asm
us,game,1B1600,func_151858D4.NON_MATCHING,353917140,0,asm
us,game,1B1600,func_151858D4,353917140,40,asm
us,game,1B1600,func_151858FC,353917180,0,asm
us,game,1B1600,func_151858FC.NON_MATCHING,353917180,256,asm
us,game,1B1600,func_151859FC.NON_MATCHING,353917436,0,asm
us,game,1B1600,func_151859FC,353917436,44,asm
us,game,1B1600,func_15185A28.NON_MATCHING,353917480,0,asm
us,game,1B1600,func_15185A28,353917480,256,asm
us,game,1B1600,func_15185B28.NON_MATCHING,353917736,0,asm
us,game,1B1600,func_15185B28,353917736,44,asm
us,game,1B1600,func_15185B54.NON_MATCHING,353917780,0,asm
us,game,1B1600,func_15185B54,353917780,240,asm
us,game,1B1600,func_15185C44,353918020,0,asm
us,game,1B1600,func_15185C44.NON_MATCHING,353918020,40,asm
us,game,1B1600,func_15185C6C,353918060,0,asm
us,game,1B1600,func_15185C6C.NON_MATCHING,353918060,240,asm
us,game,1B1600,func_15185D5C.NON_MATCHING,353918300,0,asm
us,game,1B1600,func_15185D5C,353918300,40,asm
us,game,1B1600,func_15185D84.NON_MATCHING,353918340,0,asm
us,game,1B1600,func_15185D84,353918340,40,asm
us,game,1B1600,func_15185DAC.NON_MATCHING,353918380,0,asm
us,game,1B1600,func_15185DAC,353918380,40,asm
us,game,1B1600,func_15185DD4.NON_MATCHING,353918420,0,asm
us,game,1B1600,func_15185DD4,353918420,336,asm
us,game,1B1600,func_15185F24.NON_MATCHING,353918756,0,asm
us,game,1B1600,func_15185F24,353918756,1544,asm
us,game,1B1600,func_1518652C,353920300,0,asm
us,game,1B1600,func_1518652C.NON_MATCHING,353920300,616,asm
us,game,1B1600,func_15186794.NON_MATCHING,353920916,0,asm
us,game,1B1600,func_15186794,353920916,2844,asm
us,game,1B1600,func_151872B0,353923760,0,asm
us,game,1B1600,func_151872B0.NON_MATCHING,353923760,308,asm
us,game,1B1600,func_151873E4.NON_MATCHING,353924068,0,asm
us,game,1B1600,func_151873E4,353924068,508,asm
us,game,1B1600,func_151875E0.NON_MATCHING,353924576,0,asm
us,game,1B1600,func_151875E0,353924576,920,asm
us,game,1B1600,func_15187978.NON_MATCHING,353925496,0,asm
us,game,1B1600,func_15187978,353925496,288,asm
us,game,1B1600,func_15187A98,353925784,0,asm
us,game,1B1600,func_15187A98.NON_MATCHING,353925784,724,asm
us,game,1B1600,func_15187D6C,353926508,0,asm
us,game,1B1600,func_15187D6C.NON_MATCHING,353926508,340,asm
us,game,1B5370,func_15187EC0.NON_MATCHING,353926848,0,asm
us,game,1B5370,func_15187EC0,353926848,208,asm
us,game,1B5370,func_15187F90,353927056,0,asm
us,game,1B5370,func_15187F90.NON_MATCHING,353927056,48,asm
us,game,1B5370,func_15187FC0.NON_MATCHING,353927104,0,asm
us,game,1B5370,func_15187FC0,353927104,80,asm
us,game,1B5370,func_15188010,353927184,0,asm
us,game,1B5370,func_15188010.NON_MATCHING,353927184,60,asm
us,game,1B5370,func_1518804C.NON_MATCHING,353927244,0,asm
us,game,1B5370,func_1518804C,353927244,116,asm
us,game,1B5370,func_151880C0,353927360,0,asm
us,game,1B5370,func_151880C0.NON_MATCHING,353927360,1872,asm
us,game,1B5CC0,func_15188810.NON_MATCHING,353929232,0,asm
us,game,1B5CC0,func_15188810,353929232,316,asm
us,game,1B5CC0,func_1518894C,353929548,0,asm
us,game,1B5CC0,func_1518894C.NON_MATCHING,353929548,268,asm
us,game,1B5CC0,func_15188A58.NON_MATCHING,353929816,0,asm
us,game,1B5CC0,func_15188A58,353929816,68,asm
us,game,1B5CC0,func_15188A9C,353929884,0,asm
us,game,1B5CC0,func_15188A9C.NON_MATCHING,353929884,52,asm
us,game,1B5CC0,func_15188AD0.NON_MATCHING,353929936,0,asm
us,game,1B5CC0,func_15188AD0,353929936,164,asm
us,game,1B5CC0,func_15188B74.NON_MATCHING,353930100,0,asm
us,game,1B5CC0,func_15188B74,353930100,396,asm
us,game,1B5CC0,func_15188D00.NON_MATCHING,353930496,0,asm
us,game,1B5CC0,func_15188D00,353930496,328,asm
us,game,1B5CC0,func_15188E48,353930824,0,asm
us,game,1B5CC0,func_15188E48.NON_MATCHING,353930824,316,asm
us,game,1B5CC0,func_15188F84,353931140,0,asm
us,game,1B5CC0,func_15188F84.NON_MATCHING,353931140,404,asm
us,game,1B5CC0,func_15189118.NON_MATCHING,353931544,0,asm
us,game,1B5CC0,func_15189118,353931544,1164,asm
us,game,1B5CC0,func_151895A4,353932708,0,asm
us,game,1B5CC0,func_151895A4.NON_MATCHING,353932708,40,asm
us,game,1B5CC0,func_151895CC.NON_MATCHING,353932748,0,asm
us,game,1B5CC0,func_151895CC,353932748,40,asm
us,game,1B5CC0,func_151895F4.NON_MATCHING,353932788,0,asm
us,game,1B5CC0,func_151895F4,353932788,432,asm
us,game,1B5CC0,func_151897A4.NON_MATCHING,353933220,0,asm
us,game,1B5CC0,func_151897A4,353933220,284,asm
us,game,1B5CC0,func_151898C0,353933504,0,asm
us,game,1B5CC0,func_151898C0.NON_MATCHING,353933504,64,asm
us,game,1B6DB0,func_15189900,353933568,0,asm
us,game,1B6DB0,func_15189900.NON_MATCHING,353933568,256,asm
us,game,1B6DB0,func_15189A00,353933824,0,asm
us,game,1B6DB0,func_15189A00.NON_MATCHING,353933824,1212,asm
us,game,1B6DB0,func_15189EBC.NON_MATCHING,353935036,0,asm
us,game,1B6DB0,func_15189EBC,353935036,276,asm
us,game,1B6DB0,func_15189FD0,353935312,0,asm
us,game,1B6DB0,func_15189FD0.NON_MATCHING,353935312,32,asm
us,game,1B74A0,func_15189FF0,353935344,0,asm
us,game,1B74A0,func_15189FF0.NON_MATCHING,353935344,164,asm
us,game,1B74A0,func_1518A094.NON_MATCHING,353935508,0,asm
us,game,1B74A0,func_1518A094,353935508,384,asm
us,game,1B74A0,func_1518A214,353935892,0,asm
us,game,1B74A0,func_1518A214.NON_MATCHING,353935892,212,asm
us,game,1B74A0,func_1518A2E8,353936104,0,asm
us,game,1B74A0,func_1518A2E8.NON_MATCHING,353936104,60,asm
us,game,1B74A0,func_1518A324,353936164,0,asm
us,game,1B74A0,func_1518A324.NON_MATCHING,353936164,60,asm
us,game,1B74A0,func_1518A360.NON_MATCHING,353936224,0,asm
us,game,1B74A0,func_1518A360,353936224,96,asm
us,game,1B7870,func_1518A3C0.NON_MATCHING,353936320,0,asm
us,game,1B7870,func_1518A3C0,353936320,564,asm
us,game,1B7870,func_1518A5F4.NON_MATCHING,353936884,0,asm
us,game,1B7870,func_1518A5F4,353936884,800,asm
us,game,1B7870,func_1518A914.NON_MATCHING,353937684,0,asm
us,game,1B7870,func_1518A914,353937684,252,asm
us,game,1B7EC0,func_1518AA10,353937936,0,asm
us,game,1B7EC0,func_1518AA10.NON_MATCHING,353937936,204,asm
us,game,1B7EC0,func_1518AADC.NON_MATCHING,353938140,0,asm
us,game,1B7EC0,func_1518AADC,353938140,132,asm
us,game,1B7EC0,func_1518AB60,353938272,0,asm
us,game,1B7EC0,func_1518AB60.NON_MATCHING,353938272,112,asm
us,game,1B7EC0,func_1518ABD0.NON_MATCHING,353938384,0,asm
us,game,1B7EC0,func_1518ABD0,353938384,336,asm
us,game,1B81D0,func_1518AD20.NON_MATCHING,353938720,0,asm
us,game,1B81D0,func_1518AD20,353938720,1164,asm
us,game,1B81D0,func_1518B1AC,353939884,0,asm
us,game,1B81D0,func_1518B1AC.NON_MATCHING,353939884,44,asm
us,game,1B81D0,func_1518B1D8.NON_MATCHING,353939928,0,asm
us,game,1B81D0,func_1518B1D8,353939928,140,asm
us,game,1B81D0,func_1518B264.NON_MATCHING,353940068,0,asm
us,game,1B81D0,func_1518B264,353940068,68,asm
us,game,1B81D0,func_1518B2A8,353940136,0,asm
us,game,1B81D0,func_1518B2A8.NON_MATCHING,353940136,1032,asm
us,game,1B8B60,func_1518B6B0,353941168,0,asm
us,game,1B8B60,func_1518B6B0.NON_MATCHING,353941168,992,asm
us,game,1B8F40,func_1518BA90.NON_MATCHING,353942160,0,asm
us,game,1B8F40,func_1518BA90,353942160,164,asm
us,game,1B8F40,.L1518BB34,353942324,8,asm
us,game,1B8F40,.L1518BB3C,353942332,84,asm
us,game,1B8F40,.L1518BB90,353942416,56,asm
us,game,1B8F40,.L1518BBC8,353942472,44,asm
us,game,1B8F40,func_1518BBF4,353942516,0,asm
us,game,1B8F40,func_1518BBF4.NON_MATCHING,353942516,220,asm
us,game,1B8F40,func_1518BCD0,353942736,0,asm
us,game,1B8F40,func_1518BCD0.NON_MATCHING,353942736,144,asm
us,game,1B8F40,func_1518BD60,353942880,0,asm
us,game,1B8F40,func_1518BD60.NON_MATCHING,353942880,856,asm
us,game,1B8F40,func_1518C0B8,353943736,0,asm
us,game,1B8F40,func_1518C0B8.NON_MATCHING,353943736,1160,asm
us,game,1B8F40,func_1518C540,353944896,0,asm
us,game,1B8F40,func_1518C540.NON_MATCHING,353944896,60,asm
us,game,1B8F40,func_1518C57C,353944956,0,asm
us,game,1B8F40,func_1518C57C.NON_MATCHING,353944956,288,asm
us,game,1B8F40,func_1518C69C,353945244,0,asm
us,game,1B8F40,func_1518C69C.NON_MATCHING,353945244,436,asm
us,game,1B8F40,func_1518C850,353945680,0,asm
us,game,1B8F40,func_1518C850.NON_MATCHING,353945680,176,asm
us,game,1B9DB0,func_1518C900.NON_MATCHING,353945856,0,asm
us,game,1B9DB0,func_1518C900,353945856,260,asm
us,game,1B9DB0,func_1518CA04,353946116,0,asm
us,game,1B9DB0,func_1518CA04.NON_MATCHING,353946116,124,asm
us,game,1B9F30,func_1518CA80.NON_MATCHING,353946240,0,asm
us,game,1B9F30,func_1518CA80,353946240,552,asm
us,game,1B9F30,func_1518CCA8.NON_MATCHING,353946792,0,asm
us,game,1B9F30,func_1518CCA8,353946792,120,asm
us,game,1BA1D0,func_1518CD20.NON_MATCHING,353946912,0,asm
us,game,1BA1D0,func_1518CD20,353946912,1184,asm
us,game,1BA1D0,func_1518D1C0,353948096,0,asm
us,game,1BA1D0,func_1518D1C0.NON_MATCHING,353948096,280,asm
us,game,1BA1D0,.L1518D2D8,353948376,68,asm
us,game,1BA1D0,.L1518D31C,353948444,64,asm
us,game,1BA1D0,.L1518D35C,353948508,68,asm
us,game,1BA1D0,.L1518D3A0,353948576,48,asm
us,game,1BA1D0,.L1518D3D0,353948624,52,asm
us,game,1BA1D0,.L1518D404,353948676,52,asm
us,game,1BA1D0,.L1518D438,353948728,52,asm
us,game,1BA1D0,.L1518D46C,353948780,48,asm
us,game,1BA1D0,.L1518D49C,353948828,48,asm
us,game,1BA1D0,.L1518D4CC,353948876,48,asm
us,game,1BA1D0,.L1518D4FC,353948924,48,asm
us,game,1BA1D0,.L1518D52C,353948972,48,asm
us,game,1BA1D0,.L1518D55C,353949020,68,asm
us,game,1BA1D0,.L1518D5A0,353949088,52,asm
us,game,1BA1D0,.L1518D5D4,353949140,68,asm
us,game,1BA1D0,.L1518D618,353949208,68,asm
us,game,1BA1D0,.L1518D65C,353949276,52,asm
us,game,1BA1D0,.L1518D690,353949328,80,asm
us,game,1BA1D0,func_1518D6E0.NON_MATCHING,353949408,0,asm
us,game,1BA1D0,func_1518D6E0,353949408,3000,asm
us,game,1BA1D0,func_1518E298,353952408,0,asm
us,game,1BA1D0,func_1518E298.NON_MATCHING,353952408,112,asm
us,game,1BA1D0,func_1518E308,353952520,0,asm
us,game,1BA1D0,func_1518E308.NON_MATCHING,353952520,116,asm
us,game,1BA1D0,func_1518E37C.NON_MATCHING,353952636,0,asm
us,game,1BA1D0,func_1518E37C,353952636,72,asm
us,game,1BA1D0,func_1518E3C4.NON_MATCHING,353952708,0,asm
us,game,1BA1D0,func_1518E3C4,353952708,220,asm
us,game,1BA1D0,func_1518E4A0,353952928,0,asm
us,game,1BA1D0,func_1518E4A0.NON_MATCHING,353952928,44,asm
us,game,1BA1D0,func_1518E4CC.NON_MATCHING,353952972,0,asm
us,game,1BA1D0,func_1518E4CC,353952972,44,asm
us,game,1BA1D0,func_1518E4F8.NON_MATCHING,353953016,0,asm
us,game,1BA1D0,func_1518E4F8,353953016,44,asm
us,game,1BA1D0,func_1518E524,353953060,0,asm
us,game,1BA1D0,func_1518E524.NON_MATCHING,353953060,180,asm
us,game,1BA1D0,func_1518E5D8.NON_MATCHING,353953240,0,asm
us,game,1BA1D0,func_1518E5D8,353953240,148,asm
us,game,1BA1D0,func_1518E66C.NON_MATCHING,353953388,0,asm
us,game,1BA1D0,func_1518E66C,353953388,104,asm
us,game,1BA1D0,func_1518E6D4.NON_MATCHING,353953492,0,asm
us,game,1BA1D0,func_1518E6D4,353953492,104,asm
us,game,1BA1D0,func_1518E73C.NON_MATCHING,353953596,0,asm
us,game,1BA1D0,func_1518E73C,353953596,980,asm
us,game,1BA1D0,func_1518EB10.NON_MATCHING,353954576,0,asm
us,game,1BA1D0,func_1518EB10,353954576,1092,asm
us,game,1BA1D0,func_1518EF54,353955668,0,asm
us,game,1BA1D0,func_1518EF54.NON_MATCHING,353955668,260,asm
us,game,1BA1D0,func_1518F058.NON_MATCHING,353955928,0,asm
us,game,1BA1D0,func_1518F058,353955928,176,asm
us,game,1BA1D0,func_1518F108,353956104,0,asm
us,game,1BA1D0,func_1518F108.NON_MATCHING,353956104,84,asm
us,game,1BA1D0,func_1518F15C.NON_MATCHING,353956188,0,asm
us,game,1BA1D0,func_1518F15C,353956188,68,asm
us,game,1BA1D0,func_1518F1A0.NON_MATCHING,353956256,0,asm
us,game,1BA1D0,func_1518F1A0,353956256,484,asm
us,game,1BA1D0,func_1518F384.NON_MATCHING,353956740,0,asm
us,game,1BA1D0,func_1518F384,353956740,216,asm
us,game,1BA1D0,func_1518F45C.NON_MATCHING,353956956,0,asm
us,game,1BA1D0,func_1518F45C,353956956,64,asm
us,game,1BA1D0,func_1518F49C,353957020,0,asm
us,game,1BA1D0,func_1518F49C.NON_MATCHING,353957020,128,asm
us,game,1BA1D0,func_1518F51C.NON_MATCHING,353957148,0,asm
us,game,1BA1D0,func_1518F51C,353957148,180,asm
us,game,1BA1D0,func_1518F5D0,353957328,0,asm
us,game,1BA1D0,func_1518F5D0.NON_MATCHING,353957328,500,asm
us,game,1BA1D0,func_1518F7C4.NON_MATCHING,353957828,0,asm
us,game,1BA1D0,func_1518F7C4,353957828,148,asm
us,game,1BA1D0,func_1518F858,353957976,0,asm
us,game,1BA1D0,func_1518F858.NON_MATCHING,353957976,68,asm
us,game,1BA1D0,func_1518F89C.NON_MATCHING,353958044,0,asm
us,game,1BA1D0,func_1518F89C,353958044,68,asm
us,game,1BA1D0,func_1518F8E0,353958112,0,asm
us,game,1BA1D0,func_1518F8E0.NON_MATCHING,353958112,804,asm
us,game,1BA1D0,func_1518FC04,353958916,0,asm
us,game,1BA1D0,func_1518FC04.NON_MATCHING,353958916,64,asm
us,game,1BA1D0,func_1518FC44,353958980,0,asm
us,game,1BA1D0,func_1518FC44.NON_MATCHING,353958980,64,asm
us,game,1BA1D0,func_1518FC84,353959044,0,asm
us,game,1BA1D0,func_1518FC84.NON_MATCHING,353959044,320,asm
us,game,1BA1D0,func_1518FDC4,353959364,0,asm
us,game,1BA1D0,func_1518FDC4.NON_MATCHING,353959364,92,asm
us,game,1BA1D0,.L1518FE20,353959456,28,asm
us,game,1BA1D0,.L1518FE3C,353959484,28,asm
us,game,1BA1D0,.L1518FE58,353959512,28,asm
us,game,1BA1D0,.L1518FE74,353959540,28,asm
us,game,1BA1D0,.L1518FE90,353959568,28,asm
us,game,1BA1D0,.L1518FEAC,353959596,28,asm
us,game,1BA1D0,.L1518FEC8,353959624,24,asm
us,game,1BA1D0,.L1518FEE0,353959648,28,asm
us,game,1BA1D0,.L1518FEFC,353959676,28,asm
us,game,1BA1D0,.L1518FF18,353959704,28,asm
us,game,1BA1D0,.L1518FF34,353959732,28,asm
us,game,1BA1D0,.L1518FF50,353959760,28,asm
us,game,1BA1D0,.L1518FF6C,353959788,28,asm
us,game,1BA1D0,.L1518FF88,353959816,28,asm
us,game,1BA1D0,.L1518FFA4,353959844,28,asm
us,game,1BA1D0,.L1518FFC0,353959872,28,asm
us,game,1BA1D0,.L1518FFDC,353959900,28,asm
us,game,1BA1D0,.L1518FFF8,353959928,28,asm
us,game,1BA1D0,.L15190014,353959956,28,asm
us,game,1BA1D0,.L15190030,353959984,12,asm
us,game,1BA1D0,func_1519003C.NON_MATCHING,353959996,0,asm
us,game,1BA1D0,func_1519003C,353959996,80,asm
us,game,1BA1D0,.L1519008C,353960076,20,asm
us,game,1BA1D0,.L151900A0,353960096,20,asm
us,game,1BA1D0,.L151900B4,353960116,20,asm
us,game,1BA1D0,.L151900C8,353960136,20,asm
us,game,1BA1D0,.L151900DC,353960156,20,asm
us,game,1BA1D0,.L151900F0,353960176,20,asm
us,game,1BA1D0,.L15190104,353960196,20,asm
us,game,1BA1D0,.L15190118,353960216,20,asm
us,game,1BA1D0,.L1519012C,353960236,20,asm
us,game,1BA1D0,.L15190140,353960256,20,asm
us,game,1BA1D0,.L15190154,353960276,20,asm
us,game,1BA1D0,.L15190168,353960296,20,asm
us,game,1BA1D0,.L1519017C,353960316,20,asm
us,game,1BA1D0,.L15190190,353960336,20,asm
us,game,1BA1D0,.L151901A4,353960356,20,asm
us,game,1BA1D0,.L151901B8,353960376,20,asm
us,game,1BA1D0,.L151901CC,353960396,20,asm
us,game,1BA1D0,.L151901E0,353960416,20,asm
us,game,1BA1D0,.L151901F4,353960436,20,asm
us,game,1BA1D0,.L15190208,353960456,20,asm
us,game,1BA1D0,func_1519021C,353960476,0,asm
us,game,1BA1D0,func_1519021C.NON_MATCHING,353960476,436,asm
us,game,1BA1D0,func_151903D0,353960912,0,asm
us,game,1BA1D0,func_151903D0.NON_MATCHING,353960912,48,asm
us,game,1BA1D0,func_15190400.NON_MATCHING,353960960,0,asm
us,game,1BA1D0,func_15190400,353960960,84,asm
us,game,1BA1D0,func_15190454.NON_MATCHING,353961044,0,asm
us,game,1BA1D0,func_15190454,353961044,16,asm
us,game,1BA1D0,func_15190464.NON_MATCHING,353961060,0,asm
us,game,1BA1D0,func_15190464,353961060,44,asm
us,game,1BA1D0,func_15190490.NON_MATCHING,353961104,0,asm
us,game,1BA1D0,func_15190490,353961104,44,asm
us,game,1BA1D0,func_151904BC.NON_MATCHING,353961148,0,asm
us,game,1BA1D0,func_151904BC,353961148,92,asm
us,game,1BA1D0,func_15190518,353961240,0,asm
us,game,1BA1D0,func_15190518.NON_MATCHING,353961240,56,asm
us,game,1BA1D0,func_15190550.NON_MATCHING,353961296,0,asm
us,game,1BA1D0,func_15190550,353961296,108,asm
us,game,1BA1D0,func_151905BC.NON_MATCHING,353961404,0,asm
us,game,1BA1D0,func_151905BC,353961404,264,asm
us,game,1BA1D0,func_151906C4.NON_MATCHING,353961668,0,asm
us,game,1BA1D0,func_151906C4,353961668,28,asm
us,game,1BA1D0,func_151906E0,353961696,0,asm
us,game,1BA1D0,func_151906E0.NON_MATCHING,353961696,76,asm
us,game,1BA1D0,func_1519072C.NON_MATCHING,353961772,0,asm
us,game,1BA1D0,func_1519072C,353961772,68,asm
us,game,1BA1D0,func_15190770,353961840,0,asm
us,game,1BA1D0,func_15190770.NON_MATCHING,353961840,208,asm
us,game,1BA1D0,func_15190840.NON_MATCHING,353962048,0,asm
us,game,1BA1D0,func_15190840,353962048,44,asm
us,game,1BA1D0,func_1519086C.NON_MATCHING,353962092,0,asm
us,game,1BA1D0,func_1519086C,353962092,44,asm
us,game,1BA1D0,func_15190898.NON_MATCHING,353962136,0,asm
us,game,1BA1D0,func_15190898,353962136,1796,asm
us,game,1BA1D0,func_15190F9C.NON_MATCHING,353963932,0,asm
us,game,1BA1D0,func_15190F9C,353963932,240,asm
us,game,1BA1D0,func_1519108C,353964172,0,asm
us,game,1BA1D0,func_1519108C.NON_MATCHING,353964172,884,asm
us,game,1BA1D0,func_15191400.NON_MATCHING,353965056,0,asm
us,game,1BA1D0,func_15191400,353965056,288,asm
us,game,1BA1D0,func_15191520.NON_MATCHING,353965344,0,asm
us,game,1BA1D0,func_15191520,353965344,860,asm
us,game,1BA1D0,func_1519187C.NON_MATCHING,353966204,0,asm
us,game,1BA1D0,func_1519187C,353966204,64,asm
us,game,1BA1D0,func_151918BC.NON_MATCHING,353966268,0,asm
us,game,1BA1D0,func_151918BC,353966268,196,asm
us,game,1BA1D0,func_15191980.NON_MATCHING,353966464,0,asm
us,game,1BA1D0,func_15191980,353966464,260,asm
us,game,1BA1D0,func_15191A84.NON_MATCHING,353966724,0,asm
us,game,1BA1D0,func_15191A84,353966724,264,asm
us,game,1BA1D0,func_15191B8C,353966988,0,asm
us,game,1BA1D0,func_15191B8C.NON_MATCHING,353966988,84,asm
us,game,1BF090,func_15191BE0.NON_MATCHING,353967072,0,asm
us,game,1BF090,func_15191BE0,353967072,372,asm
us,game,1BF090,func_15191D54.NON_MATCHING,353967444,0,asm
us,game,1BF090,func_15191D54,353967444,744,asm
us,game,1BF090,func_1519203C,353968188,0,asm
us,game,1BF090,func_1519203C.NON_MATCHING,353968188,716,asm
us,game,1BF090,func_15192308.NON_MATCHING,353968904,0,asm
us,game,1BF090,func_15192308,353968904,80,asm
us,game,1BF090,func_15192358.NON_MATCHING,353968984,0,asm
us,game,1BF090,func_15192358,353968984,548,asm
us,game,1BF090,func_1519257C.NON_MATCHING,353969532,0,asm
us,game,1BF090,func_1519257C,353969532,72,asm
us,game,1BF090,func_151925C4.NON_MATCHING,353969604,0,asm
us,game,1BF090,func_151925C4,353969604,136,asm
us,game,1BF090,.L1519264C,353969740,8,asm
us,game,1BF090,.L15192654,353969748,20,asm
us,game,1BF090,.L15192668,353969768,276,asm
us,game,1BF090,func_1519277C.NON_MATCHING,353970044,0,asm
us,game,1BF090,func_1519277C,353970044,68,asm
us,game,game_1BFC70,func_151927C0.NON_MATCHING,353970112,0,c
us,game,game_1BFC70,func_151927C0,353970112,64,asm
us,game,1BFCB0,func_15192800.NON_MATCHING,353970176,0,asm
us,game,1BFCB0,func_15192800,353970176,176,asm
us,game,1BFCB0,func_151928B0,353970352,0,asm
us,game,1BFCB0,func_151928B0.NON_MATCHING,353970352,68,asm
us,game,1BFCB0,.L151928F4,353970420,44,asm
us,game,1BFDD0,func_15192920.NON_MATCHING,353970464,0,asm
us,game,1BFDD0,func_15192920,353970464,132,asm
us,game,1BFDD0,func_151929A4,353970596,0,asm
us,game,1BFDD0,func_151929A4.NON_MATCHING,353970596,932,asm
us,game,1BFDD0,func_15192D48,353971528,0,asm
us,game,1BFDD0,func_15192D48.NON_MATCHING,353971528,168,asm
us,game,1BFDD0,func_15192DF0,353971696,0,asm
us,game,1BFDD0,func_15192DF0.NON_MATCHING,353971696,1092,asm
us,game,1BFDD0,func_15193234,353972788,0,asm
us,game,1BFDD0,func_15193234.NON_MATCHING,353972788,172,asm
us,game,1BFDD0,func_151932E0.NON_MATCHING,353972960,0,asm
us,game,1BFDD0,func_151932E0,353972960,176,asm
us,game,1C0840,func_15193390.NON_MATCHING,353973136,0,asm
us,game,1C0840,func_15193390,353973136,292,asm
us,game,1C0840,func_151934B4.NON_MATCHING,353973428,0,asm
us,game,1C0840,func_151934B4,353973428,428,asm
us,game,1C0B10,func_15193660,353973856,0,asm
us,game,1C0B10,func_15193660.NON_MATCHING,353973856,404,asm
us,game,1C0B10,func_151937F4.NON_MATCHING,353974260,0,asm
us,game,1C0B10,func_151937F4,353974260,240,asm
us,game,1C0B10,func_151938E4,353974500,0,asm
us,game,1C0B10,func_151938E4.NON_MATCHING,353974500,24,asm
us,game,1C0B10,func_151938FC,353974524,0,asm
us,game,1C0B10,func_151938FC.NON_MATCHING,353974524,932,asm
us,game,1C1150,func_15193CA0,353975456,0,asm
us,game,1C1150,func_15193CA0.NON_MATCHING,353975456,1552,asm
us,game,1C1150,func_151942B0.NON_MATCHING,353977008,0,asm
us,game,1C1150,func_151942B0,353977008,56,asm
us,game,1C1150,func_151942E8,353977064,0,asm
us,game,1C1150,func_151942E8.NON_MATCHING,353977064,56,asm
us,game,1C1150,func_15194320.NON_MATCHING,353977120,0,asm
us,game,1C1150,func_15194320,353977120,56,asm
us,game,1C1150,.L15194358,353977176,60,asm
us,game,1C1150,func_15194394.NON_MATCHING,353977236,0,asm
us,game,1C1150,func_15194394,353977236,56,asm
us,game,1C1150,.L151943CC,353977292,60,asm
us,game,1C1150,func_15194408.NON_MATCHING,353977352,0,asm
us,game,1C1150,func_15194408,353977352,56,asm
us,game,1C1150,.L15194440,353977408,328,asm
us,game,1C1150,func_15194588.NON_MATCHING,353977736,0,asm
us,game,1C1150,func_15194588,353977736,68,asm
us,game,1C1150,func_151945CC.NON_MATCHING,353977804,0,asm
us,game,1C1150,func_151945CC,353977804,456,asm
us,game,1C1150,func_15194794,353978260,0,asm
us,game,1C1150,func_15194794.NON_MATCHING,353978260,96,asm
us,game,1C1150,.L151947F4,353978356,28,asm
us,game,1C1150,func_15194810.NON_MATCHING,353978384,0,asm
us,game,1C1150,func_15194810,353978384,80,asm
us,game,1C1150,.L15194860,353978464,384,asm
us,game,1C1150,func_151949E0,353978848,0,asm
us,game,1C1150,func_151949E0.NON_MATCHING,353978848,20,asm
us,game,1C1150,func_151949F4,353978868,0,asm
us,game,1C1150,func_151949F4.NON_MATCHING,353978868,116,asm
us,game,1C1150,func_15194A68,353978984,0,asm
us,game,1C1150,func_15194A68.NON_MATCHING,353978984,76,asm
us,game,1C1150,func_15194AB4.NON_MATCHING,353979060,0,asm
us,game,1C1150,func_15194AB4,353979060,104,asm
us,game,1C1150,func_15194B1C,353979164,0,asm
us,game,1C1150,func_15194B1C.NON_MATCHING,353979164,120,asm
us,game,1C1150,func_15194B94.NON_MATCHING,353979284,0,asm
us,game,1C1150,func_15194B94,353979284,92,asm
us,game,1C1150,func_15194BF0,353979376,0,asm
us,game,1C1150,func_15194BF0.NON_MATCHING,353979376,132,asm
us,game,1C1150,.L15194C74,353979508,56,asm
us,game,1C1150,.L15194CAC,353979564,92,asm
us,game,1C1150,.L15194D08,353979656,104,asm
us,game,1C1150,.L15194D70,353979760,16,asm
us,game,1C1150,func_15194D80.NON_MATCHING,353979776,0,asm
us,game,1C1150,func_15194D80,353979776,36,asm
us,game,1C1150,func_15194DA4.NON_MATCHING,353979812,0,asm
us,game,1C1150,func_15194DA4,353979812,36,asm
us,game,1C1150,func_15194DC8.NON_MATCHING,353979848,0,asm
us,game,1C1150,func_15194DC8,353979848,140,asm
us,game,1C1150,func_15194E54.NON_MATCHING,353979988,0,asm
us,game,1C1150,func_15194E54,353979988,84,asm
us,game,1C1150,func_15194EA8.NON_MATCHING,353980072,0,asm
us,game,1C1150,func_15194EA8,353980072,160,asm
us,game,1C1150,func_15194F48.NON_MATCHING,353980232,0,asm
us,game,1C1150,func_15194F48,353980232,172,asm
us,game,1C1150,func_15194FF4,353980404,0,asm
us,game,1C1150,func_15194FF4.NON_MATCHING,353980404,124,asm
us,game,1C1150,.L15195070,353980528,352,asm
us,game,1C1150,.L151951D0,353980880,16,asm
us,game,1C1150,func_151951E0,353980896,0,asm
us,game,1C1150,func_151951E0.NON_MATCHING,353980896,840,asm
us,game,1C1150,func_15195528,353981736,0,asm
us,game,1C1150,func_15195528.NON_MATCHING,353981736,296,asm
us,game,1C1150,func_15195650.NON_MATCHING,353982032,0,asm
us,game,1C1150,func_15195650,353982032,72,asm
us,game,1C1150,func_15195698,353982104,0,asm
us,game,1C1150,func_15195698.NON_MATCHING,353982104,160,asm
us,game,1C1150,func_15195738.NON_MATCHING,353982264,0,asm
us,game,1C1150,func_15195738,353982264,120,asm
us,game,1C2C60,func_151957B0,353982384,0,asm
us,game,1C2C60,func_151957B0.NON_MATCHING,353982384,124,asm
us,game,1C2C60,func_1519582C,353982508,0,asm
us,game,1C2C60,func_1519582C.NON_MATCHING,353982508,60,asm
us,game,1C2C60,func_15195868.NON_MATCHING,353982568,0,asm
us,game,1C2C60,func_15195868,353982568,284,asm
us,game,1C2C60,func_15195984,353982852,0,asm
us,game,1C2C60,func_15195984.NON_MATCHING,353982852,256,asm
us,game,1C2C60,func_15195A84,353983108,0,asm
us,game,1C2C60,func_15195A84.NON_MATCHING,353983108,36,asm
us,game,1C2C60,func_15195AA8.NON_MATCHING,353983144,0,asm
us,game,1C2C60,func_15195AA8,353983144,600,asm
us,game,1C2C60,func_15195D00,353983744,0,asm
us,game,1C2C60,func_15195D00.NON_MATCHING,353983744,212,asm
us,game,1C2C60,func_15195DD4,353983956,0,asm
us,game,1C2C60,func_15195DD4.NON_MATCHING,353983956,476,asm
us,game,1C2C60,func_15195FB0.NON_MATCHING,353984432,0,asm
us,game,1C2C60,func_15195FB0,353984432,64,asm
us,game,1C2C60,func_15195FF0,353984496,0,asm
us,game,1C2C60,func_15195FF0.NON_MATCHING,353984496,808,asm
us,game,1C2C60,func_15196318.NON_MATCHING,353985304,0,asm
us,game,1C2C60,func_15196318,353985304,24,asm
us,game,1C2C60,func_15196330,353985328,0,asm
us,game,1C2C60,func_15196330.NON_MATCHING,353985328,132,asm
us,game,1C2C60,func_151963B4,353985460,0,asm
us,game,1C2C60,func_151963B4.NON_MATCHING,353985460,132,asm
us,game,1C2C60,func_15196438.NON_MATCHING,353985592,0,asm
us,game,1C2C60,func_15196438,353985592,784,asm
us,game,1C2C60,func_15196748.NON_MATCHING,353986376,0,asm
us,game,1C2C60,func_15196748,353986376,1028,asm
us,game,1C2C60,func_15196B4C.NON_MATCHING,353987404,0,asm
us,game,1C2C60,func_15196B4C,353987404,1532,asm
us,game,1C2C60,func_15197148.NON_MATCHING,353988936,0,asm
us,game,1C2C60,func_15197148,353988936,2224,asm
us,game,1C2C60,func_151979F8,353991160,0,asm
us,game,1C2C60,func_151979F8.NON_MATCHING,353991160,20,asm
us,game,1C2C60,func_15197A0C.NON_MATCHING,353991180,0,asm
us,game,1C2C60,func_15197A0C,353991180,92,asm
us,game,1C2C60,func_15197A68,353991272,0,asm
us,game,1C2C60,func_15197A68.NON_MATCHING,353991272,20,asm
us,game,1C2C60,func_15197A7C,353991292,0,asm
us,game,1C2C60,func_15197A7C.NON_MATCHING,353991292,56,asm
us,game,1C2C60,func_15197AB4,353991348,0,asm
us,game,1C2C60,func_15197AB4.NON_MATCHING,353991348,264,asm
us,game,1C2C60,func_15197BBC.NON_MATCHING,353991612,0,asm
us,game,1C2C60,func_15197BBC,353991612,84,asm
us,game,1C2C60,func_15197C10.NON_MATCHING,353991696,0,asm
us,game,1C2C60,func_15197C10,353991696,1092,asm
us,game,1C2C60,func_15198054.NON_MATCHING,353992788,0,asm
us,game,1C2C60,func_15198054,353992788,188,asm
us,game,1C2C60,func_15198110,353992976,0,asm
us,game,1C2C60,func_15198110.NON_MATCHING,353992976,1120,asm
us,game,1C2C60,func_15198570.NON_MATCHING,353994096,0,asm
us,game,1C2C60,func_15198570,353994096,604,asm
us,game,1C2C60,func_151987CC,353994700,0,asm
us,game,1C2C60,func_151987CC.NON_MATCHING,353994700,432,asm
us,game,1C2C60,func_1519897C.NON_MATCHING,353995132,0,asm
us,game,1C2C60,func_1519897C,353995132,740,asm
us,game,1C2C60,func_15198C60.NON_MATCHING,353995872,0,asm
us,game,1C2C60,func_15198C60,353995872,48,asm
us,game,1C2C60,func_15198C90.NON_MATCHING,353995920,0,asm
us,game,1C2C60,func_15198C90,353995920,176,asm
us,game,1C2C60,func_15198D40.NON_MATCHING,353996096,0,asm
us,game,1C2C60,func_15198D40,353996096,60,asm
us,game,1C2C60,func_15198D7C,353996156,0,asm
us,game,1C2C60,func_15198D7C.NON_MATCHING,353996156,12,asm
us,game,1C2C60,func_15198D88,353996168,0,asm
us,game,1C2C60,func_15198D88.NON_MATCHING,353996168,804,asm
us,game,1C2C60,func_151990AC.NON_MATCHING,353996972,0,asm
us,game,1C2C60,func_151990AC,353996972,776,asm
us,game,1C2C60,func_151993B4.NON_MATCHING,353997748,0,asm
us,game,1C2C60,func_151993B4,353997748,48,asm
us,game,1C2C60,func_151993E4,353997796,0,asm
us,game,1C2C60,func_151993E4.NON_MATCHING,353997796,104,asm
us,game,1C2C60,func_1519944C.NON_MATCHING,353997900,0,asm
us,game,1C2C60,func_1519944C,353997900,108,asm
us,game,1C2C60,func_151994B8,353998008,0,asm
us,game,1C2C60,func_151994B8.NON_MATCHING,353998008,892,asm
us,game,1C2C60,func_15199834,353998900,0,asm
us,game,1C2C60,func_15199834.NON_MATCHING,353998900,56,asm
us,game,1C2C60,func_1519986C.NON_MATCHING,353998956,0,asm
us,game,1C2C60,func_1519986C,353998956,188,asm
us,game,1C2C60,func_15199928,353999144,0,asm
us,game,1C2C60,func_15199928.NON_MATCHING,353999144,44,asm
us,game,1C2C60,func_15199954,353999188,0,asm
us,game,1C2C60,func_15199954.NON_MATCHING,353999188,44,asm
us,game,1C2C60,func_15199980,353999232,0,asm
us,game,1C2C60,func_15199980.NON_MATCHING,353999232,144,asm
us,game,1C2C60,func_15199A10.NON_MATCHING,353999376,0,asm
us,game,1C2C60,func_15199A10,353999376,548,asm
us,game,1C2C60,func_15199C34,353999924,0,asm
us,game,1C2C60,func_15199C34.NON_MATCHING,353999924,3440,asm
us,game,1C2C60,func_1519A9A4.NON_MATCHING,354003364,0,asm
us,game,1C2C60,func_1519A9A4,354003364,2836,asm
us,game,1C2C60,func_1519B4B8,354006200,0,asm
us,game,1C2C60,func_1519B4B8.NON_MATCHING,354006200,2404,asm
us,game,1C2C60,func_1519BE1C.NON_MATCHING,354008604,0,asm
us,game,1C2C60,func_1519BE1C,354008604,156,asm
us,game,1C2C60,func_1519BEB8.NON_MATCHING,354008760,0,asm
us,game,1C2C60,func_1519BEB8,354008760,104,asm
us,game,1C2C60,func_1519BF20,354008864,0,asm
us,game,1C2C60,func_1519BF20.NON_MATCHING,354008864,108,asm
us,game,1C2C60,func_1519BF8C.NON_MATCHING,354008972,0,asm
us,game,1C2C60,func_1519BF8C,354008972,48,asm
us,game,1C2C60,func_1519BFBC.NON_MATCHING,354009020,0,asm
us,game,1C2C60,func_1519BFBC,354009020,176,asm
us,game,1C2C60,func_1519C06C.NON_MATCHING,354009196,0,asm
us,game,1C2C60,func_1519C06C,354009196,48,asm
us,game,1C2C60,func_1519C09C,354009244,0,asm
us,game,1C2C60,func_1519C09C.NON_MATCHING,354009244,356,asm
us,game,1C2C60,func_1519C200.NON_MATCHING,354009600,0,asm
us,game,1C2C60,func_1519C200,354009600,44,asm
us,game,1C2C60,func_1519C22C.NON_MATCHING,354009644,0,asm
us,game,1C2C60,func_1519C22C,354009644,44,asm
us,game,1C2C60,func_1519C258,354009688,0,asm
us,game,1C2C60,func_1519C258.NON_MATCHING,354009688,20,asm
us,game,1C2C60,func_1519C26C.NON_MATCHING,354009708,0,asm
us,game,1C2C60,func_1519C26C,354009708,632,asm
us,game,1C2C60,func_1519C4E4.NON_MATCHING,354010340,0,asm
us,game,1C2C60,func_1519C4E4,354010340,136,asm
us,game,1C2C60,func_1519C56C,354010476,0,asm
us,game,1C2C60,func_1519C56C.NON_MATCHING,354010476,932,asm
us,game,1C2C60,func_1519C910,354011408,0,asm
us,game,1C2C60,func_1519C910.NON_MATCHING,354011408,56,asm
us,game,1C2C60,func_1519C948.NON_MATCHING,354011464,0,asm
us,game,1C2C60,func_1519C948,354011464,40,asm
us,game,1C2C60,func_1519C970,354011504,0,asm
us,game,1C2C60,func_1519C970.NON_MATCHING,354011504,40,asm
us,game,1C2C60,func_1519C998.NON_MATCHING,354011544,0,asm
us,game,1C2C60,func_1519C998,354011544,44,asm
us,game,1C2C60,func_1519C9C4,354011588,0,asm
us,game,1C2C60,func_1519C9C4.NON_MATCHING,354011588,928,asm
us,game,1C2C60,func_1519CD64.NON_MATCHING,354012516,0,asm
us,game,1C2C60,func_1519CD64,354012516,76,asm
us,game,1C2C60,func_1519CDB0.NON_MATCHING,354012592,0,asm
us,game,1C2C60,func_1519CDB0,354012592,448,asm
us,game,1CA420,func_1519CF70.NON_MATCHING,354013040,0,asm
us,game,1CA420,func_1519CF70,354013040,48,asm
us,game,1CA420,func_1519CFA0.NON_MATCHING,354013088,0,asm
us,game,1CA420,func_1519CFA0,354013088,48,asm
us,game,1CA420,func_1519CFD0,354013136,0,asm
us,game,1CA420,func_1519CFD0.NON_MATCHING,354013136,48,asm
us,game,1CA420,func_1519D000,354013184,0,asm
us,game,1CA420,func_1519D000.NON_MATCHING,354013184,48,asm
us,game,1CA420,func_1519D030,354013232,0,asm
us,game,1CA420,func_1519D030.NON_MATCHING,354013232,528,asm
us,game,1CA420,func_1519D240,354013760,0,asm
us,game,1CA420,func_1519D240.NON_MATCHING,354013760,532,asm
us,game,1CA420,func_1519D454.NON_MATCHING,354014292,0,asm
us,game,1CA420,func_1519D454,354014292,1440,asm
us,game,1CA420,func_1519D9F4.NON_MATCHING,354015732,0,asm
us,game,1CA420,func_1519D9F4,354015732,2048,asm
us,game,1CA420,func_1519E1F4.NON_MATCHING,354017780,0,asm
us,game,1CA420,func_1519E1F4,354017780,272,asm
us,game,1CA420,func_1519E304.NON_MATCHING,354018052,0,asm
us,game,1CA420,func_1519E304,354018052,184,asm
us,game,1CA420,func_1519E3BC,354018236,0,asm
us,game,1CA420,func_1519E3BC.NON_MATCHING,354018236,168,asm
us,game,1CA420,func_1519E464.NON_MATCHING,354018404,0,asm
us,game,1CA420,func_1519E464,354018404,268,asm
us,game,1CA420,func_1519E570.NON_MATCHING,354018672,0,asm
us,game,1CA420,func_1519E570,354018672,172,asm
us,game,1CA420,func_1519E61C,354018844,0,asm
us,game,1CA420,func_1519E61C.NON_MATCHING,354018844,64,asm
us,game,1CA420,func_1519E65C,354018908,0,asm
us,game,1CA420,func_1519E65C.NON_MATCHING,354018908,44,asm
us,game,1CA420,func_1519E688,354018952,0,asm
us,game,1CA420,func_1519E688.NON_MATCHING,354018952,52,asm
us,game,1CA420,func_1519E6BC.NON_MATCHING,354019004,0,asm
us,game,1CA420,func_1519E6BC,354019004,152,asm
us,game,1CA420,func_1519E754.NON_MATCHING,354019156,0,asm
us,game,1CA420,func_1519E754,354019156,196,asm
us,game,1CA420,func_1519E818.NON_MATCHING,354019352,0,asm
us,game,1CA420,func_1519E818,354019352,180,asm
us,game,1CA420,func_1519E8CC,354019532,0,asm
us,game,1CA420,func_1519E8CC.NON_MATCHING,354019532,44,asm
us,game,1CA420,func_1519E8F8.NON_MATCHING,354019576,0,asm
us,game,1CA420,func_1519E8F8,354019576,44,asm
us,game,1CA420,func_1519E924,354019620,0,asm
us,game,1CA420,func_1519E924.NON_MATCHING,354019620,36,asm
us,game,1CA420,func_1519E948.NON_MATCHING,354019656,0,asm
us,game,1CA420,func_1519E948,354019656,40,asm
us,game,1CBE20,func_1519E970,354019696,0,asm
us,game,1CBE20,func_1519E970.NON_MATCHING,354019696,148,asm
us,game,1CBE20,func_1519EA04.NON_MATCHING,354019844,0,asm
us,game,1CBE20,func_1519EA04,354019844,116,asm
us,game,1CBE20,func_1519EA78.NON_MATCHING,354019960,0,asm
us,game,1CBE20,func_1519EA78,354019960,276,asm
us,game,1CBE20,func_1519EB8C.NON_MATCHING,354020236,0,asm
us,game,1CBE20,func_1519EB8C,354020236,408,asm
us,game,1CBE20,func_1519ED24.NON_MATCHING,354020644,0,asm
us,game,1CBE20,func_1519ED24,354020644,96,asm
us,game,1CBE20,func_1519ED84.NON_MATCHING,354020740,0,asm
us,game,1CBE20,func_1519ED84,354020740,384,asm
us,game,1CBE20,func_1519EF04.NON_MATCHING,354021124,0,asm
us,game,1CBE20,func_1519EF04,354021124,108,asm
us,game,game_1CC420,func_1519EF70,354021232,32,c
us,game,1CC440,func_1519EF90.NON_MATCHING,354021264,0,asm
us,game,1CC440,func_1519EF90,354021264,376,asm
us,game,1CC440,func_1519F108,354021640,0,asm
us,game,1CC440,func_1519F108.NON_MATCHING,354021640,96,asm
us,game,1CC440,func_1519F168.NON_MATCHING,354021736,0,asm
us,game,1CC440,func_1519F168,354021736,96,asm
us,game,1CC440,func_1519F1C8.NON_MATCHING,354021832,0,asm
us,game,1CC440,func_1519F1C8,354021832,496,asm
us,game,1CC440,func_1519F3B8,354022328,0,asm
us,game,1CC440,func_1519F3B8.NON_MATCHING,354022328,72,asm
us,game,1CC440,func_1519F400,354022400,0,asm
us,game,1CC440,func_1519F400.NON_MATCHING,354022400,140,asm
us,game,1CC440,func_1519F48C.NON_MATCHING,354022540,0,asm
us,game,1CC440,func_1519F48C,354022540,100,asm
us,game,1CC440,func_1519F4F0,354022640,0,asm
us,game,1CC440,func_1519F4F0.NON_MATCHING,354022640,768,asm
us,game,1CC440,func_1519F7F0.NON_MATCHING,354023408,0,asm
us,game,1CC440,func_1519F7F0,354023408,1660,asm
us,game,1CC440,func_1519FE6C,354025068,0,asm
us,game,1CC440,func_1519FE6C.NON_MATCHING,354025068,2528,asm
us,game,1CC440,func_151A084C.NON_MATCHING,354027596,0,asm
us,game,1CC440,func_151A084C,354027596,220,asm
us,game,1CC440,func_151A0928.NON_MATCHING,354027816,0,asm
us,game,1CC440,func_151A0928,354027816,40,asm
us,game,1CC440,func_151A0950.NON_MATCHING,354027856,0,asm
us,game,1CC440,func_151A0950,354027856,100,asm
us,game,1CC440,func_151A09B4.NON_MATCHING,354027956,0,asm
us,game,1CC440,func_151A09B4,354027956,92,asm
us,game,1CC440,func_151A0A10,354028048,0,asm
us,game,1CC440,func_151A0A10.NON_MATCHING,354028048,232,asm
us,game,1CC440,func_151A0AF8.NON_MATCHING,354028280,0,asm
us,game,1CC440,func_151A0AF8,354028280,276,asm
us,game,1CC440,func_151A0C0C.NON_MATCHING,354028556,0,asm
us,game,1CC440,func_151A0C0C,354028556,564,asm
us,game,1CC440,func_151A0E40.NON_MATCHING,354029120,0,asm
us,game,1CC440,func_151A0E40,354029120,232,asm
us,game,1CC440,func_151A0F28.NON_MATCHING,354029352,0,asm
us,game,1CC440,func_151A0F28,354029352,232,asm
us,game,1CC440,func_151A1010,354029584,0,asm
us,game,1CC440,func_151A1010.NON_MATCHING,354029584,444,asm
us,game,1CC440,func_151A11CC.NON_MATCHING,354030028,0,asm
us,game,1CC440,func_151A11CC,354030028,24,asm
us,game,1CC440,func_151A11E4,354030052,0,asm
us,game,1CC440,func_151A11E4.NON_MATCHING,354030052,1400,asm
us,game,1CC440,func_151A175C.NON_MATCHING,354031452,0,asm
us,game,1CC440,func_151A175C,354031452,384,asm
us,game,1CC440,func_151A18DC,354031836,0,asm
us,game,1CC440,func_151A18DC.NON_MATCHING,354031836,188,asm
us,game,1CC440,func_151A1998.NON_MATCHING,354032024,0,asm
us,game,1CC440,func_151A1998,354032024,1180,asm
us,game,1CC440,func_151A1E34.NON_MATCHING,354033204,0,asm
us,game,1CC440,func_151A1E34,354033204,180,asm
us,game,1CC440,func_151A1EE8,354033384,0,asm
us,game,1CC440,func_151A1EE8.NON_MATCHING,354033384,204,asm
us,game,1CC440,func_151A1FB4,354033588,0,asm
us,game,1CC440,func_151A1FB4.NON_MATCHING,354033588,1268,asm
us,game,1CC440,func_151A24A8.NON_MATCHING,354034856,0,asm
us,game,1CC440,func_151A24A8,354034856,312,asm
us,game,1CC440,func_151A25E0,354035168,0,asm
us,game,1CC440,func_151A25E0.NON_MATCHING,354035168,268,asm
us,game,1CC440,func_151A26EC.NON_MATCHING,354035436,0,asm
us,game,1CC440,func_151A26EC,354035436,628,asm
us,game,1CC440,func_151A2960.NON_MATCHING,354036064,0,asm
us,game,1CC440,func_151A2960,354036064,180,asm
us,game,1CC440,func_151A2A14,354036244,0,asm
us,game,1CC440,func_151A2A14.NON_MATCHING,354036244,192,asm
us,game,1CC440,func_151A2AD4,354036436,0,asm
us,game,1CC440,func_151A2AD4.NON_MATCHING,354036436,176,asm
us,game,1CC440,func_151A2B84.NON_MATCHING,354036612,0,asm
us,game,1CC440,func_151A2B84,354036612,76,asm
us,game,1CC440,func_151A2BD0,354036688,0,asm
us,game,1CC440,func_151A2BD0.NON_MATCHING,354036688,84,asm
us,game,1CC440,func_151A2C24.NON_MATCHING,354036772,0,asm
us,game,1CC440,func_151A2C24,354036772,744,asm
us,game,1CC440,func_151A2F0C,354037516,0,asm
us,game,1CC440,func_151A2F0C.NON_MATCHING,354037516,580,asm
us,game,1CC440,func_151A3150,354038096,0,asm
us,game,1CC440,func_151A3150.NON_MATCHING,354038096,576,asm
us,game,1D0840,func_151A3390,354038672,0,asm
us,game,1D0840,func_151A3390.NON_MATCHING,354038672,372,asm
us,game,1D0840,func_151A3504.NON_MATCHING,354039044,0,asm
us,game,1D0840,func_151A3504,354039044,280,asm
us,game,1D0840,func_151A361C.NON_MATCHING,354039324,0,asm
us,game,1D0840,func_151A361C,354039324,420,asm
us,game,1D0840,func_151A37C0.NON_MATCHING,354039744,0,asm
us,game,1D0840,func_151A37C0,354039744,1060,asm
us,game,1D0840,func_151A3BE4,354040804,0,asm
us,game,1D0840,func_151A3BE4.NON_MATCHING,354040804,2476,asm
us,game,1D0840,func_151A4590.NON_MATCHING,354043280,0,asm
us,game,1D0840,func_151A4590,354043280,168,asm
us,game,1D0840,func_151A4638.NON_MATCHING,354043448,0,asm
us,game,1D0840,func_151A4638,354043448,516,asm
us,game,1D0840,func_151A483C,354043964,0,asm
us,game,1D0840,func_151A483C.NON_MATCHING,354043964,196,asm
us,game,1D0840,func_151A4900.NON_MATCHING,354044160,0,asm
us,game,1D0840,func_151A4900,354044160,156,asm
us,game,1D0840,func_151A499C.NON_MATCHING,354044316,0,asm
us,game,1D0840,func_151A499C,354044316,156,asm
us,game,1D0840,func_151A4A38.NON_MATCHING,354044472,0,asm
us,game,1D0840,func_151A4A38,354044472,680,asm
us,game,1D0840,func_151A4CE0.NON_MATCHING,354045152,0,asm
us,game,1D0840,func_151A4CE0,354045152,168,asm
us,game,1D0840,func_151A4D88.NON_MATCHING,354045320,0,asm
us,game,1D0840,func_151A4D88,354045320,172,asm
us,game,1D0840,func_151A4E34,354045492,0,asm
us,game,1D0840,func_151A4E34.NON_MATCHING,354045492,104,asm
us,game,1D0840,func_151A4E9C,354045596,0,asm
us,game,1D0840,func_151A4E9C.NON_MATCHING,354045596,48,asm
us,game,1D0840,func_151A4ECC,354045644,0,asm
us,game,1D0840,func_151A4ECC.NON_MATCHING,354045644,176,asm
us,game,1D0840,func_151A4F7C.NON_MATCHING,354045820,0,asm
us,game,1D0840,func_151A4F7C,354045820,84,asm
us,game,1D0840,func_151A4FD0.NON_MATCHING,354045904,0,asm
us,game,1D0840,func_151A4FD0,354045904,160,asm
us,game,1D0840,func_151A5070.NON_MATCHING,354046064,0,asm
us,game,1D0840,func_151A5070,354046064,192,asm
us,game,1D0840,func_151A5130,354046256,0,asm
us,game,1D0840,func_151A5130.NON_MATCHING,354046256,64,asm
us,game,1D0840,func_151A5170,354046320,0,asm
us,game,1D0840,func_151A5170.NON_MATCHING,354046320,1124,asm
us,game,1D0840,func_151A55D4,354047444,0,asm
us,game,1D0840,func_151A55D4.NON_MATCHING,354047444,72,asm
us,game,1D0840,func_151A561C,354047516,0,asm
us,game,1D0840,func_151A561C.NON_MATCHING,354047516,68,asm
us,game,1D2B10,func_151A5660.NON_MATCHING,354047584,0,asm
us,game,1D2B10,func_151A5660,354047584,1612,asm
us,game,1D2B10,func_151A5CAC.NON_MATCHING,354049196,0,asm
us,game,1D2B10,func_151A5CAC,354049196,64,asm
us,game,1D2B10,func_151A5CEC,354049260,0,asm
us,game,1D2B10,func_151A5CEC.NON_MATCHING,354049260,64,asm
us,game,1D2B10,func_151A5D2C,354049324,0,asm
us,game,1D2B10,func_151A5D2C.NON_MATCHING,354049324,44,asm
us,game,1D2B10,func_151A5D58,354049368,0,asm
us,game,1D2B10,func_151A5D58.NON_MATCHING,354049368,536,asm
us,game,1D2B10,func_151A5F70.NON_MATCHING,354049904,0,asm
us,game,1D2B10,func_151A5F70,354049904,248,asm
us,game,1D2B10,func_151A6068.NON_MATCHING,354050152,0,asm
us,game,1D2B10,func_151A6068,354050152,744,asm
us,game,1D2B10,func_151A6350.NON_MATCHING,354050896,0,asm
us,game,1D2B10,func_151A6350,354050896,688,asm
us,game,1D2B10,func_151A6600.NON_MATCHING,354051584,0,asm
us,game,1D2B10,func_151A6600,354051584,1208,asm
us,game,1D2B10,func_151A6AB8,354052792,0,asm
us,game,1D2B10,func_151A6AB8.NON_MATCHING,354052792,88,asm
us,game,1D2B10,func_151A6B10.NON_MATCHING,354052880,0,asm
us,game,1D2B10,func_151A6B10,354052880,44,asm
us,game,1D2B10,func_151A6B3C,354052924,0,asm
us,game,1D2B10,func_151A6B3C.NON_MATCHING,354052924,44,asm
us,game,1D2B10,func_151A6B68,354052968,0,asm
us,game,1D2B10,func_151A6B68.NON_MATCHING,354052968,112,asm
us,game,1D2B10,func_151A6BD8,354053080,0,asm
us,game,1D2B10,func_151A6BD8.NON_MATCHING,354053080,184,asm
us,game,1D2B10,func_151A6C90,354053264,0,asm
us,game,1D2B10,func_151A6C90.NON_MATCHING,354053264,624,asm
us,game,1D43B0,func_151A6F00,354053888,0,asm
us,game,1D43B0,func_151A6F00.NON_MATCHING,354053888,1260,asm
us,game,1D43B0,func_151A73EC.NON_MATCHING,354055148,0,asm
us,game,1D43B0,func_151A73EC,354055148,80,asm
us,game,1D43B0,func_151A743C,354055228,0,asm
us,game,1D43B0,func_151A743C.NON_MATCHING,354055228,468,asm
us,game,1D43B0,func_151A7610,354055696,0,asm
us,game,1D43B0,func_151A7610.NON_MATCHING,354055696,432,asm
us,game,1D43B0,func_151A77C0,354056128,0,asm
us,game,1D43B0,func_151A77C0.NON_MATCHING,354056128,188,asm
us,game,1D43B0,func_151A787C,354056316,0,asm
us,game,1D43B0,func_151A787C.NON_MATCHING,354056316,140,asm
us,game,1D43B0,func_151A7908,354056456,0,asm
us,game,1D43B0,func_151A7908.NON_MATCHING,354056456,72,asm
us,game,1D4E00,func_151A7950,354056528,0,asm
us,game,1D4E00,func_151A7950.NON_MATCHING,354056528,320,asm
us,game,1D4E00,func_151A7A90,354056848,0,asm
us,game,1D4E00,func_151A7A90.NON_MATCHING,354056848,732,asm
us,game,1D4E00,func_151A7D6C.NON_MATCHING,354057580,0,asm
us,game,1D4E00,func_151A7D6C,354057580,1492,asm
us,game,1D4E00,func_151A8340,354059072,0,asm
us,game,1D4E00,func_151A8340.NON_MATCHING,354059072,544,asm
us,game,1D4E00,func_151A8560,354059616,0,asm
us,game,1D4E00,func_151A8560.NON_MATCHING,354059616,36,asm
us,game,1D4E00,func_151A8584.NON_MATCHING,354059652,0,asm
us,game,1D4E00,func_151A8584,354059652,80,asm
us,game,1D4E00,func_151A85D4.NON_MATCHING,354059732,0,asm
us,game,1D4E00,func_151A85D4,354059732,80,asm
us,game,1D4E00,func_151A8624,354059812,0,asm
us,game,1D4E00,func_151A8624.NON_MATCHING,354059812,468,asm
us,game,1D4E00,func_151A87F8.NON_MATCHING,354060280,0,asm
us,game,1D4E00,func_151A87F8,354060280,552,asm
us,game,1D4E00,func_151A8A20,354060832,0,asm
us,game,1D4E00,func_151A8A20.NON_MATCHING,354060832,88,asm
us,game,1D4E00,func_151A8A78,354060920,0,asm
us,game,1D4E00,func_151A8A78.NON_MATCHING,354060920,168,asm
us,game,1D4E00,func_151A8B20.NON_MATCHING,354061088,0,asm
us,game,1D4E00,func_151A8B20,354061088,460,asm
us,game,1D4E00,func_151A8CEC,354061548,0,asm
us,game,1D4E00,func_151A8CEC.NON_MATCHING,354061548,560,asm
us,game,1D4E00,func_151A8F1C.NON_MATCHING,354062108,0,asm
us,game,1D4E00,func_151A8F1C,354062108,80,asm
us,game,1D4E00,func_151A8F6C.NON_MATCHING,354062188,0,asm
us,game,1D4E00,func_151A8F6C,354062188,184,asm
us,game,1D4E00,func_151A9024,354062372,0,asm
us,game,1D4E00,func_151A9024.NON_MATCHING,354062372,60,asm
us,game,1D4E00,func_151A9060.NON_MATCHING,354062432,0,asm
us,game,1D4E00,func_151A9060,354062432,96,asm
us,game,1D4E00,func_151A90C0,354062528,0,asm
us,game,1D4E00,func_151A90C0.NON_MATCHING,354062528,236,asm
us,game,1D4E00,func_151A91AC,354062764,0,asm
us,game,1D4E00,func_151A91AC.NON_MATCHING,354062764,368,asm
us,game,1D4E00,func_151A931C.NON_MATCHING,354063132,0,asm
us,game,1D4E00,func_151A931C,354063132,116,asm
us,game,1D4E00,func_151A9390.NON_MATCHING,354063248,0,asm
us,game,1D4E00,func_151A9390,354063248,676,asm
us,game,1D4E00,func_151A9634,354063924,0,asm
us,game,1D4E00,func_151A9634.NON_MATCHING,354063924,512,asm
us,game,1D4E00,func_151A9834.NON_MATCHING,354064436,0,asm
us,game,1D4E00,func_151A9834,354064436,412,asm
us,game,1D6E80,func_151A99D0,354064848,0,asm
us,game,1D6E80,func_151A99D0.NON_MATCHING,354064848,212,asm
us,game,1D6E80,func_151A9AA4,354065060,0,asm
us,game,1D6E80,func_151A9AA4.NON_MATCHING,354065060,252,asm
us,game,1D6E80,func_151A9BA0.NON_MATCHING,354065312,0,asm
us,game,1D6E80,func_151A9BA0,354065312,256,asm
us,game,1D6E80,func_151A9CA0.NON_MATCHING,354065568,0,asm
us,game,1D6E80,func_151A9CA0,354065568,288,asm
us,game,1D6E80,func_151A9DC0.NON_MATCHING,354065856,0,asm
us,game,1D6E80,func_151A9DC0,354065856,256,asm
us,game,1D6E80,func_151A9EC0.NON_MATCHING,354066112,0,asm
us,game,1D6E80,func_151A9EC0,354066112,264,asm
us,game,1D6E80,func_151A9FC8,354066376,0,asm
us,game,1D6E80,func_151A9FC8.NON_MATCHING,354066376,212,asm
us,game,1D6E80,func_151AA09C,354066588,0,asm
us,game,1D6E80,func_151AA09C.NON_MATCHING,354066588,212,asm
us,game,1D6E80,func_151AA170.NON_MATCHING,354066800,0,asm
us,game,1D6E80,func_151AA170,354066800,12,asm
us,game,1D6E80,func_151AA17C.NON_MATCHING,354066812,0,asm
us,game,1D6E80,func_151AA17C,354066812,84,asm
us,game,1D6E80,func_151AA1D0.NON_MATCHING,354066896,0,asm
us,game,1D6E80,func_151AA1D0,354066896,32,asm
us,game,1D6E80,func_151AA1F0.NON_MATCHING,354066928,0,asm
us,game,1D6E80,func_151AA1F0,354066928,32,asm
us,game,1D6E80,func_151AA210,354066960,0,asm
us,game,1D6E80,func_151AA210.NON_MATCHING,354066960,84,asm
us,game,1D6E80,func_151AA264.NON_MATCHING,354067044,0,asm
us,game,1D6E80,func_151AA264,354067044,168,asm
us,game,1D6E80,func_151AA30C,354067212,0,asm
us,game,1D6E80,func_151AA30C.NON_MATCHING,354067212,384,asm
us,game,1D6E80,func_151AA48C.NON_MATCHING,354067596,0,asm
us,game,1D6E80,func_151AA48C,354067596,280,asm
us,game,1D6E80,func_151AA5A4.NON_MATCHING,354067876,0,asm
us,game,1D6E80,func_151AA5A4,354067876,308,asm
us,game,1D6E80,func_151AA6D8.NON_MATCHING,354068184,0,asm
us,game,1D6E80,func_151AA6D8,354068184,884,asm
us,game,1D6E80,func_151AAA4C,354069068,0,asm
us,game,1D6E80,func_151AAA4C.NON_MATCHING,354069068,112,asm
us,game,1D6E80,func_151AAABC.NON_MATCHING,354069180,0,asm
us,game,1D6E80,func_151AAABC,354069180,148,asm
us,game,1D6E80,func_151AAB50.NON_MATCHING,354069328,0,asm
us,game,1D6E80,func_151AAB50,354069328,40,asm
us,game,1D6E80,func_151AAB78.NON_MATCHING,354069368,0,asm
us,game,1D6E80,func_151AAB78,354069368,40,asm
us,game,1D6E80,func_151AABA0,354069408,0,asm
us,game,1D6E80,func_151AABA0.NON_MATCHING,354069408,36,asm
us,game,1D6E80,func_151AABC4.NON_MATCHING,354069444,0,asm
us,game,1D6E80,func_151AABC4,354069444,504,asm
us,game,1D6E80,func_151AADBC,354069948,0,asm
us,game,1D6E80,func_151AADBC.NON_MATCHING,354069948,60,asm
us,game,1D6E80,func_151AADF8.NON_MATCHING,354070008,0,asm
us,game,1D6E80,func_151AADF8,354070008,664,asm
us,game,1D6E80,func_151AB090,354070672,0,asm
us,game,1D6E80,func_151AB090.NON_MATCHING,354070672,240,asm
us,game,1D6E80,func_151AB180.NON_MATCHING,354070912,0,asm
us,game,1D6E80,func_151AB180,354070912,68,asm
us,game,1D6E80,func_151AB1C4.NON_MATCHING,354070980,0,asm
us,game,1D6E80,func_151AB1C4,354070980,256,asm
us,game,1D6E80,func_151AB2C4.NON_MATCHING,354071236,0,asm
us,game,1D6E80,func_151AB2C4,354071236,224,asm
us,game,1D6E80,func_151AB3A4,354071460,0,asm
us,game,1D6E80,func_151AB3A4.NON_MATCHING,354071460,788,asm
us,game,1D6E80,func_151AB6B8,354072248,0,asm
us,game,1D6E80,func_151AB6B8.NON_MATCHING,354072248,208,asm
us,game,1D6E80,func_151AB788.NON_MATCHING,354072456,0,asm
us,game,1D6E80,func_151AB788,354072456,80,asm
us,game,1D6E80,func_151AB7D8.NON_MATCHING,354072536,0,asm
us,game,1D6E80,func_151AB7D8,354072536,80,asm
us,game,1D6E80,func_151AB828.NON_MATCHING,354072616,0,asm
us,game,1D6E80,func_151AB828,354072616,44,asm
us,game,1D6E80,func_151AB854.NON_MATCHING,354072660,0,asm
us,game,1D6E80,func_151AB854,354072660,204,asm
us,game,1D6E80,func_151AB920,354072864,0,asm
us,game,1D6E80,func_151AB920.NON_MATCHING,354072864,16,asm
us,game,1D6E80,func_151AB930,354072880,0,asm
us,game,1D6E80,func_151AB930.NON_MATCHING,354072880,152,asm
us,game,1D6E80,func_151AB9C8,354073032,0,asm
us,game,1D6E80,func_151AB9C8.NON_MATCHING,354073032,908,asm
us,game,1D6E80,func_151ABD54.NON_MATCHING,354073940,0,asm
us,game,1D6E80,func_151ABD54,354073940,172,asm
us,game,1D6E80,func_151ABE00.NON_MATCHING,354074112,0,asm
us,game,1D6E80,func_151ABE00,354074112,64,asm
us,game,1D92F0,func_151ABE40,354074176,0,asm
us,game,1D92F0,func_151ABE40.NON_MATCHING,354074176,568,asm
us,game,1D92F0,func_151AC078,354074744,0,asm
us,game,1D92F0,func_151AC078.NON_MATCHING,354074744,852,asm
us,game,1D92F0,func_151AC3CC,354075596,0,asm
us,game,1D92F0,func_151AC3CC.NON_MATCHING,354075596,60,asm
us,game,1D92F0,func_151AC408.NON_MATCHING,354075656,0,asm
us,game,1D92F0,func_151AC408,354075656,328,asm
us,game,1D92F0,func_151AC550.NON_MATCHING,354075984,0,asm
us,game,1D92F0,func_151AC550,354075984,204,asm
us,game,1D92F0,func_151AC61C.NON_MATCHING,354076188,0,asm
us,game,1D92F0,func_151AC61C,354076188,500,asm
us,game,1D92F0,func_151AC810,354076688,0,asm
us,game,1D92F0,func_151AC810.NON_MATCHING,354076688,476,asm
us,game,1D92F0,func_151AC9EC.NON_MATCHING,354077164,0,asm
us,game,1D92F0,func_151AC9EC,354077164,52,asm
us,game,1D92F0,func_151ACA20.NON_MATCHING,354077216,0,asm
us,game,1D92F0,func_151ACA20,354077216,64,asm
us,game,1D92F0,func_151ACA60.NON_MATCHING,354077280,0,asm
us,game,1D92F0,func_151ACA60,354077280,216,asm
us,game,1D92F0,func_151ACB38.NON_MATCHING,354077496,0,asm
us,game,1D92F0,func_151ACB38,354077496,40,asm
us,game,1D92F0,func_151ACB60.NON_MATCHING,354077536,0,asm
us,game,1D92F0,func_151ACB60,354077536,52,asm
us,game,1D92F0,func_151ACB94,354077588,0,asm
us,game,1D92F0,func_151ACB94.NON_MATCHING,354077588,64,asm
us,game,1D92F0,func_151ACBD4.NON_MATCHING,354077652,0,asm
us,game,1D92F0,func_151ACBD4,354077652,1440,asm
us,game,1D92F0,func_151AD174.NON_MATCHING,354079092,0,asm
us,game,1D92F0,func_151AD174,354079092,1976,asm
us,game,1D92F0,func_151AD92C,354081068,0,asm
us,game,1D92F0,func_151AD92C.NON_MATCHING,354081068,1856,asm
us,game,1D92F0,func_151AE06C,354082924,0,asm
us,game,1D92F0,func_151AE06C.NON_MATCHING,354082924,120,asm
us,game,1D92F0,func_151AE0E4,354083044,0,asm
us,game,1D92F0,func_151AE0E4.NON_MATCHING,354083044,384,asm
us,game,1D92F0,func_151AE264,354083428,0,asm
us,game,1D92F0,func_151AE264.NON_MATCHING,354083428,88,asm
us,game,1D92F0,func_151AE2BC.NON_MATCHING,354083516,0,asm
us,game,1D92F0,func_151AE2BC,354083516,236,asm
us,game,1D92F0,func_151AE3A8.NON_MATCHING,354083752,0,asm
us,game,1D92F0,func_151AE3A8,354083752,488,asm
us,game,1D92F0,func_151AE590,354084240,0,asm
us,game,1D92F0,func_151AE590.NON_MATCHING,354084240,176,asm
us,game,1D92F0,func_151AE640,354084416,0,asm
us,game,1D92F0,func_151AE640.NON_MATCHING,354084416,112,asm
us,game,1D92F0,func_151AE6B0,354084528,0,asm
us,game,1D92F0,func_151AE6B0.NON_MATCHING,354084528,256,asm
us,game,1D92F0,func_151AE7B0,354084784,0,asm
us,game,1D92F0,func_151AE7B0.NON_MATCHING,354084784,224,asm
us,game,1D92F0,func_151AE890.NON_MATCHING,354085008,0,asm
us,game,1D92F0,func_151AE890,354085008,244,asm
us,game,1D92F0,func_151AE984,354085252,0,asm
us,game,1D92F0,func_151AE984.NON_MATCHING,354085252,304,asm
us,game,1D92F0,func_151AEAB4.NON_MATCHING,354085556,0,asm
us,game,1D92F0,func_151AEAB4,354085556,492,asm
us,game,1D92F0,func_151AECA0,354086048,0,asm
us,game,1D92F0,func_151AECA0.NON_MATCHING,354086048,1488,asm
us,game,1D92F0,func_151AF270.NON_MATCHING,354087536,0,asm
us,game,1D92F0,func_151AF270,354087536,200,asm
us,game,1D92F0,func_151AF338.NON_MATCHING,354087736,0,asm
us,game,1D92F0,func_151AF338,354087736,80,asm
us,game,1D92F0,func_151AF388,354087816,0,asm
us,game,1D92F0,func_151AF388.NON_MATCHING,354087816,328,asm
us,game,1D92F0,func_151AF4D0.NON_MATCHING,354088144,0,asm
us,game,1D92F0,func_151AF4D0,354088144,240,asm
us,game,1DCA70,func_151AF5C0,354088384,0,asm
us,game,1DCA70,func_151AF5C0.NON_MATCHING,354088384,256,asm
us,game,1DCA70,func_151AF6C0.NON_MATCHING,354088640,0,asm
us,game,1DCA70,func_151AF6C0,354088640,20,asm
us,game,1DCA70,func_151AF6D4.NON_MATCHING,354088660,0,asm
us,game,1DCA70,func_151AF6D4,354088660,1280,asm
us,game,1DCA70,func_151AFBD4.NON_MATCHING,354089940,0,asm
us,game,1DCA70,func_151AFBD4,354089940,52,asm
us,game,1DCA70,func_151AFC08.NON_MATCHING,354089992,0,asm
us,game,1DCA70,func_151AFC08,354089992,128,asm
us,game,1DCA70,func_151AFC88.NON_MATCHING,354090120,0,asm
us,game,1DCA70,func_151AFC88,354090120,540,asm
us,game,1DCA70,func_151AFEA4.NON_MATCHING,354090660,0,asm
us,game,1DCA70,func_151AFEA4,354090660,428,asm
us,game,1DD500,func_151B0050,354091088,0,asm
us,game,1DD500,func_151B0050.NON_MATCHING,354091088,360,asm
us,game,1DD500,func_151B01B8.NON_MATCHING,354091448,0,asm
us,game,1DD500,func_151B01B8,354091448,512,asm
us,game,1DD500,func_151B03B8,354091960,0,asm
us,game,1DD500,func_151B03B8.NON_MATCHING,354091960,1540,asm
us,game,1DD500,func_151B09BC,354093500,0,asm
us,game,1DD500,func_151B09BC.NON_MATCHING,354093500,460,asm
us,game,1DD500,func_151B0B88.NON_MATCHING,354093960,0,asm
us,game,1DD500,func_151B0B88,354093960,1540,asm
us,game,1DD500,func_151B118C,354095500,0,asm
us,game,1DD500,func_151B118C.NON_MATCHING,354095500,748,asm
us,game,1DD500,func_151B1478.NON_MATCHING,354096248,0,asm
us,game,1DD500,func_151B1478,354096248,52,asm
us,game,1DD500,func_151B14AC,354096300,0,asm
us,game,1DD500,func_151B14AC.NON_MATCHING,354096300,892,asm
us,game,1DD500,func_151B1828.NON_MATCHING,354097192,0,asm
us,game,1DD500,func_151B1828,354097192,240,asm
us,game,1DD500,func_151B1918.NON_MATCHING,354097432,0,asm
us,game,1DD500,func_151B1918,354097432,140,asm
us,game,1DD500,func_151B19A4,354097572,0,asm
us,game,1DD500,func_151B19A4.NON_MATCHING,354097572,180,asm
us,game,1DD500,func_151B1A58,354097752,0,asm
us,game,1DD500,func_151B1A58.NON_MATCHING,354097752,44,asm
us,game,1DD500,func_151B1A84,354097796,0,asm
us,game,1DD500,func_151B1A84.NON_MATCHING,354097796,44,asm
us,game,1DD500,func_151B1AB0.NON_MATCHING,354097840,0,asm
us,game,1DD500,func_151B1AB0,354097840,132,asm
us,game,1DD500,func_151B1B34,354097972,0,asm
us,game,1DD500,func_151B1B34.NON_MATCHING,354097972,1144,asm
us,game,1DD500,func_151B1FAC,354099116,0,asm
us,game,1DD500,func_151B1FAC.NON_MATCHING,354099116,180,asm
us,game,1DF510,func_151B2060,354099296,0,asm
us,game,1DF510,func_151B2060.NON_MATCHING,354099296,160,asm
us,game,1DF510,func_151B2100.NON_MATCHING,354099456,0,asm
us,game,1DF510,func_151B2100,354099456,268,asm
us,game,1DF510,func_151B220C,354099724,0,asm
us,game,1DF510,func_151B220C.NON_MATCHING,354099724,32,asm
us,game,1DF510,func_151B222C.NON_MATCHING,354099756,0,asm
us,game,1DF510,func_151B222C,354099756,112,asm
us,game,1DF510,func_151B229C,354099868,0,asm
us,game,1DF510,func_151B229C.NON_MATCHING,354099868,44,asm
us,game,1DF510,func_151B22C8.NON_MATCHING,354099912,0,asm
us,game,1DF510,func_151B22C8,354099912,44,asm
us,game,1DF510,func_151B22F4,354099956,0,asm
us,game,1DF510,func_151B22F4.NON_MATCHING,354099956,84,asm
us,game,1DF510,func_151B2348.NON_MATCHING,354100040,0,asm
us,game,1DF510,func_151B2348,354100040,840,asm
us,game,1DF510,func_151B2690,354100880,0,asm
us,game,1DF510,func_151B2690.NON_MATCHING,354100880,704,asm
us,game,1DF510,func_151B2950.NON_MATCHING,354101584,0,asm
us,game,1DF510,func_151B2950,354101584,36,asm
us,game,1DF510,func_151B2974.NON_MATCHING,354101620,0,asm
us,game,1DF510,func_151B2974,354101620,1360,asm
us,game,1DF510,func_151B2EC4.NON_MATCHING,354102980,0,asm
us,game,1DF510,func_151B2EC4,354102980,64,asm
us,game,1DF510,func_151B2F04,354103044,0,asm
us,game,1DF510,func_151B2F04.NON_MATCHING,354103044,156,asm
us,game,1DF510,func_151B2FA0,354103200,0,asm
us,game,1DF510,func_151B2FA0.NON_MATCHING,354103200,48,asm
us,game,1DF510,func_151B2FD0,354103248,0,asm
us,game,1DF510,func_151B2FD0.NON_MATCHING,354103248,24,asm
us,game,1DF510,func_151B2FE8,354103272,0,asm
us,game,1DF510,func_151B2FE8.NON_MATCHING,354103272,44,asm
us,game,1DF510,func_151B3014,354103316,0,asm
us,game,1DF510,func_151B3014.NON_MATCHING,354103316,44,asm
us,game,1DF510,func_151B3040,354103360,0,asm
us,game,1DF510,func_151B3040.NON_MATCHING,354103360,112,asm
us,game,1E0560,func_151B30B0,354103472,0,asm
us,game,1E0560,func_151B30B0.NON_MATCHING,354103472,212,asm
us,game,1E0560,func_151B3184,354103684,0,asm
us,game,1E0560,func_151B3184.NON_MATCHING,354103684,324,asm
us,game,1E0560,func_151B32C8,354104008,0,asm
us,game,1E0560,func_151B32C8.NON_MATCHING,354104008,1900,asm
us,game,1E0560,func_151B3A34.NON_MATCHING,354105908,0,asm
us,game,1E0560,func_151B3A34,354105908,72,asm
us,game,1E0560,func_151B3A7C,354105980,0,asm
us,game,1E0560,func_151B3A7C.NON_MATCHING,354105980,628,asm
us,game,1E0560,func_151B3CF0.NON_MATCHING,354106608,0,asm
us,game,1E0560,func_151B3CF0,354106608,568,asm
us,game,1E0560,func_151B3F28.NON_MATCHING,354107176,0,asm
us,game,1E0560,func_151B3F28,354107176,180,asm
us,game,1E0560,func_151B3FDC.NON_MATCHING,354107356,0,asm
us,game,1E0560,func_151B3FDC,354107356,712,asm
us,game,1E0560,func_151B42A4.NON_MATCHING,354108068,0,asm
us,game,1E0560,func_151B42A4,354108068,1332,asm
us,game,1E0560,func_151B47D8.NON_MATCHING,354109400,0,asm
us,game,1E0560,func_151B47D8,354109400,260,asm
us,game,1E0560,func_151B48DC,354109660,0,asm
us,game,1E0560,func_151B48DC.NON_MATCHING,354109660,176,asm
us,game,1E0560,func_151B498C,354109836,0,asm
us,game,1E0560,func_151B498C.NON_MATCHING,354109836,136,asm
us,game,1E0560,func_151B4A14.NON_MATCHING,354109972,0,asm
us,game,1E0560,func_151B4A14,354109972,356,asm
us,game,1E0560,func_151B4B78,354110328,0,asm
us,game,1E0560,func_151B4B78.NON_MATCHING,354110328,164,asm
us,game,1E0560,func_151B4C1C.NON_MATCHING,354110492,0,asm
us,game,1E0560,func_151B4C1C,354110492,80,asm
us,game,1E0560,func_151B4C6C.NON_MATCHING,354110572,0,asm
us,game,1E0560,func_151B4C6C,354110572,44,asm
us,game,1E0560,func_151B4C98.NON_MATCHING,354110616,0,asm
us,game,1E0560,func_151B4C98,354110616,56,asm
us,game,1E2180,func_151B4CD0.NON_MATCHING,354110672,0,asm
us,game,1E2180,func_151B4CD0,354110672,380,asm
us,game,1E2180,func_151B4E4C,354111052,0,asm
us,game,1E2180,func_151B4E4C.NON_MATCHING,354111052,88,asm
us,game,1E2180,func_151B4EA4,354111140,0,asm
us,game,1E2180,func_151B4EA4.NON_MATCHING,354111140,316,asm
us,game,1E2180,func_151B4FE0,354111456,0,asm
us,game,1E2180,func_151B4FE0.NON_MATCHING,354111456,196,asm
us,game,1E2180,func_151B50A4.NON_MATCHING,354111652,0,asm
us,game,1E2180,func_151B50A4,354111652,80,asm
us,game,1E2180,func_151B50F4.NON_MATCHING,354111732,0,asm
us,game,1E2180,func_151B50F4,354111732,332,asm
us,game,1E26F0,func_151B5240.NON_MATCHING,354112064,0,asm
us,game,1E26F0,func_151B5240,354112064,232,asm
us,game,1E26F0,func_151B5328.NON_MATCHING,354112296,0,asm
us,game,1E26F0,func_151B5328,354112296,1908,asm
us,game,1E26F0,func_151B5A9C.NON_MATCHING,354114204,0,asm
us,game,1E26F0,func_151B5A9C,354114204,260,asm
us,game,1E3050,func_151B5BA0.NON_MATCHING,354114464,0,asm
us,game,1E3050,func_151B5BA0,354114464,80,asm
us,game,1E30A0,func_151B5BF0,354114544,0,asm
us,game,1E30A0,func_151B5BF0.NON_MATCHING,354114544,676,asm
us,game,1E30A0,func_151B5E94,354115220,0,asm
us,game,1E30A0,func_151B5E94.NON_MATCHING,354115220,312,asm
us,game,1E30A0,func_151B5FCC,354115532,0,asm
us,game,1E30A0,func_151B5FCC.NON_MATCHING,354115532,68,asm
us,game,1E34C0,func_151B6010.NON_MATCHING,354115600,0,asm
us,game,1E34C0,func_151B6010,354115600,580,asm
us,game,1E34C0,func_151B6254.NON_MATCHING,354116180,0,asm
us,game,1E34C0,func_151B6254,354116180,204,asm
us,game,1E37D0,func_151B6320,354116384,0,asm
us,game,1E37D0,func_151B6320.NON_MATCHING,354116384,256,asm
us,game,1E37D0,func_151B6420,354116640,0,asm
us,game,1E37D0,func_151B6420.NON_MATCHING,354116640,436,asm
us,game,1E37D0,func_151B65D4.NON_MATCHING,354117076,0,asm
us,game,1E37D0,func_151B65D4,354117076,852,asm
us,game,1E37D0,func_151B6928,354117928,0,asm
us,game,1E37D0,func_151B6928.NON_MATCHING,354117928,1932,asm
us,game,1E37D0,func_151B70B4.NON_MATCHING,354119860,0,asm
us,game,1E37D0,func_151B70B4,354119860,144,asm
us,game,1E37D0,func_151B7144.NON_MATCHING,354120004,0,asm
us,game,1E37D0,func_151B7144,354120004,484,asm
us,game,1E37D0,func_151B7328,354120488,0,asm
us,game,1E37D0,func_151B7328.NON_MATCHING,354120488,848,asm
us,game,1E37D0,func_151B7678,354121336,0,asm
us,game,1E37D0,func_151B7678.NON_MATCHING,354121336,84,asm
us,game,1E37D0,func_151B76CC,354121420,0,asm
us,game,1E37D0,func_151B76CC.NON_MATCHING,354121420,296,asm
us,game,1E37D0,func_151B77F4,354121716,0,asm
us,game,1E37D0,func_151B77F4.NON_MATCHING,354121716,420,asm
us,game,1E37D0,func_151B7998,354122136,0,asm
us,game,1E37D0,func_151B7998.NON_MATCHING,354122136,672,asm
us,game,1E37D0,func_151B7C38.NON_MATCHING,354122808,0,asm
us,game,1E37D0,func_151B7C38,354122808,1684,asm
us,game,1E37D0,func_151B82CC.NON_MATCHING,354124492,0,asm
us,game,1E37D0,func_151B82CC,354124492,76,asm
us,game,1E37D0,func_151B8318.NON_MATCHING,354124568,0,asm
us,game,1E37D0,func_151B8318,354124568,88,asm
us,game,1E37D0,func_151B8370.NON_MATCHING,354124656,0,asm
us,game,1E37D0,func_151B8370,354124656,48,asm
us,game,1E37D0,func_151B83A0,354124704,0,asm
us,game,1E37D0,func_151B83A0.NON_MATCHING,354124704,44,asm
us,game,1E37D0,func_151B83CC,354124748,0,asm
us,game,1E37D0,func_151B83CC.NON_MATCHING,354124748,52,asm
us,game,1E58B0,func_151B8400.NON_MATCHING,354124800,0,asm
us,game,1E58B0,func_151B8400,354124800,428,asm
us,game,1E58B0,func_151B85AC,354125228,0,asm
us,game,1E58B0,func_151B85AC.NON_MATCHING,354125228,144,asm
us,game,1E58B0,func_151B863C.NON_MATCHING,354125372,0,asm
us,game,1E58B0,func_151B863C,354125372,44,asm
us,game,1E58B0,func_151B8668.NON_MATCHING,354125416,0,asm
us,game,1E58B0,func_151B8668,354125416,140,asm
us,game,1E58B0,func_151B86F4,354125556,0,asm
us,game,1E58B0,func_151B86F4.NON_MATCHING,354125556,532,asm
us,game,1E58B0,func_151B8908.NON_MATCHING,354126088,0,asm
us,game,1E58B0,func_151B8908,354126088,568,asm
us,game,1E5FF0,func_151B8B40.NON_MATCHING,354126656,0,asm
us,game,1E5FF0,func_151B8B40,354126656,160,asm
us,game,1E5FF0,func_151B8BE0,354126816,0,asm
us,game,1E5FF0,func_151B8BE0.NON_MATCHING,354126816,116,asm
us,game,1E5FF0,func_151B8C54.NON_MATCHING,354126932,0,asm
us,game,1E5FF0,func_151B8C54,354126932,168,asm
us,game,1E5FF0,func_151B8CFC.NON_MATCHING,354127100,0,asm
us,game,1E5FF0,func_151B8CFC,354127100,180,asm
us,game,1E6260,func_151B8DB0.NON_MATCHING,354127280,0,asm
us,game,1E6260,func_151B8DB0,354127280,1124,asm
us,game,1E6260,func_151B9214.NON_MATCHING,354128404,0,asm
us,game,1E6260,func_151B9214,354128404,252,asm
us,game,1E6260,func_151B9310,354128656,0,asm
us,game,1E6260,func_151B9310.NON_MATCHING,354128656,248,asm
us,game,1E6260,func_151B9408,354128904,0,asm
us,game,1E6260,func_151B9408.NON_MATCHING,354128904,600,asm
us,game,1E6260,func_151B9660.NON_MATCHING,354129504,0,asm
us,game,1E6260,func_151B9660,354129504,48,asm
us,game,1E6B40,func_151B9690.NON_MATCHING,354129552,0,asm
us,game,1E6B40,func_151B9690,354129552,724,asm
us,game,1E6B40,func_151B9964.NON_MATCHING,354130276,0,asm
us,game,1E6B40,func_151B9964,354130276,652,asm
us,game,1E6B40,func_151B9BF0.NON_MATCHING,354130928,0,asm
us,game,1E6B40,func_151B9BF0,354130928,192,asm
us,game,1E6B40,func_151B9CB0,354131120,0,asm
us,game,1E6B40,func_151B9CB0.NON_MATCHING,354131120,592,asm
us,game,1E73B0,func_151B9F00.NON_MATCHING,354131712,0,asm
us,game,1E73B0,func_151B9F00,354131712,388,asm
us,game,1E73B0,func_151BA084.NON_MATCHING,354132100,0,asm
us,game,1E73B0,func_151BA084,354132100,996,asm
us,game,1E73B0,func_151BA468,354133096,0,asm
us,game,1E73B0,func_151BA468.NON_MATCHING,354133096,176,asm
us,game,1E73B0,func_151BA518.NON_MATCHING,354133272,0,asm
us,game,1E73B0,func_151BA518,354133272,2860,asm
us,game,1E73B0,func_151BB044,354136132,0,asm
us,game,1E73B0,func_151BB044.NON_MATCHING,354136132,156,asm
us,game,1E73B0,func_151BB0E0,354136288,0,asm
us,game,1E73B0,func_151BB0E0.NON_MATCHING,354136288,1340,asm
us,game,1E73B0,func_151BB61C.NON_MATCHING,354137628,0,asm
us,game,1E73B0,func_151BB61C,354137628,1152,asm
us,game,1E73B0,func_151BBA9C,354138780,0,asm
us,game,1E73B0,func_151BBA9C.NON_MATCHING,354138780,1096,asm
us,game,1E73B0,func_151BBEE4,354139876,0,asm
us,game,1E73B0,func_151BBEE4.NON_MATCHING,354139876,216,asm
us,game,1E73B0,func_151BBFBC,354140092,0,asm
us,game,1E73B0,func_151BBFBC.NON_MATCHING,354140092,184,asm
us,game,1E73B0,func_151BC074,354140276,0,asm
us,game,1E73B0,func_151BC074.NON_MATCHING,354140276,144,asm
us,game,1E73B0,func_151BC104.NON_MATCHING,354140420,0,asm
us,game,1E73B0,func_151BC104,354140420,620,asm
us,game,1E73B0,func_151BC370,354141040,0,asm
us,game,1E73B0,func_151BC370.NON_MATCHING,354141040,528,asm
us,game,1E73B0,func_151BC580.NON_MATCHING,354141568,0,asm
us,game,1E73B0,func_151BC580,354141568,36,asm
us,game,1E73B0,func_151BC5A4.NON_MATCHING,354141604,0,asm
us,game,1E73B0,func_151BC5A4,354141604,168,asm
us,game,1E73B0,func_151BC64C.NON_MATCHING,354141772,0,asm
us,game,1E73B0,func_151BC64C,354141772,328,asm
us,game,1E73B0,func_151BC794,354142100,0,asm
us,game,1E73B0,func_151BC794.NON_MATCHING,354142100,764,asm
us,game,1E73B0,func_151BCA90.NON_MATCHING,354142864,0,asm
us,game,1E73B0,func_151BCA90,354142864,1932,asm
us,game,1E73B0,func_151BD21C.NON_MATCHING,354144796,0,asm
us,game,1E73B0,func_151BD21C,354144796,160,asm
us,game,1E73B0,func_151BD2BC,354144956,0,asm
us,game,1E73B0,func_151BD2BC.NON_MATCHING,354144956,60,asm
us,game,1E73B0,func_151BD2F8.NON_MATCHING,354145016,0,asm
us,game,1E73B0,func_151BD2F8,354145016,308,asm
us,game,1E73B0,func_151BD42C,354145324,0,asm
us,game,1E73B0,func_151BD42C.NON_MATCHING,354145324,16,asm
us,game,1E73B0,func_151BD43C.NON_MATCHING,354145340,0,asm
us,game,1E73B0,func_151BD43C,354145340,788,asm
us,game,1E73B0,func_151BD750,354146128,0,asm
us,game,1E73B0,func_151BD750.NON_MATCHING,354146128,76,asm
us,game,1E73B0,func_151BD79C,354146204,0,asm
us,game,1E73B0,func_151BD79C.NON_MATCHING,354146204,88,asm
us,game,1E73B0,func_151BD7F4.NON_MATCHING,354146292,0,asm
us,game,1E73B0,func_151BD7F4,354146292,52,asm
us,game,1E73B0,func_151BD828.NON_MATCHING,354146344,0,asm
us,game,1E73B0,func_151BD828,354146344,1380,asm
us,game,1E73B0,func_151BDD8C,354147724,0,asm
us,game,1E73B0,func_151BDD8C.NON_MATCHING,354147724,800,asm
us,game,1E73B0,func_151BE0AC.NON_MATCHING,354148524,0,asm
us,game,1E73B0,func_151BE0AC,354148524,140,asm
us,game,1E73B0,func_151BE138,354148664,0,asm
us,game,1E73B0,func_151BE138.NON_MATCHING,354148664,128,asm
us,game,1E73B0,func_151BE1B8,354148792,0,asm
us,game,1E73B0,func_151BE1B8.NON_MATCHING,354148792,44,asm
us,game,1E73B0,func_151BE1E4,354148836,0,asm
us,game,1E73B0,func_151BE1E4.NON_MATCHING,354148836,44,asm
us,game,1E73B0,func_151BE210.NON_MATCHING,354148880,0,asm
us,game,1E73B0,func_151BE210,354148880,680,asm
us,game,1E73B0,func_151BE4B8,354149560,0,asm
us,game,1E73B0,func_151BE4B8.NON_MATCHING,354149560,160,asm
us,game,1E73B0,func_151BE558.NON_MATCHING,354149720,0,asm
us,game,1E73B0,func_151BE558,354149720,172,asm
us,game,1E73B0,func_151BE604,354149892,0,asm
us,game,1E73B0,func_151BE604.NON_MATCHING,354149892,64,asm
us,game,1E73B0,func_151BE644.NON_MATCHING,354149956,0,asm
us,game,1E73B0,func_151BE644,354149956,48,asm
us,game,1E73B0,func_151BE674,354150004,0,asm
us,game,1E73B0,func_151BE674.NON_MATCHING,354150004,44,asm
us,game,1E73B0,func_151BE6A0,354150048,0,asm
us,game,1E73B0,func_151BE6A0.NON_MATCHING,354150048,44,asm
us,game,1E73B0,func_151BE6CC,354150092,0,asm
us,game,1E73B0,func_151BE6CC.NON_MATCHING,354150092,188,asm
us,game,1E73B0,func_151BE788,354150280,0,asm
us,game,1E73B0,func_151BE788.NON_MATCHING,354150280,64,asm
us,game,1E73B0,func_151BE7C8.NON_MATCHING,354150344,0,asm
us,game,1E73B0,func_151BE7C8,354150344,48,asm
us,game,1E73B0,func_151BE7F8.NON_MATCHING,354150392,0,asm
us,game,1E73B0,func_151BE7F8,354150392,44,asm
us,game,1E73B0,func_151BE824,354150436,0,asm
us,game,1E73B0,func_151BE824.NON_MATCHING,354150436,44,asm
us,game,1E73B0,func_151BE850,354150480,0,asm
us,game,1E73B0,func_151BE850.NON_MATCHING,354150480,720,asm
us,game,1E73B0,func_151BEB20,354151200,0,asm
us,game,1E73B0,func_151BEB20.NON_MATCHING,354151200,372,asm
us,game,1E73B0,func_151BEC94.NON_MATCHING,354151572,0,asm
us,game,1E73B0,func_151BEC94,354151572,36,asm
us,game,1E73B0,func_151BECB8,354151608,0,asm
us,game,1E73B0,func_151BECB8.NON_MATCHING,354151608,476,asm
us,game,1E73B0,func_151BEE94,354152084,0,asm
us,game,1E73B0,func_151BEE94.NON_MATCHING,354152084,76,asm
us,game,1E73B0,func_151BEEE0,354152160,0,asm
us,game,1E73B0,func_151BEEE0.NON_MATCHING,354152160,488,asm
us,game,1E73B0,func_151BF0C8,354152648,0,asm
us,game,1E73B0,func_151BF0C8.NON_MATCHING,354152648,632,asm
us,game,1E73B0,func_151BF340.NON_MATCHING,354153280,0,asm
us,game,1E73B0,func_151BF340,354153280,1244,asm
us,game,1E73B0,func_151BF81C.NON_MATCHING,354154524,0,asm
us,game,1E73B0,func_151BF81C,354154524,784,asm
us,game,1E73B0,func_151BFB2C.NON_MATCHING,354155308,0,asm
us,game,1E73B0,func_151BFB2C,354155308,120,asm
us,game,1E73B0,func_151BFBA4.NON_MATCHING,354155428,0,asm
us,game,1E73B0,func_151BFBA4,354155428,44,asm
us,game,1E73B0,func_151BFBD0,354155472,0,asm
us,game,1E73B0,func_151BFBD0.NON_MATCHING,354155472,44,asm
us,game,1E73B0,func_151BFBFC,354155516,0,asm
us,game,1E73B0,func_151BFBFC.NON_MATCHING,354155516,68,asm
us,game,1ED0F0,func_151BFC40.NON_MATCHING,354155584,0,asm
us,game,1ED0F0,func_151BFC40,354155584,352,asm
us,game,1ED0F0,func_151BFDA0.NON_MATCHING,354155936,0,asm
us,game,1ED0F0,func_151BFDA0,354155936,228,asm
us,game,1ED0F0,func_151BFE84.NON_MATCHING,354156164,0,asm
us,game,1ED0F0,func_151BFE84,354156164,532,asm
us,game,1ED0F0,func_151C0098,354156696,0,asm
us,game,1ED0F0,func_151C0098.NON_MATCHING,354156696,588,asm
us,game,1ED0F0,func_151C02E4.NON_MATCHING,354157284,0,asm
us,game,1ED0F0,func_151C02E4,354157284,124,asm
us,game,1ED0F0,func_151C0360.NON_MATCHING,354157408,0,asm
us,game,1ED0F0,func_151C0360,354157408,184,asm
us,game,1ED0F0,func_151C0418.NON_MATCHING,354157592,0,asm
us,game,1ED0F0,func_151C0418,354157592,224,asm
us,game,1ED0F0,func_151C04F8.NON_MATCHING,354157816,0,asm
us,game,1ED0F0,func_151C04F8,354157816,172,asm
us,game,1ED0F0,func_151C05A4.NON_MATCHING,354157988,0,asm
us,game,1ED0F0,func_151C05A4,354157988,76,asm
us,game,1ED0F0,func_151C05F0.NON_MATCHING,354158064,0,asm
us,game,1ED0F0,func_151C05F0,354158064,84,asm
us,game,1ED0F0,func_151C0644,354158148,0,asm
us,game,1ED0F0,func_151C0644.NON_MATCHING,354158148,84,asm
us,game,1ED0F0,func_151C0698.NON_MATCHING,354158232,0,asm
us,game,1ED0F0,func_151C0698,354158232,2676,asm
us,game,1ED0F0,func_151C110C,354160908,0,asm
us,game,1ED0F0,func_151C110C.NON_MATCHING,354160908,116,asm
us,game,1ED0F0,func_151C1180,354161024,0,asm
us,game,1ED0F0,func_151C1180.NON_MATCHING,354161024,1008,asm
us,game,1ED0F0,func_151C1570.NON_MATCHING,354162032,0,asm
us,game,1ED0F0,func_151C1570,354162032,140,asm
us,game,1ED0F0,func_151C15FC,354162172,0,asm
us,game,1ED0F0,func_151C15FC.NON_MATCHING,354162172,44,asm
us,game,1ED0F0,func_151C1628,354162216,0,asm
us,game,1ED0F0,func_151C1628.NON_MATCHING,354162216,44,asm
us,game,1ED0F0,func_151C1654,354162260,0,asm
us,game,1ED0F0,func_151C1654.NON_MATCHING,354162260,324,asm
us,game,1ED0F0,func_151C1798,354162584,0,asm
us,game,1ED0F0,func_151C1798.NON_MATCHING,354162584,124,asm
us,game,1ED0F0,func_151C1814,354162708,0,asm
us,game,1ED0F0,func_151C1814.NON_MATCHING,354162708,76,asm
us,game,1ED0F0,func_151C1860,354162784,0,asm
us,game,1ED0F0,func_151C1860.NON_MATCHING,354162784,224,asm
us,game,1ED0F0,func_151C1940.NON_MATCHING,354163008,0,asm
us,game,1ED0F0,func_151C1940,354163008,44,asm
us,game,1ED0F0,func_151C196C,354163052,0,asm
us,game,1ED0F0,func_151C196C.NON_MATCHING,354163052,1008,asm
us,game,1ED0F0,func_151C1D5C.NON_MATCHING,354164060,0,asm
us,game,1ED0F0,func_151C1D5C,354164060,604,asm
us,game,1ED0F0,func_151C1FB8.NON_MATCHING,354164664,0,asm
us,game,1ED0F0,func_151C1FB8,354164664,152,asm
us,game,1EF500,func_151C2050.NON_MATCHING,354164816,0,asm
us,game,1EF500,func_151C2050,354164816,588,asm
us,game,1EF500,func_151C229C,354165404,0,asm
us,game,1EF500,func_151C229C.NON_MATCHING,354165404,1176,asm
us,game,1EF500,func_151C2734.NON_MATCHING,354166580,0,asm
us,game,1EF500,func_151C2734,354166580,924,asm
us,game,1EF500,func_151C2AD0.NON_MATCHING,354167504,0,asm
us,game,1EF500,func_151C2AD0,354167504,892,asm
us,game,1EF500,func_151C2E4C.NON_MATCHING,354168396,0,asm
us,game,1EF500,func_151C2E4C,354168396,72,asm
us,game,1EF500,func_151C2E94,354168468,0,asm
us,game,1EF500,func_151C2E94.NON_MATCHING,354168468,92,asm
us,game,1EF500,func_151C2EF0,354168560,0,asm
us,game,1EF500,func_151C2EF0.NON_MATCHING,354168560,88,asm
us,game,1EF500,func_151C2F48,354168648,0,asm
us,game,1EF500,func_151C2F48.NON_MATCHING,354168648,852,asm
us,game,1EF500,func_151C329C,354169500,0,asm
us,game,1EF500,func_151C329C.NON_MATCHING,354169500,1084,asm
us,game,1EF500,func_151C36D8.NON_MATCHING,354170584,0,asm
us,game,1EF500,func_151C36D8,354170584,1076,asm
us,game,1EF500,func_151C3B0C.NON_MATCHING,354171660,0,asm
us,game,1EF500,func_151C3B0C,354171660,2144,asm
us,game,1EF500,func_151C436C.NON_MATCHING,354173804,0,asm
us,game,1EF500,func_151C436C,354173804,116,asm
us,game,1EF500,func_151C43E0.NON_MATCHING,354173920,0,asm
us,game,1EF500,func_151C43E0,354173920,304,asm
us,game,1EF500,func_151C4510,354174224,0,asm
us,game,1EF500,func_151C4510.NON_MATCHING,354174224,76,asm
us,game,1EF500,func_151C455C,354174300,0,asm
us,game,1EF500,func_151C455C.NON_MATCHING,354174300,232,asm
us,game,1EF500,func_151C4644.NON_MATCHING,354174532,0,asm
us,game,1EF500,func_151C4644,354174532,476,asm
us,game,1EF500,func_151C4820.NON_MATCHING,354175008,0,asm
us,game,1EF500,func_151C4820,354175008,656,asm
us,game,1EF500,func_151C4AB0.NON_MATCHING,354175664,0,asm
us,game,1EF500,func_151C4AB0,354175664,92,asm
us,game,1EF500,func_151C4B0C.NON_MATCHING,354175756,0,asm
us,game,1EF500,func_151C4B0C,354175756,1908,asm
us,game,1F2730,func_151C5280.NON_MATCHING,354177664,0,asm
us,game,1F2730,func_151C5280,354177664,776,asm
us,game,1F2730,func_151C5588.NON_MATCHING,354178440,0,asm
us,game,1F2730,func_151C5588,354178440,284,asm
us,game,1F2730,func_151C56A4,354178724,0,asm
us,game,1F2730,func_151C56A4.NON_MATCHING,354178724,216,asm
us,game,1F2730,func_151C577C,354178940,0,asm
us,game,1F2730,func_151C577C.NON_MATCHING,354178940,1784,asm
us,game,1F2730,func_151C5E74,354180724,0,asm
us,game,1F2730,func_151C5E74.NON_MATCHING,354180724,208,asm
us,game,1F2730,func_151C5F44.NON_MATCHING,354180932,0,asm
us,game,1F2730,func_151C5F44,354180932,604,asm
us,game,1F2730,func_151C61A0.NON_MATCHING,354181536,0,asm
us,game,1F2730,func_151C61A0,354181536,240,asm
us,game,1F2730,func_151C6290.NON_MATCHING,354181776,0,asm
us,game,1F2730,func_151C6290,354181776,64,asm
us,game,1F3780,func_151C62D0,354181840,0,asm
us,game,1F3780,func_151C62D0.NON_MATCHING,354181840,1700,asm
us,game,1F3780,func_151C6974.NON_MATCHING,354183540,0,asm
us,game,1F3780,func_151C6974,354183540,44,asm
us,game,1F3780,func_151C69A0.NON_MATCHING,354183584,0,asm
us,game,1F3780,func_151C69A0,354183584,44,asm
us,game,1F3780,func_151C69CC,354183628,0,asm
us,game,1F3780,func_151C69CC.NON_MATCHING,354183628,92,asm
us,game,1F3780,func_151C6A28,354183720,0,asm
us,game,1F3780,func_151C6A28.NON_MATCHING,354183720,840,asm
us,game,1F3780,func_151C6D70,354184560,0,asm
us,game,1F3780,func_151C6D70.NON_MATCHING,354184560,304,asm
us,game,1F3780,func_151C6EA0,354184864,0,asm
us,game,1F3780,func_151C6EA0.NON_MATCHING,354184864,408,asm
us,game,1F3780,func_151C7038.NON_MATCHING,354185272,0,asm
us,game,1F3780,func_151C7038,354185272,360,asm
us,game,1F4650,func_151C71A0.NON_MATCHING,354185632,0,asm
us,game,1F4650,func_151C71A0,354185632,972,asm
us,game,1F4650,func_151C756C,354186604,0,asm
us,game,1F4650,func_151C756C.NON_MATCHING,354186604,2348,asm
us,game,1F4650,func_151C7E98.NON_MATCHING,354188952,0,asm
us,game,1F4650,func_151C7E98,354188952,1080,asm
us,game,1F4650,func_151C82D0.NON_MATCHING,354190032,0,asm
us,game,1F4650,func_151C82D0,354190032,932,asm
us,game,1F4650,func_151C8674.NON_MATCHING,354190964,0,asm
us,game,1F4650,func_151C8674,354190964,56,asm
us,game,1F4650,func_151C86AC,354191020,0,asm
us,game,1F4650,func_151C86AC.NON_MATCHING,354191020,256,asm
us,game,1F4650,func_151C87AC,354191276,0,asm
us,game,1F4650,func_151C87AC.NON_MATCHING,354191276,52,asm
us,game,1F4650,func_151C87E0.NON_MATCHING,354191328,0,asm
us,game,1F4650,func_151C87E0,354191328,444,asm
us,game,1F4650,func_151C899C.NON_MATCHING,354191772,0,asm
us,game,1F4650,func_151C899C,354191772,1584,asm
us,game,1F4650,func_151C8FCC,354193356,0,asm
us,game,1F4650,func_151C8FCC.NON_MATCHING,354193356,460,asm
us,game,1F4650,func_151C9198,354193816,0,asm
us,game,1F4650,func_151C9198.NON_MATCHING,354193816,828,asm
us,game,1F4650,func_151C94D4,354194644,0,asm
us,game,1F4650,func_151C94D4.NON_MATCHING,354194644,260,asm
us,game,1F4650,func_151C95D8,354194904,0,asm
us,game,1F4650,func_151C95D8.NON_MATCHING,354194904,260,asm
us,game,1F4650,func_151C96DC,354195164,0,asm
us,game,1F4650,func_151C96DC.NON_MATCHING,354195164,48,asm
us,game,1F4650,func_151C970C,354195212,0,asm
us,game,1F4650,func_151C970C.NON_MATCHING,354195212,52,asm
us,game,1F4650,func_151C9740.NON_MATCHING,354195264,0,asm
us,game,1F4650,func_151C9740,354195264,896,asm
us,game,1F4650,func_151C9AC0.NON_MATCHING,354196160,0,asm
us,game,1F4650,func_151C9AC0,354196160,112,asm
us,game,1F4650,func_151C9B30,354196272,0,asm
us,game,1F4650,func_151C9B30.NON_MATCHING,354196272,52,asm
us,game,1F4650,func_151C9B64.NON_MATCHING,354196324,0,asm
us,game,1F4650,func_151C9B64,354196324,60,asm
us,game,1F4650,func_151C9BA0,354196384,0,asm
us,game,1F4650,func_151C9BA0.NON_MATCHING,354196384,152,asm
us,game,1F4650,.L151C9C38,354196536,48,asm
us,game,1F4650,.L151C9C68,354196584,48,asm
us,game,1F4650,.L151C9C98,354196632,28,asm
us,game,1F4650,.L151C9CB4,354196660,228,asm
us,game,1F4650,.L151C9D98,354196888,48,asm
us,game,1F4650,.L151C9DC8,354196936,12,asm
us,game,1F4650,.L151C9DD4,354196948,20,asm
us,game,1F4650,func_151C9DE8,354196968,0,asm
us,game,1F4650,func_151C9DE8.NON_MATCHING,354196968,236,asm
us,game,1F4650,func_151C9ED4.NON_MATCHING,354197204,0,asm
us,game,1F4650,func_151C9ED4,354197204,100,asm
us,game,1F4650,func_151C9F38.NON_MATCHING,354197304,0,asm
us,game,1F4650,func_151C9F38,354197304,1896,asm
us,game,1F4650,func_151CA6A0.NON_MATCHING,354199200,0,asm
us,game,1F4650,func_151CA6A0,354199200,1068,asm
us,game,1F4650,func_151CAACC,354200268,0,asm
us,game,1F4650,func_151CAACC.NON_MATCHING,354200268,172,asm
us,game,1F4650,func_151CAB78,354200440,0,asm
us,game,1F4650,func_151CAB78.NON_MATCHING,354200440,432,asm
us,game,1F4650,func_151CAD28,354200872,0,asm
us,game,1F4650,func_151CAD28.NON_MATCHING,354200872,1000,asm
us,game,1F4650,func_151CB110,354201872,0,asm
us,game,1F4650,func_151CB110.NON_MATCHING,354201872,908,asm
us,game,1F4650,func_151CB49C.NON_MATCHING,354202780,0,asm
us,game,1F4650,func_151CB49C,354202780,116,asm
us,game,1F4650,func_151CB510.NON_MATCHING,354202896,0,asm
us,game,1F4650,func_151CB510,354202896,236,asm
us,game,1F4650,func_151CB5FC,354203132,0,asm
us,game,1F4650,func_151CB5FC.NON_MATCHING,354203132,796,asm
us,game,1F4650,func_151CB918,354203928,0,asm
us,game,1F4650,func_151CB918.NON_MATCHING,354203928,88,asm
us,game,1F4650,func_151CB970.NON_MATCHING,354204016,0,asm
us,game,1F4650,func_151CB970,354204016,508,asm
us,game,1F4650,func_151CBB6C,354204524,0,asm
us,game,1F4650,func_151CBB6C.NON_MATCHING,354204524,116,asm
us,game,1F4650,func_151CBBE0,354204640,0,asm
us,game,1F4650,func_151CBBE0.NON_MATCHING,354204640,128,asm
us,game,1F4650,func_151CBC60,354204768,0,asm
us,game,1F4650,func_151CBC60.NON_MATCHING,354204768,1396,asm
us,game,1F4650,func_151CC1D4,354206164,0,asm
us,game,1F4650,func_151CC1D4.NON_MATCHING,354206164,188,asm
us,game,1F4650,func_151CC290,354206352,0,asm
us,game,1F4650,func_151CC290.NON_MATCHING,354206352,44,asm
us,game,1F4650,func_151CC2BC,354206396,0,asm
us,game,1F4650,func_151CC2BC.NON_MATCHING,354206396,616,asm
us,game,1F4650,func_151CC524,354207012,0,asm
us,game,1F4650,func_151CC524.NON_MATCHING,354207012,600,asm
us,game,1F4650,func_151CC77C,354207612,0,asm
us,game,1F4650,func_151CC77C.NON_MATCHING,354207612,196,asm
us,game,1F4650,func_151CC840,354207808,0,asm
us,game,1F4650,func_151CC840.NON_MATCHING,354207808,1244,asm
us,game,1F4650,func_151CCD1C.NON_MATCHING,354209052,0,asm
us,game,1F4650,func_151CCD1C,354209052,376,asm
us,game,1F4650,func_151CCE94.NON_MATCHING,354209428,0,asm
us,game,1F4650,func_151CCE94,354209428,116,asm
us,game,1F4650,func_151CCF08,354209544,0,asm
us,game,1F4650,func_151CCF08.NON_MATCHING,354209544,796,asm
us,game,1F4650,func_151CD224,354210340,0,asm
us,game,1F4650,func_151CD224.NON_MATCHING,354210340,156,asm
us,game,1FA770,func_151CD2C0.NON_MATCHING,354210496,0,asm
us,game,1FA770,func_151CD2C0,354210496,156,asm
us,game,1FA770,func_151CD35C,354210652,0,asm
us,game,1FA770,func_151CD35C.NON_MATCHING,354210652,56,asm
us,game,1FA770,func_151CD394,354210708,0,asm
us,game,1FA770,func_151CD394.NON_MATCHING,354210708,56,asm
us,game,1FA770,func_151CD3CC.NON_MATCHING,354210764,0,asm
us,game,1FA770,func_151CD3CC,354210764,244,asm
us,game,1FA770,func_151CD4C0,354211008,0,asm
us,game,1FA770,func_151CD4C0.NON_MATCHING,354211008,436,asm
us,game,1FA770,func_151CD674,354211444,0,asm
us,game,1FA770,func_151CD674.NON_MATCHING,354211444,328,asm
us,game,1FA770,func_151CD7BC.NON_MATCHING,354211772,0,asm
us,game,1FA770,func_151CD7BC,354211772,984,asm
us,game,1FA770,func_151CDB94.NON_MATCHING,354212756,0,asm
us,game,1FA770,func_151CDB94,354212756,652,asm
us,game,1FA770,func_151CDE20.NON_MATCHING,354213408,0,asm
us,game,1FA770,func_151CDE20,354213408,1628,asm
us,game,1FA770,func_151CE47C.NON_MATCHING,354215036,0,asm
us,game,1FA770,func_151CE47C,354215036,32,asm
us,game,1FA770,func_151CE49C,354215068,0,asm
us,game,1FA770,func_151CE49C.NON_MATCHING,354215068,64,asm
us,game,1FA770,func_151CE4DC.NON_MATCHING,354215132,0,asm
us,game,1FA770,func_151CE4DC,354215132,64,asm
us,game,1FA770,func_151CE51C,354215196,0,asm
us,game,1FA770,func_151CE51C.NON_MATCHING,354215196,280,asm
us,game,1FA770,func_151CE634,354215476,0,asm
us,game,1FA770,func_151CE634.NON_MATCHING,354215476,156,asm
us,game,1FA770,func_151CE6D0,354215632,0,asm
us,game,1FA770,func_151CE6D0.NON_MATCHING,354215632,848,asm
us,game,1FA770,func_151CEA20,354216480,0,asm
us,game,1FA770,func_151CEA20.NON_MATCHING,354216480,140,asm
us,game,1FA770,func_151CEAAC.NON_MATCHING,354216620,0,asm
us,game,1FA770,func_151CEAAC,354216620,356,asm
us,game,1FA770,func_151CEC10,354216976,0,asm
us,game,1FA770,func_151CEC10.NON_MATCHING,354216976,68,asm
us,game,1FA770,func_151CEC54.NON_MATCHING,354217044,0,asm
us,game,1FA770,func_151CEC54,354217044,1228,asm
us,game,1FA770,func_151CF120.NON_MATCHING,354218272,0,asm
us,game,1FA770,func_151CF120,354218272,608,asm
us,game,1FA770,func_151CF380.NON_MATCHING,354218880,0,asm
us,game,1FA770,func_151CF380,354218880,1220,asm
us,game,1FA770,func_151CF844.NON_MATCHING,354220100,0,asm
us,game,1FA770,func_151CF844,354220100,84,asm
us,game,1FA770,func_151CF898.NON_MATCHING,354220184,0,asm
us,game,1FA770,func_151CF898,354220184,436,asm
us,game,1FA770,func_151CFA4C,354220620,0,asm
us,game,1FA770,func_151CFA4C.NON_MATCHING,354220620,1496,asm
us,game,1FA770,func_151D0024.NON_MATCHING,354222116,0,asm
us,game,1FA770,func_151D0024,354222116,52,asm
us,game,1FA770,func_151D0058.NON_MATCHING,354222168,0,asm
us,game,1FA770,func_151D0058,354222168,208,asm
us,game,1FA770,func_151D0128.NON_MATCHING,354222376,0,asm
us,game,1FA770,func_151D0128,354222376,36,asm
us,game,1FA770,func_151D014C.NON_MATCHING,354222412,0,asm
us,game,1FA770,func_151D014C,354222412,1956,asm
us,game,1FA770,func_151D08F0.NON_MATCHING,354224368,0,asm
us,game,1FA770,func_151D08F0,354224368,184,asm
us,game,1FA770,func_151D09A8,354224552,0,asm
us,game,1FA770,func_151D09A8.NON_MATCHING,354224552,1328,asm
us,game,1FA770,func_151D0ED8,354225880,0,asm
us,game,1FA770,func_151D0ED8.NON_MATCHING,354225880,48,asm
us,game,1FA770,func_151D0F08.NON_MATCHING,354225928,0,asm
us,game,1FA770,func_151D0F08,354225928,44,asm
us,game,1FA770,func_151D0F34.NON_MATCHING,354225972,0,asm
us,game,1FA770,func_151D0F34,354225972,44,asm
us,game,1FA770,func_151D0F60.NON_MATCHING,354226016,0,asm
us,game,1FA770,func_151D0F60,354226016,276,asm
us,game,1FA770,func_151D1074.NON_MATCHING,354226292,0,asm
us,game,1FA770,func_151D1074,354226292,48,asm
us,game,1FA770,func_151D10A4,354226340,0,asm
us,game,1FA770,func_151D10A4.NON_MATCHING,354226340,32,asm
us,game,1FA770,func_151D10C4,354226372,0,asm
us,game,1FA770,func_151D10C4.NON_MATCHING,354226372,32,asm
us,game,1FA770,func_151D10E4.NON_MATCHING,354226404,0,asm
us,game,1FA770,func_151D10E4,354226404,84,asm
us,game,1FA770,func_151D1138,354226488,0,asm
us,game,1FA770,func_151D1138.NON_MATCHING,354226488,496,asm
us,game,1FA770,func_151D1328,354226984,0,asm
us,game,1FA770,func_151D1328.NON_MATCHING,354226984,64,asm
us,game,1FA770,func_151D1368,354227048,0,asm
us,game,1FA770,func_151D1368.NON_MATCHING,354227048,32,asm
us,game,1FA770,func_151D1388,354227080,0,asm
us,game,1FA770,func_151D1388.NON_MATCHING,354227080,44,asm
us,game,1FA770,func_151D13B4,354227124,0,asm
us,game,1FA770,func_151D13B4.NON_MATCHING,354227124,44,asm
us,game,1FA770,func_151D13E0,354227168,0,asm
us,game,1FA770,func_151D13E0.NON_MATCHING,354227168,104,asm
us,game,1FA770,func_151D1448.NON_MATCHING,354227272,0,asm
us,game,1FA770,func_151D1448,354227272,392,asm
us,game,1FA770,func_151D15D0,354227664,0,asm
us,game,1FA770,func_151D15D0.NON_MATCHING,354227664,940,asm
us,game,1FA770,func_151D197C,354228604,0,asm
us,game,1FA770,func_151D197C.NON_MATCHING,354228604,796,asm
us,game,1FA770,func_151D1C98,354229400,0,asm
us,game,1FA770,func_151D1C98.NON_MATCHING,354229400,1444,asm
us,game,1FA770,func_151D223C.NON_MATCHING,354230844,0,asm
us,game,1FA770,func_151D223C,354230844,28,asm
us,game,1FA770,func_151D2258.NON_MATCHING,354230872,0,asm
us,game,1FA770,func_151D2258,354230872,44,asm
us,game,1FA770,func_151D2284,354230916,0,asm
us,game,1FA770,func_151D2284.NON_MATCHING,354230916,44,asm
us,game,1FA770,func_151D22B0.NON_MATCHING,354230960,0,asm
us,game,1FA770,func_151D22B0,354230960,1040,asm
us,game,1FFB70,func_151D26C0.NON_MATCHING,354232000,0,asm
us,game,1FFB70,func_151D26C0,354232000,88,asm
us,game,1FFB70,func_151D2718.NON_MATCHING,354232088,0,asm
us,game,1FFB70,func_151D2718,354232088,68,asm
us,game,1FFB70,func_151D275C.NON_MATCHING,354232156,0,asm
us,game,1FFB70,func_151D275C,354232156,212,asm
us,game,1FFB70,func_151D2830,354232368,0,asm
us,game,1FFB70,func_151D2830.NON_MATCHING,354232368,640,asm
us,game,game_1FFF60,func_151D2AB0,354233008,156,c
us,game,game_1FFF60,func_151D2B4C,354233164,88,c
us,game,game_1FFF60,func_151D2BA4,354233252,0,asm
us,game,game_1FFF60,func_151D2BA4.NON_MATCHING,354233252,156,c
us,game,game_1FFF60,func_151D2C40,354233408,0,asm
us,game,game_1FFF60,func_151D2C40.NON_MATCHING,354233408,364,c
us,game,game_1FFF60,func_151D2DAC,354233772,32,c
us,game,game_1FFF60,func_151D2DCC,354233804,72,c
us,game,game_1FFF60,func_151D2E14,354233876,72,c
us,game,game_1FFF60,func_151D2E5C.NON_MATCHING,354233948,0,c
us,game,game_1FFF60,func_151D2E5C,354233948,164,asm
us,game,game_1FFF60,func_151D2F00,354234112,0,asm
us,game,game_1FFF60,func_151D2F00.NON_MATCHING,354234112,144,c
us,game,game_1FFF60,func_151D2F90,354234256,0,asm
us,game,game_1FFF60,func_151D2F90.NON_MATCHING,354234256,416,c
us,game,game_1FFF60,func_151D3130.NON_MATCHING,354234672,0,c
us,game,game_1FFF60,func_151D3130,354234672,196,asm
us,game,game_1FFF60,func_151D31F4,354234868,44,c
us,game,game_1FFF60,func_151D3220,354234912,44,c
us,game,game_1FFF60,func_151D324C,354234956,0,asm
us,game,game_1FFF60,func_151D324C.NON_MATCHING,354234956,188,c
us,game,game_1FFF60,func_151D3308,354235144,76,c
us,game,game_1FFF60,func_151D3354,354235220,100,c
us,game,game_1FFF60,func_151D33B8,354235320,68,c
us,game,game_1FFF60,func_151D33FC,354235388,64,c
us,game,game_1FFF60,func_151D343C,354235452,0,asm
us,game,game_1FFF60,func_151D343C.NON_MATCHING,354235452,68,c
us,game,200930,func_151D3480,354235520,0,asm
us,game,200930,func_151D3480.NON_MATCHING,354235520,72,asm
us,game,200930,.L151D34C8,354235592,12,asm
us,game,200930,.L151D34D4,354235604,12,asm
us,game,200930,.L151D34E0,354235616,12,asm
us,game,200930,.L151D34EC,354235628,12,asm
us,game,200930,.L151D34F8,354235640,12,asm
us,game,200930,.L151D3504,354235652,2124,asm
us,game,200930,func_151D3D50,354237776,0,asm
us,game,200930,func_151D3D50.NON_MATCHING,354237776,180,asm
us,game,200930,func_151D3E04.NON_MATCHING,354237956,0,asm
us,game,200930,func_151D3E04,354237956,104,asm
us,game,200930,func_151D3E6C.NON_MATCHING,354238060,0,asm
us,game,200930,func_151D3E6C,354238060,168,asm
us,game,200930,func_151D3F14,354238228,0,asm
us,game,200930,func_151D3F14.NON_MATCHING,354238228,224,asm
us,game,200930,func_151D3FF4,354238452,0,asm
us,game,200930,func_151D3FF4.NON_MATCHING,354238452,224,asm
us,game,200930,func_151D40D4,354238676,0,asm
us,game,200930,func_151D40D4.NON_MATCHING,354238676,532,asm
us,game,200930,func_151D42E8,354239208,0,asm
us,game,200930,func_151D42E8.NON_MATCHING,354239208,288,asm
us,game,200930,func_151D4408.NON_MATCHING,354239496,0,asm
us,game,200930,func_151D4408,354239496,608,asm
us,game,200930,func_151D4668,354240104,0,asm
us,game,200930,func_151D4668.NON_MATCHING,354240104,52,asm
us,game,200930,func_151D469C.NON_MATCHING,354240156,0,asm
us,game,200930,func_151D469C,354240156,248,asm
us,game,200930,func_151D4794.NON_MATCHING,354240404,0,asm
us,game,200930,func_151D4794,354240404,1188,asm
us,game,200930,func_151D4C38,354241592,0,asm
us,game,200930,func_151D4C38.NON_MATCHING,354241592,204,asm
us,game,200930,func_151D4D04,354241796,0,asm
us,game,200930,func_151D4D04.NON_MATCHING,354241796,84,asm
us,game,200930,func_151D4D58,354241880,0,asm
us,game,200930,func_151D4D58.NON_MATCHING,354241880,84,asm
us,game,200930,func_151D4DAC,354241964,0,asm
us,game,200930,func_151D4DAC.NON_MATCHING,354241964,924,asm
us,game,200930,func_151D5148.NON_MATCHING,354242888,0,asm
us,game,200930,func_151D5148,354242888,44,asm
us,game,200930,func_151D5174.NON_MATCHING,354242932,0,asm
us,game,200930,func_151D5174,354242932,448,asm
us,game,200930,func_151D5334,354243380,0,asm
us,game,200930,func_151D5334.NON_MATCHING,354243380,208,asm
us,game,200930,func_151D5404.NON_MATCHING,354243588,0,asm
us,game,200930,func_151D5404,354243588,272,asm
us,game,200930,func_151D5514,354243860,0,asm
us,game,200930,func_151D5514.NON_MATCHING,354243860,308,asm
us,game,200930,func_151D5648.NON_MATCHING,354244168,0,asm
us,game,200930,func_151D5648,354244168,204,asm
us,game,200930,func_151D5714,354244372,0,asm
us,game,200930,func_151D5714.NON_MATCHING,354244372,228,asm
us,game,200930,func_151D57F8.NON_MATCHING,354244600,0,asm
us,game,200930,func_151D57F8,354244600,544,asm
us,game,200930,func_151D5A18,354245144,0,asm
us,game,200930,func_151D5A18.NON_MATCHING,354245144,340,asm
us,game,200930,func_151D5B6C.NON_MATCHING,354245484,0,asm
us,game,200930,func_151D5B6C,354245484,500,asm
us,game,200930,func_151D5D60,354245984,0,asm
us,game,200930,func_151D5D60.NON_MATCHING,354245984,208,asm
us,game,200930,func_151D5E30,354246192,0,asm
us,game,200930,func_151D5E30.NON_MATCHING,354246192,96,asm
us,game,203340,func_151D5E90,354246288,0,asm
us,game,203340,func_151D5E90.NON_MATCHING,354246288,800,asm
us,game,203340,func_151D61B0.NON_MATCHING,354247088,0,asm
us,game,203340,func_151D61B0,354247088,616,asm
us,game,203340,func_151D6418,354247704,0,asm
us,game,203340,func_151D6418.NON_MATCHING,354247704,728,asm
us,game,203340,func_151D66F0.NON_MATCHING,354248432,0,asm
us,game,203340,func_151D66F0,354248432,136,asm
us,game,203340,func_151D6778,354248568,0,asm
us,game,203340,func_151D6778.NON_MATCHING,354248568,504,asm
us,game,203E20,func_151D6970.NON_MATCHING,354249072,0,asm
us,game,203E20,func_151D6970,354249072,68,asm
us,game,203E20,func_151D69B4,354249140,0,asm
us,game,203E20,func_151D69B4.NON_MATCHING,354249140,584,asm
us,game,203E20,func_151D6BFC,354249724,0,asm
us,game,203E20,func_151D6BFC.NON_MATCHING,354249724,612,asm
us,game,203E20,func_151D6E60.NON_MATCHING,354250336,0,asm
us,game,203E20,func_151D6E60,354250336,416,asm
us,game,203E20,func_151D7000.NON_MATCHING,354250752,0,asm
us,game,203E20,func_151D7000,354250752,204,asm
us,game,203E20,func_151D70CC,354250956,0,asm
us,game,203E20,func_151D70CC.NON_MATCHING,354250956,64,asm
us,game,203E20,func_151D710C.NON_MATCHING,354251020,0,asm
us,game,203E20,func_151D710C,354251020,164,asm
us,game,204660,func_151D71B0,354251184,0,asm
us,game,204660,func_151D71B0.NON_MATCHING,354251184,180,asm
us,game,204660,func_151D7264.NON_MATCHING,354251364,0,asm
us,game,204660,func_151D7264,354251364,324,asm
us,game,204660,func_151D73A8,354251688,0,asm
us,game,204660,func_151D73A8.NON_MATCHING,354251688,92,asm
us,game,204660,func_151D7404.NON_MATCHING,354251780,0,asm
us,game,204660,func_151D7404,354251780,32,asm
us,game,204660,func_151D7424,354251812,0,asm
us,game,204660,func_151D7424.NON_MATCHING,354251812,44,asm
us,game,204660,func_151D7450,354251856,0,asm
us,game,204660,func_151D7450.NON_MATCHING,354251856,44,asm
us,game,204660,func_151D747C.NON_MATCHING,354251900,0,asm
us,game,204660,func_151D747C,354251900,52,asm
us,game,204660,func_151D74B0.NON_MATCHING,354251952,0,asm
us,game,204660,func_151D74B0,354251952,136,asm
us,game,204660,func_151D7538,354252088,0,asm
us,game,204660,func_151D7538.NON_MATCHING,354252088,140,asm
us,game,204660,func_151D75C4,354252228,0,asm
us,game,204660,func_151D75C4.NON_MATCHING,354252228,352,asm
us,game,204660,func_151D7724,354252580,0,asm
us,game,204660,func_151D7724.NON_MATCHING,354252580,76,asm
us,game,204660,func_151D7770.NON_MATCHING,354252656,0,asm
us,game,204660,func_151D7770,354252656,44,asm
us,game,204660,func_151D779C,354252700,0,asm
us,game,204660,func_151D779C.NON_MATCHING,354252700,44,asm
us,game,204660,func_151D77C8.NON_MATCHING,354252744,0,asm
us,game,204660,func_151D77C8,354252744,104,asm
us,game,204660,func_151D7830,354252848,0,asm
us,game,204660,func_151D7830.NON_MATCHING,354252848,252,asm
us,game,204660,func_151D792C.NON_MATCHING,354253100,0,asm
us,game,204660,func_151D792C,354253100,268,asm
us,game,204660,func_151D7A38.NON_MATCHING,354253368,0,asm
us,game,204660,func_151D7A38,354253368,664,asm
us,game,204660,func_151D7CD0,354254032,0,asm
us,game,204660,func_151D7CD0.NON_MATCHING,354254032,1012,asm
us,game,204660,func_151D80C4,354255044,0,asm
us,game,204660,func_151D80C4.NON_MATCHING,354255044,1620,asm
us,game,204660,func_151D8718.NON_MATCHING,354256664,0,asm
us,game,204660,func_151D8718,354256664,76,asm
us,game,204660,func_151D8764.NON_MATCHING,354256740,0,asm
us,game,204660,func_151D8764,354256740,28,asm
us,game,204660,func_151D8780.NON_MATCHING,354256768,0,asm
us,game,204660,func_151D8780,354256768,44,asm
us,game,204660,func_151D87AC.NON_MATCHING,354256812,0,asm
us,game,204660,func_151D87AC,354256812,52,asm
us,game,205C90,func_151D87E0,354256864,0,asm
us,game,205C90,func_151D87E0.NON_MATCHING,354256864,136,asm
us,game,205C90,func_151D8868,354257000,0,asm
us,game,205C90,func_151D8868.NON_MATCHING,354257000,444,asm
us,game,205C90,func_151D8A24,354257444,0,asm
us,game,205C90,func_151D8A24.NON_MATCHING,354257444,256,asm
us,game,205C90,func_151D8B24.NON_MATCHING,354257700,0,asm
us,game,205C90,func_151D8B24,354257700,100,asm
us,game,205C90,func_151D8B88,354257800,0,asm
us,game,205C90,func_151D8B88.NON_MATCHING,354257800,44,asm
us,game,205C90,func_151D8BB4,354257844,0,asm
us,game,205C90,func_151D8BB4.NON_MATCHING,354257844,44,asm
us,game,205C90,func_151D8BE0,354257888,0,asm
us,game,205C90,func_151D8BE0.NON_MATCHING,354257888,32,asm
us,game,205C90,func_151D8C00,354257920,0,asm
us,game,205C90,func_151D8C00.NON_MATCHING,354257920,348,asm
us,game,205C90,func_151D8D5C,354258268,0,asm
us,game,205C90,func_151D8D5C.NON_MATCHING,354258268,88,asm
us,game,205C90,func_151D8DB4.NON_MATCHING,354258356,0,asm
us,game,205C90,func_151D8DB4,354258356,52,asm
us,game,205C90,func_151D8DE8,354258408,0,asm
us,game,205C90,func_151D8DE8.NON_MATCHING,354258408,56,asm
us,game,game_2062D0,func_151D8E20,354258464,76,c
us,game,game_2062D0,func_151D8E6C,354258540,68,c
us,game,game_2062D0,func_151D8EB0,354258608,12,c
us,game,game_2062D0,func_151D8EBC,354258620,12,c
us,game,game_2062D0,func_151D8EC8,354258632,52,c
us,game,game_2062D0,func_151D8EFC,354258684,52,c
us,game,game_2062D0,func_151D8F30,354258736,76,c
us,game,game_2062D0,func_151D8F7C,354258812,52,c
us,game,game_2062D0,func_151D8FB0,354258864,12,c
us,game,game_2062D0,func_151D8FBC,354258876,12,c
us,game,game_2062D0,func_151D8FC8,354258888,12,c
us,game,game_2062D0,func_151D8FD4,354258900,12,c
us,game,game_2062D0,func_151D8FE0,354258912,52,c
us,game,game_2062D0,func_151D9014.NON_MATCHING,354258964,0,c
us,game,game_2062D0,func_151D9014,354258964,992,asm
us,game,game_2062D0,func_151D93F4,354259956,92,c
us,game,game_2062D0,func_151D9450,354260048,0,asm
us,game,game_2062D0,func_151D9450.NON_MATCHING,354260048,228,c
us,game,game_2062D0,func_151D9534.NON_MATCHING,354260276,0,c
us,game,game_2062D0,func_151D9534,354260276,628,asm
us,game,game_2062D0,func_151D97A8,354260904,120,c
us,game,game_2062D0,func_151D9820,354261024,88,c
us,game,game_2062D0,func_151D9878,354261112,88,c
us,game,game_2062D0,func_151D98D0,354261200,72,c
us,game,game_2062D0,func_151D9918,354261272,72,c
us,game,game_2062D0,func_151D9960,354261344,104,c
us,game,game_2062D0,func_151D99C8,354261448,88,c
us,game,game_2062D0,func_151D9A20,354261536,72,c
us,game,game_2062D0,func_151D9A68,354261608,88,c
us,game,game_2062D0,func_151D9AC0,354261696,28,c
us,game,game_2062D0,func_151D9ADC,354261724,88,c
us,game,game_2062D0,func_151D9B34,354261812,88,c
us,game,game_2062D0,func_151D9B8C.NON_MATCHING,354261900,0,c
us,game,game_2062D0,func_151D9B8C,354261900,804,asm
us,game,game_2062D0,func_151D9EB0.NON_MATCHING,354262704,0,c
us,game,game_2062D0,func_151D9EB0,354262704,272,asm
us,game,game_2062D0,func_151D9FC0,354262976,204,c
us,game,game_2062D0,func_151DA08C.NON_MATCHING,354263180,0,c
us,game,game_2062D0,func_151DA08C,354263180,732,asm
us,game,game_2062D0,func_151DA368,354263912,0,asm
us,game,game_2062D0,func_151DA368.NON_MATCHING,354263912,832,c
us,game,game_2062D0,func_151DA6A8,354264744,0,asm
us,game,game_2062D0,func_151DA6A8.NON_MATCHING,354264744,80,c
us,game,game_2062D0,func_151DA6F8.NON_MATCHING,354264824,0,c
us,game,game_2062D0,func_151DA6F8,354264824,576,asm
us,game,game_2062D0,func_151DA938,354265400,0,asm
us,game,game_2062D0,func_151DA938.NON_MATCHING,354265400,336,c
us,game,game_2062D0,func_151DAA88.NON_MATCHING,354265736,0,c
us,game,game_2062D0,func_151DAA88,354265736,208,asm
us,game,game_2062D0,func_151DAB58,354265944,0,asm
us,game,game_2062D0,func_151DAB58.NON_MATCHING,354265944,584,c
us,game,game_2062D0,func_151DADA0.NON_MATCHING,354266528,0,c
us,game,game_2062D0,func_151DADA0,354266528,136,asm
us,game,game_2062D0,func_151DAE28,354266664,0,asm
us,game,game_2062D0,func_151DAE28.NON_MATCHING,354266664,476,c
us,game,game_2062D0,func_151DB004,354267140,100,c
us,game,game_2062D0,func_151DB068,354267240,100,c
us,game,game_2062D0,func_151DB0CC,354267340,144,c
us,game,game_2062D0,func_151DB15C,354267484,144,c
us,game,game_2062D0,func_151DB1EC,354267628,144,c
us,game,game_2062D0,func_151DB27C,354267772,44,c
us,game,game_2062D0,func_151DB2A8,354267816,36,c
us,game,game_2062D0,func_151DB2CC,354267852,100,c
us,game,game_2062D0,func_151DB330,354267952,168,c
us,game,game_2062D0,func_151DB3D8,354268120,100,c
us,game,game_2062D0,func_151DB43C,354268220,144,c
us,game,game_2062D0,func_151DB4CC,354268364,260,c
us,game,game_2062D0,func_151DB5D0,354268624,0,asm
us,game,game_2062D0,func_151DB5D0.NON_MATCHING,354268624,940,c
us,game,game_2062D0,func_151DB97C,354269564,0,asm
us,game,game_2062D0,func_151DB97C.NON_MATCHING,354269564,300,c
us,game,game_2062D0,func_151DBAA8.NON_MATCHING,354269864,0,c
us,game,game_2062D0,func_151DBAA8,354269864,300,asm
us,game,game_2062D0,func_151DBBD4,354270164,232,c
us,game,game_2062D0,func_151DBCBC,354270396,0,asm
us,game,game_2062D0,func_151DBCBC.NON_MATCHING,354270396,452,c
us,game,game_2062D0,func_151DBE80,354270848,0,asm
us,game,game_2062D0,func_151DBE80.NON_MATCHING,354270848,436,c
us,game,game_2062D0,func_151DC034.NON_MATCHING,354271284,0,c
us,game,game_2062D0,func_151DC034,354271284,556,asm
us,game,game_2062D0,func_151DC260,354271840,0,asm
us,game,game_2062D0,func_151DC260.NON_MATCHING,354271840,548,c
us,game,game_2062D0,func_151DC484,354272388,0,asm
us,game,game_2062D0,func_151DC484.NON_MATCHING,354272388,540,c
us,game,209B50,func_151DC6A0.NON_MATCHING,354272928,0,asm
us,game,209B50,func_151DC6A0,354272928,540,asm
us,game,209B50,func_151DC8BC,354273468,0,asm
us,game,209B50,func_151DC8BC.NON_MATCHING,354273468,192,asm
us,game,209B50,func_151DC97C,354273660,0,asm
us,game,209B50,func_151DC97C.NON_MATCHING,354273660,1124,asm
us,game,20A290,func_151DCDE0.NON_MATCHING,354274784,0,asm
us,game,20A290,func_151DCDE0,354274784,272,asm
us,game,20A3A0,func_151DCEF0,354275056,0,asm
us,game,20A3A0,func_151DCEF0.NON_MATCHING,354275056,232,asm
us,game,20A3A0,func_151DCFD8.NON_MATCHING,354275288,0,asm
us,game,20A3A0,func_151DCFD8,354275288,360,asm
us,game,20A5F0,func_151DD140.NON_MATCHING,354275648,0,asm
us,game,20A5F0,func_151DD140,354275648,452,asm
us,game,20A5F0,func_151DD304.NON_MATCHING,354276100,0,asm
us,game,20A5F0,func_151DD304,354276100,156,asm
us,game,20A850,func_151DD3A0,354276256,0,asm
us,game,20A850,func_151DD3A0.NON_MATCHING,354276256,192,asm
us,game,20A910,func_151DD460.NON_MATCHING,354276448,0,asm
us,game,20A910,func_151DD460,354276448,128,asm
us,game,20A990,func_151DD4E0,354276576,0,asm
us,game,20A990,func_151DD4E0.NON_MATCHING,354276576,380,asm
us,game,20A990,func_151DD65C,354276956,0,asm
us,game,20A990,func_151DD65C.NON_MATCHING,354276956,180,asm
us,game,20A990,func_151DD710.NON_MATCHING,354277136,0,asm
us,game,20A990,func_151DD710,354277136,432,asm
us,game,20A990,func_151DD8C0.NON_MATCHING,354277568,0,asm
us,game,20A990,func_151DD8C0,354277568,176,asm
us,game,20AE20,func_151DD970.NON_MATCHING,354277744,0,asm
us,game,20AE20,func_151DD970,354277744,116,asm
us,game,20AE20,func_151DD9E4,354277860,0,asm
us,game,20AE20,func_151DD9E4.NON_MATCHING,354277860,432,asm
us,game,20AE20,func_151DDB94.NON_MATCHING,354278292,0,asm
us,game,20AE20,func_151DDB94,354278292,12,asm
us,game,20AE20,func_151DDBA0.NON_MATCHING,354278304,0,asm
us,game,20AE20,func_151DDBA0,354278304,128,asm
us,game,20AE20,func_151DDC20.NON_MATCHING,354278432,0,asm
us,game,20AE20,func_151DDC20,354278432,2740,asm
us,game,20AE20,func_151DE6D4.NON_MATCHING,354281172,0,asm
us,game,20AE20,func_151DE6D4,354281172,256,asm
us,game,20AE20,func_151DE7D4,354281428,0,asm
us,game,20AE20,func_151DE7D4.NON_MATCHING,354281428,72,asm
us,game,20AE20,func_151DE81C,354281500,0,asm
us,game,20AE20,func_151DE81C.NON_MATCHING,354281500,64,asm
us,game,20AE20,func_151DE85C,354281564,0,asm
us,game,20AE20,func_151DE85C.NON_MATCHING,354281564,140,asm
us,game,20AE20,func_151DE8E8,354281704,0,asm
us,game,20AE20,func_151DE8E8.NON_MATCHING,354281704,8,asm
us,game,20AE20,func_151DE8F0.NON_MATCHING,354281712,0,asm
us,game,20AE20,func_151DE8F0,354281712,1896,asm
us,game,20AE20,.L151DF058,354283608,16,asm
us,game,20AE20,.L151DF068,354283624,16,asm
us,game,20AE20,.L151DF078,354283640,60,asm
us,game,20AE20,.L151DF0B4,354283700,16,asm
us,game,20AE20,.L151DF0C4,354283716,16,asm
us,game,20AE20,.L151DF0D4,354283732,16,asm
us,game,20AE20,.L151DF0E4,354283748,16,asm
us,game,20AE20,.L151DF0F4,354283764,16,asm
us,game,20AE20,.L151DF104,354283780,168,asm
us,game,20AE20,.L151DF1AC,354283948,16,asm
us,game,20AE20,func_151DF1BC.NON_MATCHING,354283964,0,asm
us,game,20AE20,func_151DF1BC,354283964,952,asm
us,game,20AE20,func_151DF574,354284916,0,asm
us,game,20AE20,func_151DF574.NON_MATCHING,354284916,2500,asm
us,game,20AE20,func_151DFF38.NON_MATCHING,354287416,0,asm
us,game,20AE20,func_151DFF38,354287416,1260,asm
us,game,20AE20,func_151E0424.NON_MATCHING,354288676,0,asm
us,game,20AE20,func_151E0424,354288676,1464,asm
us,game,20AE20,func_151E09DC.NON_MATCHING,354290140,0,asm
us,game,20AE20,func_151E09DC,354290140,404,asm
us,game,20AE20,func_151E0B70.NON_MATCHING,354290544,0,asm
us,game,20AE20,func_151E0B70,354290544,1700,asm
us,game,20AE20,func_151E1214.NON_MATCHING,354292244,0,asm
us,game,20AE20,func_151E1214,354292244,1328,asm
us,game,20AE20,func_151E1744,354293572,0,asm
us,game,20AE20,func_151E1744.NON_MATCHING,354293572,2880,asm
us,game,20AE20,func_151E2284,354296452,0,asm
us,game,20AE20,func_151E2284.NON_MATCHING,354296452,56,asm
us,game,20AE20,func_151E22BC.NON_MATCHING,354296508,0,asm
us,game,20AE20,func_151E22BC,354296508,200,asm
us,game,20AE20,.L151E2384,354296708,12,asm
us,game,20AE20,.L151E2390,354296720,20,asm
us,game,20AE20,.L151E23A4,354296740,12,asm
us,game,20AE20,.L151E23B0,354296752,16,asm
us,game,20AE20,.L151E23C0,354296768,32,asm
us,game,20AE20,.L151E23E0,354296800,36,asm
us,game,20AE20,func_151E2404,354296836,0,asm
us,game,20AE20,func_151E2404.NON_MATCHING,354296836,140,asm
us,game,20AE20,.L151E2490,354296976,12,asm
us,game,20AE20,.L151E249C,354296988,20,asm
us,game,20AE20,.L151E24B0,354297008,12,asm
us,game,20AE20,.L151E24BC,354297020,16,asm
us,game,20AE20,.L151E24CC,354297036,36,asm
us,game,20AE20,func_151E24F0,354297072,0,asm
us,game,20AE20,func_151E24F0.NON_MATCHING,354297072,836,asm
us,game,20AE20,func_151E2834.NON_MATCHING,354297908,0,asm
us,game,20AE20,func_151E2834,354297908,2192,asm
us,game,20AE20,func_151E30C4.NON_MATCHING,354300100,0,asm
us,game,20AE20,func_151E30C4,354300100,440,asm
us,game,20AE20,func_151E327C.NON_MATCHING,354300540,0,asm
us,game,20AE20,func_151E327C,354300540,200,asm
us,game,20AE20,func_151E3344,354300740,0,asm
us,game,20AE20,func_151E3344.NON_MATCHING,354300740,1920,asm
us,game,20AE20,.L151E3AC4,354302660,32,asm
us,game,20AE20,.L151E3AE4,354302692,24,asm
us,game,20AE20,.L151E3AFC,354302716,56,asm
us,game,20AE20,.L151E3B34,354302772,72,asm
us,game,20AE20,.L151E3B7C,354302844,40,asm
us,game,20AE20,.L151E3BA4,354302884,148,asm
us,game,20AE20,.L151E3C38,354303032,1580,asm
us,game,20AE20,func_151E4264,354304612,0,asm
us,game,20AE20,func_151E4264.NON_MATCHING,354304612,176,asm
us,game,20AE20,func_151E4314.NON_MATCHING,354304788,0,asm
us,game,20AE20,func_151E4314,354304788,200,asm
us,game,20AE20,func_151E43DC,354304988,0,asm
us,game,20AE20,func_151E43DC.NON_MATCHING,354304988,2044,asm
us,game,20AE20,func_151E4BD8.NON_MATCHING,354307032,0,asm
us,game,20AE20,func_151E4BD8,354307032,492,asm
us,game,20AE20,func_151E4DC4,354307524,0,asm
us,game,20AE20,func_151E4DC4.NON_MATCHING,354307524,20,asm
us,game,20AE20,func_151E4DD8,354307544,0,asm
us,game,20AE20,func_151E4DD8.NON_MATCHING,354307544,40,asm
us,game,20AE20,func_151E4E00,354307584,0,asm
us,game,20AE20,func_151E4E00.NON_MATCHING,354307584,100,asm
us,game,20AE20,func_151E4E64.NON_MATCHING,354307684,0,asm
us,game,20AE20,func_151E4E64,354307684,132,asm
us,game,20AE20,func_151E4EE8.NON_MATCHING,354307816,0,asm
us,game,20AE20,func_151E4EE8,354307816,332,asm
us,game,20AE20,func_151E5034.NON_MATCHING,354308148,0,asm
us,game,20AE20,func_151E5034,354308148,148,asm
us,game,20AE20,func_151E50C8.NON_MATCHING,354308296,0,asm
us,game,20AE20,func_151E50C8,354308296,292,asm
us,game,20AE20,func_151E51EC.NON_MATCHING,354308588,0,asm
us,game,20AE20,func_151E51EC,354308588,288,asm
us,game,20AE20,func_151E530C,354308876,0,asm
us,game,20AE20,func_151E530C.NON_MATCHING,354308876,220,asm
us,game,20AE20,func_151E53E8.NON_MATCHING,354309096,0,asm
us,game,20AE20,func_151E53E8,354309096,404,asm
us,game,20AE20,func_151E557C.NON_MATCHING,354309500,0,asm
us,game,20AE20,func_151E557C,354309500,44,asm
us,game,20AE20,func_151E55A8.NON_MATCHING,354309544,0,asm
us,game,20AE20,func_151E55A8,354309544,132,asm
us,game,20AE20,func_151E562C.NON_MATCHING,354309676,0,asm
us,game,20AE20,func_151E562C,354309676,32,asm
us,game,20AE20,func_151E564C.NON_MATCHING,354309708,0,asm
us,game,20AE20,func_151E564C,354309708,16,asm
us,game,20AE20,func_151E565C,354309724,0,asm
us,game,20AE20,func_151E565C.NON_MATCHING,354309724,1356,asm
us,game,20AE20,.L151E5BA8,354311080,8,asm
us,game,20AE20,.L151E5BB0,354311088,8,asm
us,game,20AE20,.L151E5BB8,354311096,28,asm
us,game,20AE20,.L151E5BD4,354311124,912,asm
us,game,20AE20,func_151E5F64.NON_MATCHING,354312036,0,asm
us,game,20AE20,func_151E5F64,354312036,72,asm
us,game,20AE20,func_151E5FAC,354312108,0,asm
us,game,20AE20,func_151E5FAC.NON_MATCHING,354312108,72,asm
us,game,20AE20,func_151E5FF4,354312180,0,asm
us,game,20AE20,func_151E5FF4.NON_MATCHING,354312180,2416,asm
us,game,20AE20,func_151E6964.NON_MATCHING,354314596,0,asm
us,game,20AE20,func_151E6964,354314596,664,asm
us,game,20AE20,func_151E6BFC.NON_MATCHING,354315260,0,asm
us,game,20AE20,func_151E6BFC,354315260,32,asm
us,game,20AE20,func_151E6C1C,354315292,0,asm
us,game,20AE20,func_151E6C1C.NON_MATCHING,354315292,4516,asm
us,game,20AE20,func_151E7DC0.NON_MATCHING,354319808,0,asm
us,game,20AE20,func_151E7DC0,354319808,220,asm
us,game,20AE20,func_151E7E9C,354320028,0,asm
us,game,20AE20,func_151E7E9C.NON_MATCHING,354320028,92,asm
us,game,20AE20,func_151E7EF8.NON_MATCHING,354320120,0,asm
us,game,20AE20,func_151E7EF8,354320120,104,asm
us,game,20AE20,func_151E7F60,354320224,0,asm
us,game,20AE20,func_151E7F60.NON_MATCHING,354320224,652,asm
us,game,20AE20,func_151E81EC.NON_MATCHING,354320876,0,asm
us,game,20AE20,func_151E81EC,354320876,40,asm
us,game,20AE20,func_151E8214,354320916,0,asm
us,game,20AE20,func_151E8214.NON_MATCHING,354320916,164,asm
us,game,20AE20,func_151E82B8,354321080,0,asm
us,game,20AE20,func_151E82B8.NON_MATCHING,354321080,304,asm
us,game,20AE20,func_151E83E8,354321384,0,asm
us,game,20AE20,func_151E83E8.NON_MATCHING,354321384,200,asm
us,game,215960,func_151E84B0.NON_MATCHING,354321584,0,asm
us,game,215960,func_151E84B0,354321584,368,asm
us,game,215960,func_151E8620.NON_MATCHING,354321952,0,asm
us,game,215960,func_151E8620,354321952,196,asm
us,game,215960,func_151E86E4.NON_MATCHING,354322148,0,asm
us,game,215960,func_151E86E4,354322148,700,asm
us,game,215960,func_151E89A0,354322848,0,asm
us,game,215960,func_151E89A0.NON_MATCHING,354322848,3276,asm
us,game,215960,func_151E966C,354326124,0,asm
us,game,215960,func_151E966C.NON_MATCHING,354326124,1708,asm
us,game,215960,func_151E9D18,354327832,0,asm
us,game,215960,func_151E9D18.NON_MATCHING,354327832,1092,asm
us,game,215960,func_151EA15C,354328924,0,asm
us,game,215960,func_151EA15C.NON_MATCHING,354328924,3232,asm
us,game,215960,func_151EADFC.NON_MATCHING,354332156,0,asm
us,game,215960,func_151EADFC,354332156,624,asm
us,game,215960,func_151EB06C,354332780,0,asm
us,game,215960,func_151EB06C.NON_MATCHING,354332780,2244,asm
us,game,215960,func_151EB930,354335024,0,asm
us,game,215960,func_151EB930.NON_MATCHING,354335024,60,asm
us,game,215960,func_151EB96C.NON_MATCHING,354335084,0,asm
us,game,215960,func_151EB96C,354335084,484,asm
us,game,215960,func_151EBB50.NON_MATCHING,354335568,0,asm
us,game,215960,func_151EBB50,354335568,1576,asm
us,game,215960,func_151EC178,354337144,0,asm
us,game,215960,func_151EC178.NON_MATCHING,354337144,120,asm
us,game,215960,func_151EC1F0.NON_MATCHING,354337264,0,asm
us,game,215960,func_151EC1F0,354337264,504,asm
us,game,215960,func_151EC3E8,354337768,0,asm
us,game,215960,func_151EC3E8.NON_MATCHING,354337768,608,asm
us,game,215960,func_151EC648,354338376,0,asm
us,game,215960,func_151EC648.NON_MATCHING,354338376,2644,asm
us,game,215960,func_151ED09C.NON_MATCHING,354341020,0,asm
us,game,215960,func_151ED09C,354341020,324,asm
us,game,215960,func_151ED1E0.NON_MATCHING,354341344,0,asm
us,game,215960,func_151ED1E0,354341344,188,asm
us,game,215960,func_151ED29C.NON_MATCHING,354341532,0,asm
us,game,215960,func_151ED29C,354341532,404,asm
us,game,215960,func_151ED430,354341936,0,asm
us,game,215960,func_151ED430.NON_MATCHING,354341936,1244,asm
us,game,215960,func_151ED90C,354343180,0,asm
us,game,215960,func_151ED90C.NON_MATCHING,354343180,588,asm
us,game,215960,func_151EDB58.NON_MATCHING,354343768,0,asm
us,game,215960,func_151EDB58,354343768,132,asm
us,game,215960,func_151EDBDC.NON_MATCHING,354343900,0,asm
us,game,215960,func_151EDBDC,354343900,880,asm
us,game,215960,func_151EDF4C,354344780,0,asm
us,game,215960,func_151EDF4C.NON_MATCHING,354344780,568,asm
us,game,215960,func_151EE184.NON_MATCHING,354345348,0,asm
us,game,215960,func_151EE184,354345348,2660,asm
us,game,215960,func_151EEBE8,354348008,0,asm
us,game,215960,func_151EEBE8.NON_MATCHING,354348008,1032,asm
us,game,215960,func_151EEFF0.NON_MATCHING,354349040,0,asm
us,game,215960,func_151EEFF0,354349040,80,asm
us,game,21C4F0,func_151EF040.NON_MATCHING,354349120,0,asm
us,game,21C4F0,func_151EF040,354349120,64,asm
us,game,21C4F0,func_151EF080.NON_MATCHING,354349184,0,asm
us,game,21C4F0,func_151EF080,354349184,16,asm
us,game,21C540,func_151EF090.NON_MATCHING,354349200,0,asm
us,game,21C540,func_151EF090,354349200,504,asm
us,game,21C540,func_151EF288,354349704,0,asm
us,game,21C540,func_151EF288.NON_MATCHING,354349704,208,asm
us,game,21C540,func_151EF358,354349912,0,asm
us,game,21C540,func_151EF358.NON_MATCHING,354349912,248,asm
us,game,pfsinit2,osPfsInit2,354350160,0,asm
us,game,pfsinit2,osPfsInit2.NON_MATCHING,354350160,180,asm
us,game,pfsinit2,func_151EF504,354350340,0,asm
us,game,pfsinit2,func_151EF504.NON_MATCHING,354350340,268,asm
us,game,21CAC0,func_151EF610.NON_MATCHING,354350608,0,asm
us,game,21CAC0,func_151EF610,354350608,48,asm
us,game,21CAF0,func_151EF640,354350656,0,asm
us,game,21CAF0,func_151EF640.NON_MATCHING,354350656,448,asm
us,game,21CCB0,func_151EF800.NON_MATCHING,354351104,0,asm
us,game,21CCB0,func_151EF800,354351104,340,asm
us,game,21CCB0,func_151EF954,354351444,0,asm
us,game,21CCB0,func_151EF954.NON_MATCHING,354351444,108,asm
us,game,21CE70,func_151EF9C0.NON_MATCHING,354351552,0,asm
us,game,21CE70,func_151EF9C0,354351552,224,asm
us,game,contreaddata2,osContStartReadData2.NON_MATCHING,354351776,0,asm
us,game,contreaddata2,osContStartReadData2,354351776,196,asm
us,game,contreaddata2,osContGetReadData2,354351972,0,asm
us,game,contreaddata2,osContGetReadData2.NON_MATCHING,354351972,168,asm
us,game,contreaddata2,__osPackReadData2,354352140,0,asm
us,game,contreaddata2,__osPackReadData2.NON_MATCHING,354352140,244,asm
us,game,21D1B0,guMtxF2L2.NON_MATCHING,354352384,0,asm
us,game,21D1B0,guMtxF2L2,354352384,256,asm
us,game,21D1B0,func_151EFE00.NON_MATCHING,354352640,0,asm
us,game,21D1B0,func_151EFE00,354352640,136,asm
us,game,21D1B0,func_151EFE88,354352776,0,asm
us,game,21D1B0,func_151EFE88.NON_MATCHING,354352776,48,asm
us,game,21D1B0,guMtxL2F,354352824,0,asm
us,game,21D1B0,guMtxL2F.NON_MATCHING,354352824,184,asm
us,game,21D420,func_151EFF70,354353008,0,asm
us,game,21D420,func_151EFF70.NON_MATCHING,354353008,36,asm
us,game,21D420,func_151EFF94.NON_MATCHING,354353044,0,asm
us,game,21D420,func_151EFF94,354353044,92,asm
us,game,guNormalize,guNormalize,354353136,0,asm
us,game,guNormalize,guNormalize.NON_MATCHING,354353136,144,c
us,game,mtxcatl,guMtxXFML,354353280,96,c
us,game,mtxcatl,guMtxCatL,354353376,96,c
us,game,game_21D5F0,guMtxXFMF,354353472,0,asm
us,game,game_21D5F0,guMtxXFMF.NON_MATCHING,354353472,160,c
us,game,game_21D5F0,guMtxCatF,354353632,0,asm
us,game,game_21D5F0,guMtxCatF.NON_MATCHING,354353632,368,c
us,game,siacs2,__osSiCreateAccessQueue2.NON_MATCHING,354354000,0,asm
us,game,siacs2,__osSiCreateAccessQueue2,354354000,80,asm
us,game,siacs2,__osSiGetAccess2.NON_MATCHING,354354080,0,asm
us,game,siacs2,__osSiGetAccess2,354354080,68,asm
us,game,siacs2,__osSiRelAccess2,354354148,0,asm
us,game,siacs2,__osSiRelAccess2.NON_MATCHING,354354148,44,asm
us,game,sirawdma2,__osSiRawStartDma2.NON_MATCHING,354354192,0,asm
us,game,sirawdma2,__osSiRawStartDma2,354354192,176,asm
us,game,gettime2,getTime2,354354368,0,asm
us,game,gettime2,getTime2.NON_MATCHING,354354368,144,asm
us,game,contpfs2,__osSumcalc2,354354512,0,asm
us,game,contpfs2,__osSumcalc2.NON_MATCHING,354354512,92,asm
us,game,contpfs2,__osIdCheckSum2,354354604,0,asm
us,game,contpfs2,__osIdCheckSum2.NON_MATCHING,354354604,104,asm
us,game,contpfs2,__osRepairPackId2,354354708,0,asm
us,game,contpfs2,__osRepairPackId2.NON_MATCHING,354354708,1048,asm
us,game,contpfs2,__osCheckPackId2,354355756,0,asm
us,game,contpfs2,__osCheckPackId2.NON_MATCHING,354355756,408,asm
us,game,contpfs2,__osGetId2.NON_MATCHING,354356164,0,asm
us,game,contpfs2,__osGetId2,354356164,604,asm
us,game,contpfs2,__osCheckId2.NON_MATCHING,354356768,0,asm
us,game,contpfs2,__osCheckId2,354356768,252,asm
us,game,contpfs2,__osPfsRWInode2,354357020,0,asm
us,game,contpfs2,__osPfsRWInode2.NON_MATCHING,354357020,800,asm
us,game,contpfs2,__osPfsSelectBank2,354357820,0,asm
us,game,contpfs2,__osPfsSelectBank2.NON_MATCHING,354357820,116,asm
us,game,pfschecker2,osPfsChecker2.NON_MATCHING,354357936,0,c
us,game,pfschecker2,osPfsChecker2,354357936,1732,asm
us,game,pfschecker2,corrupted_init2,354359668,0,asm
us,game,pfschecker2,corrupted_init2.NON_MATCHING,354359668,436,c
us,game,pfschecker2,corrupted2,354360104,0,asm
us,game,pfschecker2,corrupted2.NON_MATCHING,354360104,488,c
us,game,pfsisplug2,osPfsIsPlug2,354360592,0,asm
us,game,pfsisplug2,osPfsIsPlug2.NON_MATCHING,354360592,416,c
us,game,pfsisplug2,__osPfsRequestData2.NON_MATCHING,354361008,0,c
us,game,pfsisplug2,__osPfsRequestData2,354361008,252,asm
us,game,pfsisplug2,__osPfsGetInitData2,354361260,0,asm
us,game,pfsisplug2,__osPfsGetInitData2.NON_MATCHING,354361260,212,c
us,game,contramread2,__osContRamRead2,354361472,0,asm
us,game,contramread2,__osContRamRead2.NON_MATCHING,354361472,580,asm
us,game,contramread2,__osPackRamReadData2,354362052,0,asm
us,game,contramread2,__osPackRamReadData2.NON_MATCHING,354362052,364,asm
us,game,contramwrite2,__osContRamWrite2.NON_MATCHING,354362416,0,asm
us,game,contramwrite2,__osContRamWrite2,354362416,560,asm
us,game,contramwrite2,__osPackRamWriteData2,354362976,0,asm
us,game,contramwrite2,__osPackRamWriteData2.NON_MATCHING,354362976,384,asm
us,game,game_21FC90,func_151F27E0.NON_MATCHING,354363360,0,c
us,game,game_21FC90,func_151F27E0,354363360,176,asm
us,game,game_21FC90,func_151F2890.NON_MATCHING,354363536,0,c
us,game,game_21FC90,func_151F2890,354363536,208,asm
us,game,game_21FC90,func_151F2960,354363744,584,c
us,game,game_21FC90,func_151F2BA8,354364328,64,c
us,game,game_21FC90,func_151F2BE8.NON_MATCHING,354364392,0,c
us,game,game_21FC90,func_151F2BE8,354364392,100,asm
us,game,game_21FC90,func_151F2C4C.NON_MATCHING,354364492,0,c
us,game,game_21FC90,func_151F2C4C,354364492,144,asm
us,game,game_21FC90,func_151F2CDC.NON_MATCHING,354364636,0,c
us,game,game_21FC90,func_151F2CDC,354364636,144,asm
us,game,game_21FC90,func_151F2D6C,354364780,0,asm
us,game,game_21FC90,func_151F2D6C.NON_MATCHING,354364780,144,c
us,game,game_21FC90,func_151F2DFC,354364924,80,c
us,game,game_21FC90,func_151F2E4C,354365004,60,c
us,game,game_21FC90,func_151F2E88.NON_MATCHING,354365064,0,c
us,game,game_21FC90,func_151F2E88,354365064,2908,asm
us,game,game_21FC90,func_151F39E4,354367972,0,asm
us,game,game_21FC90,func_151F39E4.NON_MATCHING,354367972,568,c
us,game,game_21FC90,func_151F3C1C,354368540,24,c
us,game,game_21FC90,func_151F3C34,354368564,24,c
us,game,game_21FC90,func_151F3C4C.NON_MATCHING,354368588,0,c
us,game,game_21FC90,func_151F3C4C,354368588,300,asm
us,game,game_21FC90,func_151F3D78.NON_MATCHING,354368888,0,c
us,game,game_21FC90,func_151F3D78,354368888,104,asm
us,game,game_221290,func_151F3DE0,354368992,0,asm
us,game,game_221290,func_151F3DE0.NON_MATCHING,354368992,1288,c
us,game,game_221290,func_151F42E8,354370280,0,asm
us,game,game_221290,func_151F42E8.NON_MATCHING,354370280,3152,c
us,game,game_221290,func_151F4F38.NON_MATCHING,354373432,0,c
us,game,game_221290,func_151F4F38,354373432,2132,asm
us,game,game_221290,func_151F578C,354375564,0,asm
us,game,game_221290,func_151F578C.NON_MATCHING,354375564,3128,c
us,game,game_221290,func_151F63C4,354378692,0,asm
us,game,game_221290,func_151F63C4.NON_MATCHING,354378692,1452,c
us,game,game_221290,func_151F6970.NON_MATCHING,354380144,0,c
us,game,game_221290,func_151F6970,354380144,440,asm
us,game,game_221290,func_151F6B28.NON_MATCHING,354380584,0,c
us,game,game_221290,func_151F6B28,354380584,1192,asm
us,game,game_221290,func_151F6FD0.NON_MATCHING,354381776,0,c
us,game,game_221290,func_151F6FD0,354381776,2276,asm
us,game,game_221290,func_151F78B4,354384052,0,asm
us,game,game_221290,func_151F78B4.NON_MATCHING,354384052,1708,c
us,game,game_221290,func_151F7F60,354385760,0,asm
us,game,game_221290,func_151F7F60.NON_MATCHING,354385760,296,c
us,game,game_221290,func_151F8088.NON_MATCHING,354386056,0,c
us,game,game_221290,func_151F8088,354386056,1340,asm
us,game,game_221290,func_151F85C4,354387396,0,asm
us,game,game_221290,func_151F85C4.NON_MATCHING,354387396,236,c
us,game,game_221290,func_151F86B0,354387632,0,asm
us,game,game_221290,func_151F86B0.NON_MATCHING,354387632,448,c
us,game,225D20,func_151F8870.NON_MATCHING,354388080,0,asm
us,game,225D20,func_151F8870,354388080,188,asm
us,game,225D20,func_151F892C.NON_MATCHING,354388268,0,asm
us,game,225D20,func_151F892C,354388268,52,asm
us,game,225D20,func_151F8960.NON_MATCHING,354388320,0,asm
us,game,225D20,func_151F8960,354388320,52,asm
us,game,225D20,func_151F8994,354388372,0,asm
us,game,225D20,func_151F8994.NON_MATCHING,354388372,440,asm
us,game,225D20,func_151F8B4C.NON_MATCHING,354388812,0,asm
us,game,225D20,func_151F8B4C,354388812,420,asm
us,game,225D20,func_151F8CF0.NON_MATCHING,354389232,0,asm
us,game,225D20,func_151F8CF0,354389232,3840,asm
us,game,2270A0,func_151F9BF0.NON_MATCHING,354393072,0,asm
us,game,2270A0,func_151F9BF0,354393072,1344,asm
